url,status,redirectTo,finalUrl,finalStatus,xRobotsTag,ms,htmlKB,metaRefresh,title,titleLen,description,descriptionLen,robotsMeta,canonical,ogImage,hreflang,h1Count,h1,jsonLdTypes,bodyChars,imgCount,imgNoAlt,internalLinks,lineLinks,telLinks
"https://new.thrivewellnessth.com/","200","","https://new.thrivewellnessth.com/","200","noindex, nofollow, noarchive","307","33","","Thrive Wellness Clinic กรุงเทพ — ดูแลสุขภาพองค์รวมระดับเซลล์","60","คลินิก Functional Medicine กรุงเทพฯ — ตรวจ Food Sensitivity ภาวะความไวต่ออาหาร, Adrenal Fatigue, IV Drip, HBOT, ฮอร์โมน ดูแลโดยแพทย์เฉพาะทาง Anti-aging เปิดทุกวัน 10:00–19:00","174","index, follow","https://new.thrivewellnessth.com/","https://new.thrivewellnessth.com/og-image.jpg","th-TH=https://new.thrivewellnessth.com/ | x-default=https://new.thrivewellnessth.com/","1","เหนื่อยไม่หาย ไม่ใช่เรื่องปกติ","WebSite MedicalClinic PostalAddress OpeningHoursSpecification GeoCoordinates Physician FAQPage Question Answer","5510","8","0","45","1","1"
"https://new.thrivewellnessth.com/about/","200","","https://new.thrivewellnessth.com/about/","200","noindex, nofollow, noarchive","364","33","","รู้จัก Thrive Wellness Clinic ลาดพร้าว | หมอนุ่น พญ.ชนากานต์","60","รู้จัก Thrive Wellness Clinic คลินิกสุขภาพเชิงลึกที่ The Crystal Park ลาดพร้าว นำโดย พญ.ชนากานต์ ตระหง่านศรี (หมอนุ่น) แพทย์ Anti-aging — โทร 095-934-9640","154","index, follow","https://new.thrivewellnessth.com/about","https://new.thrivewellnessth.com/about-hero-1200x630.jpg","th-TH=https://new.thrivewellnessth.com/about | x-default=https://new.thrivewellnessth.com/about","1","Thrive Wellness Clinic ดูแลสุขภาพให้ลึกกว่าที่เคย","MedicalClinic PostalAddress GeoCoordinates OpeningHoursSpecification Physician Person AboutPage FAQPage Question Answer BreadcrumbList ListItem","6235","4","0","42","3","4"
"https://new.thrivewellnessth.com/adrenal-fatigue/","200","","https://new.thrivewellnessth.com/adrenal-fatigue/","200","noindex, nofollow, noarchive","257","60","","ต่อมหมวกไตล้า Adrenal Fatigue อาการ รักษา | Thrive Wellness","59","ภาวะต่อมหมวกไตล้า (Adrenal Fatigue) อ่อนเพลียเรื้อรัง ง่วงตลอดวัน อยากของหวาน อาจมาจาก Cortisol ไม่สมดุล ตรวจและรักษาโดยแพทย์ Anti-aging ที่ลาดพร้าว","148","index, follow","https://new.thrivewellnessth.com/adrenal-fatigue","https://new.thrivewellnessth.com/adrenal-fatigue-hero-1200x630.jpg","th-TH=https://new.thrivewellnessth.com/adrenal-fatigue | x-default=https://new.thrivewellnessth.com/adrenal-fatigue","1","ภาวะต่อมหมวกไตล้า Adrenal Fatigue","Physician MedicalClinic PostalAddress GeoCoordinates OpeningHoursSpecification MedicalCondition MedicalTherapy FAQPage Question Answer BreadcrumbList ListItem","9735","5","0","43","2","3"
"https://new.thrivewellnessth.com/allergy-ige/","200","","https://new.thrivewellnessth.com/allergy-ige/","200","noindex, nofollow, noarchive","812","41","","ตรวจภูมิแพ้ IgE อาหาร ฝุ่น ขนสัตว์ กรุงเทพ | Thrive Wellness","60","ตรวจภูมิแพ้ IgE ครอบคลุมอาหาร ละอองเกสร ฝุ่น ขนสัตว์ รู้สาเหตุจริงของผื่น จาม น้ำมูก พร้อมคำปรึกษาแพทย์ที่ Thrive Wellness Clinic ลาดพร้าว กรุงเทพฯ","147","index, follow","https://new.thrivewellnessth.com/allergy-ige","https://new.thrivewellnessth.com/allergy-ige-hero-1200x630.jpg","th-TH=https://new.thrivewellnessth.com/allergy-ige | x-default=https://new.thrivewellnessth.com/allergy-ige","1","จาม ผื่น หายใจไม่ออก ร่างกายกำลังบอกอะไรคุณอยู่","MedicalClinic PostalAddress GeoCoordinates Physician MedicalTest MedicalCondition FAQPage Question Answer BreadcrumbList ListItem","8078","4","0","45","3","4"
"https://new.thrivewellnessth.com/bach-flower/","200","","https://new.thrivewellnessth.com/bach-flower/","200","noindex, nofollow, noarchive","590","34","","Bach Flower Remedies สมดุลอารมณ์ กรุงเทพ | Thrive Wellness","58","Bach Flower Remedies กรุงเทพ ที่ Thrive Wellness ลาดพร้าว สารสกัดดอกไม้ 38 ชนิดของ Dr. Edward Bach ช่วยสมดุลอารมณ์ ลดความเครียด ความกังวล และภาวะหมดไฟ","150","index, follow","https://new.thrivewellnessth.com/bach-flower","https://new.thrivewellnessth.com/bach-flower-hero-1200x630.jpg","th-TH=https://new.thrivewellnessth.com/bach-flower | x-default=https://new.thrivewellnessth.com/bach-flower","1","Bach Flower Remedies: สมดุลอารมณ์ด้วยสารสกัดดอกไม้ 38 ชนิด","MedicalClinic PostalAddress GeoCoordinates OpeningHoursSpecification Service FAQPage Question Answer","6677","4","0","43","2","3"
"https://new.thrivewellnessth.com/blog/","200","","https://new.thrivewellnessth.com/blog/","200","noindex, nofollow, noarchive","103","111","","บทความสุขภาพจากทีมแพทย์ | Thrive Wellness Clinic","48","บทความสุขภาพจากทีมแพทย์ Thrive Wellness Clinic กรุงเทพฯ — ฮอร์โมน โภชนาการ Food Sensitivity ภาวะความไวต่ออาหาร สุขภาพจิต ภูมิคุ้มกัน และเวชศาสตร์ชะลอวัย อ่านฟรีทุกบทความ","169","index, follow","https://new.thrivewellnessth.com/blog","https://new.thrivewellnessth.com/og-image.jpg","th-TH=https://new.thrivewellnessth.com/blog | x-default=https://new.thrivewellnessth.com/blog","1","บทความสุขภาพ","Blog Organization ImageObject ItemList ListItem BreadcrumbList","23561","85","0","288","0","1"
"https://new.thrivewellnessth.com/blog/_gaba/","200","","https://new.thrivewellnessth.com/blog/_gaba/","200","noindex, nofollow, noarchive","596","46","","GABA (กาบา) คืออะไร? สารสื่อประสาทแห่งการผ่อนคลาย ช่วยนอนหลับลึก และ 9","70","GABA (กาบา) สารสื่อประสาทยับยั้งหลักของสมอง ช่วยนอนหลับสนิท ลดวิตกกังวล ควบคุมความดัน รู้จัก GABA จากจมูกข้าว Fermented GABA แหล่งอาหาร และวิธีเสริมอย่างปลอดภัย","160","index, follow","https://new.thrivewellnessth.com/blog/_gaba","https://cdn.sanity.io/images/fc8ot1td/production/dbf45d7a357281482b8de0ffc372179cd2e61396-7952x5304.jpg?rect=0,565,7952,4175&#38;w=1200&#38;h=630&#38;auto=format","th-TH=https://new.thrivewellnessth.com/blog/_gaba | x-default=https://new.thrivewellnessth.com/blog/_gaba","1","GABA (กาบา) คืออะไร? สารสื่อประสาทแห่งการผ่อนคลาย ช่วยนอนหลับลึก และ 9 ประโยชน์","BlogPosting MedicalWebPage WebPage Organization ImageObject MedicalAudience BreadcrumbList ListItem FAQPage Question Answer","16741","4","0","42","1","2"
"https://new.thrivewellnessth.com/blog/_pcos/","200","","https://new.thrivewellnessth.com/blog/_pcos/","200","noindex, nofollow, noarchive","395","35","","PMOS ถุงน้ำรังไข่หลายใบ สาเหตุ อาการ วิธีรักษา | Thrive Wellness","64","PMOS (Polyendocrine Metabolic Ovarian Syndrome) ถุงน้ำรังไข่หลายใบ สาเหตุ อาการ ประจำเดือนผิดปกติ ขนดก สิว วิธีรักษาและดูแล — แพทย์อธิบายครบ ปรึกษาฟรีที่ Thrive","160","index, follow","https://new.thrivewellnessth.com/blog/_pcos","https://cdn.sanity.io/images/fc8ot1td/production/1d9e3cd383689c4192674efc2d04372bd7d227e9-6720x4480.jpg?rect=0,476,6720,3528&#38;w=1200&#38;h=630&#38;auto=format","th-TH=https://new.thrivewellnessth.com/blog/_pcos | x-default=https://new.thrivewellnessth.com/blog/_pcos","1","PMOS ถุงน้ำรังไข่หลายใบ เข้าใจให้ถูก รักษาให้ตรง","BlogPosting MedicalWebPage WebPage Organization ImageObject MedicalAudience BreadcrumbList ListItem FAQPage Question Answer","9566","4","0","48","2","3"
"https://new.thrivewellnessth.com/blog/%E0%B8%84%E0%B8%B9%E0%B9%88%E0%B8%A1%E0%B8%B7%E0%B8%AD%E0%B8%97%E0%B8%B2%E0%B8%99%E0%B8%A7%E0%B8%B4%E0%B8%95%E0%B8%B2%E0%B8%A1%E0%B8%B4%E0%B8%99%E0%B8%8B%E0%B8%B5/","200","","https://new.thrivewellnessth.com/blog/%E0%B8%84%E0%B8%B9%E0%B9%88%E0%B8%A1%E0%B8%B7%E0%B8%AD%E0%B8%97%E0%B8%B2%E0%B8%99%E0%B8%A7%E0%B8%B4%E0%B8%95%E0%B8%B2%E0%B8%A1%E0%B8%B4%E0%B8%99%E0%B8%8B%E0%B8%B5/","200","noindex, nofollow, noarchive","534","42","","วิตามินซี กินตอนไหน กินเท่าไร? คู่มือจากแพทย์ | Thrive","54","กินตอนเช้าหรือเย็น? วันละกี่ mg ถึงพอดี? แพทย์ตอบครบ — RDA ตามอายุ วิตามินซี 6 ประเภท การดูดซึม ผลข้างเคียง สิ่งที่ไม่ควรกินร่วมกัน ปรึกษาแพทย์ฟรีที่ Thrive ลาดพร้าว","165","index, follow","https://new.thrivewellnessth.com/blog/%E0%B8%84%E0%B8%B9%E0%B9%88%E0%B8%A1%E0%B8%B7%E0%B8%AD%E0%B8%97%E0%B8%B2%E0%B8%99%E0%B8%A7%E0%B8%B4%E0%B8%95%E0%B8%B2%E0%B8%A1%E0%B8%B4%E0%B8%99%E0%B8%8B%E0%B8%B5","https://cdn.sanity.io/images/fc8ot1td/production/ccdd3bdcf1aaecc06a489af5b8de8ba53385d3f1-6720x4480.jpg?rect=0,476,6720,3528&#38;w=1200&#38;h=630&#38;auto=format","th-TH=https://new.thrivewellnessth.com/blog/%E0%B8%84%E0%B8%B9%E0%B9%88%E0%B8%A1%E0%B8%B7%E0%B8%AD%E0%B8%97%E0%B8%B2%E0%B8%99%E0%B8%A7%E0%B8%B4%E0%B8%95%E0%B8%B2%E0%B8%A1%E0%B8%B4%E0%B8%99%E0%B8%8B%E0%B8%B5 | x-default=https://new.thrivewellnessth.com/blog/%E0%B8%84%E0%B8%B9%E0%B9%88%E0%B8%A1%E0%B8%B7%E0%B8%AD%E0%B8%97%E0%B8%B2%E0%B8%99%E0%B8%A7%E0%B8%B4%E0%B8%95%E0%B8%B2%E0%B8%A1%E0%B8%B4%E0%B8%99%E0%B8%8B%E0%B8%B5","1","วิตามินซี กินตอนไหน กินเท่าไร? คู่มือฉบับสมบูรณ์จากแพทย์ — ตอบทุกคำถาม","BlogPosting MedicalWebPage WebPage Organization ImageObject MedicalAudience BreadcrumbList ListItem FAQPage Question Answer","13310","4","0","42","2","3"
"https://new.thrivewellnessth.com/blog/%E0%B8%95%E0%B8%A3%E0%B8%A7%E0%B8%88%E0%B8%A0%E0%B8%B9%E0%B8%A1%E0%B8%B4%E0%B9%81%E0%B8%9E%E0%B9%89%E0%B8%AD%E0%B8%B2%E0%B8%AB%E0%B8%B2%E0%B8%A3%E0%B9%81%E0%B8%9D%E0%B8%87-igg/","200","","https://new.thrivewellnessth.com/blog/%E0%B8%95%E0%B8%A3%E0%B8%A7%E0%B8%88%E0%B8%A0%E0%B8%B9%E0%B8%A1%E0%B8%B4%E0%B9%81%E0%B8%9E%E0%B9%89%E0%B8%AD%E0%B8%B2%E0%B8%AB%E0%B8%B2%E0%B8%A3%E0%B9%81%E0%B8%9D%E0%B8%87-igg/","200","noindex, nofollow, noarchive","72","35","","ตรวจภูมิแพ้อาหารแฝง IgG คืออะไร ต่างจาก IgE อย่างไร | Thrive Wellness","69","ตรวจภูมิแพ้อาหารแฝง IgG ต่างจาก IgE อย่างไร อาการ สาเหตุ ขั้นตอนตรวจ 216 ชนิด — แพทย์อธิบายครบ ปรึกษาฟรีที่ Thrive ลาดพร้าว","123","index, follow","https://new.thrivewellnessth.com/blog/%E0%B8%95%E0%B8%A3%E0%B8%A7%E0%B8%88%E0%B8%A0%E0%B8%B9%E0%B8%A1%E0%B8%B4%E0%B9%81%E0%B8%9E%E0%B9%89%E0%B8%AD%E0%B8%B2%E0%B8%AB%E0%B8%B2%E0%B8%A3%E0%B9%81%E0%B8%9D%E0%B8%87-igg","https://cdn.sanity.io/images/fc8ot1td/production/854a1bbffaab7c26992bc4554bc01628525cdf8c-6720x4480.jpg?rect=0,476,6720,3528&#38;w=1200&#38;h=630&#38;auto=format","th-TH=https://new.thrivewellnessth.com/blog/%E0%B8%95%E0%B8%A3%E0%B8%A7%E0%B8%88%E0%B8%A0%E0%B8%B9%E0%B8%A1%E0%B8%B4%E0%B9%81%E0%B8%9E%E0%B9%89%E0%B8%AD%E0%B8%B2%E0%B8%AB%E0%B8%B2%E0%B8%A3%E0%B9%81%E0%B8%9D%E0%B8%87-igg | x-default=https://new.thrivewellnessth.com/blog/%E0%B8%95%E0%B8%A3%E0%B8%A7%E0%B8%88%E0%B8%A0%E0%B8%B9%E0%B8%A1%E0%B8%B4%E0%B9%81%E0%B8%9E%E0%B9%89%E0%B8%AD%E0%B8%B2%E0%B8%AB%E0%B8%B2%E0%B8%A3%E0%B9%81%E0%B8%9D%E0%B8%87-igg","1","ตรวจภูมิแพ้อาหารแฝง IgG ต่างจาก IgE อย่างไร?","BlogPosting MedicalWebPage WebPage Organization ImageObject MedicalAudience BreadcrumbList ListItem FAQPage Question Answer","8880","4","0","48","2","3"
"https://new.thrivewellnessth.com/blog/%E0%B8%9B%E0%B8%B1%E0%B8%8D%E0%B8%AB%E0%B8%B2%E0%B8%AA%E0%B8%B4%E0%B8%A7%E0%B8%9B%E0%B8%A3%E0%B8%B0%E0%B8%88%E0%B8%B3%E0%B9%80%E0%B8%94%E0%B8%B7%E0%B8%AD%E0%B8%99/","200","","https://new.thrivewellnessth.com/blog/%E0%B8%9B%E0%B8%B1%E0%B8%8D%E0%B8%AB%E0%B8%B2%E0%B8%AA%E0%B8%B4%E0%B8%A7%E0%B8%9B%E0%B8%A3%E0%B8%B0%E0%B8%88%E0%B8%B3%E0%B9%80%E0%B8%94%E0%B8%B7%E0%B8%AD%E0%B8%99/","200","noindex, nofollow, noarchive","550","64","","สิวประจำเดือน คืออะไร เกิดจากฮอร์โมนอะไร แก้อย่างไรไม่ให้กลับมา","63","สิวประจำเดือน หรือสิวฮอร์โมน เกิดจากความไม่สมดุลของ Estrogen Progesterone Testosterone ส่งผลต่อซีบัมและรูขุมขน วิธีแก้จากภายในที่ Thrive Wellness กรุงเทพฯ","154","index, follow","https://new.thrivewellnessth.com/blog/%E0%B8%9B%E0%B8%B1%E0%B8%8D%E0%B8%AB%E0%B8%B2%E0%B8%AA%E0%B8%B4%E0%B8%A7%E0%B8%9B%E0%B8%A3%E0%B8%B0%E0%B8%88%E0%B8%B3%E0%B9%80%E0%B8%94%E0%B8%B7%E0%B8%AD%E0%B8%99","https://cdn.sanity.io/images/fc8ot1td/production/2785c188d1b0ee9178e5740861477872cba3b6ac-8256x5504.jpg?rect=0,585,8256,4334&#38;w=1200&#38;h=630&#38;auto=format","th-TH=https://new.thrivewellnessth.com/blog/%E0%B8%9B%E0%B8%B1%E0%B8%8D%E0%B8%AB%E0%B8%B2%E0%B8%AA%E0%B8%B4%E0%B8%A7%E0%B8%9B%E0%B8%A3%E0%B8%B0%E0%B8%88%E0%B8%B3%E0%B9%80%E0%B8%94%E0%B8%B7%E0%B8%AD%E0%B8%99 | x-default=https://new.thrivewellnessth.com/blog/%E0%B8%9B%E0%B8%B1%E0%B8%8D%E0%B8%AB%E0%B8%B2%E0%B8%AA%E0%B8%B4%E0%B8%A7%E0%B8%9B%E0%B8%A3%E0%B8%B0%E0%B8%88%E0%B8%B3%E0%B9%80%E0%B8%94%E0%B8%B7%E0%B8%AD%E0%B8%99","1","สิวประจำเดือน คืออะไร? เกิดจากฮอร์โมนอะไร และแก้ได้อย่างไรไม่ให้กลับมาซ้ำ","BlogPosting MedicalWebPage WebPage Organization ImageObject MedicalAudience BreadcrumbList ListItem FAQPage Question Answer","34016","5","0","42","2","3"
"https://new.thrivewellnessth.com/blog/%E0%B8%9C%E0%B8%B7%E0%B9%88%E0%B8%99%E0%B8%A5%E0%B8%A1%E0%B8%9E%E0%B8%B4%E0%B8%A9/","200","","https://new.thrivewellnessth.com/blog/%E0%B8%9C%E0%B8%B7%E0%B9%88%E0%B8%99%E0%B8%A5%E0%B8%A1%E0%B8%9E%E0%B8%B4%E0%B8%A9/","200","noindex, nofollow, noarchive","380","39","","ผื่นลมพิษ ผื่นแดงที่แก้ไม่หายขาด เป็นทุกทีที่อากาศเปลี่ยน แก้ไขได้อย่า","70","ผื่นลมพิษ (Urticaria) คืออะไร เกิดจากอะไร สารกระตุ้น 8 ประเภท วิธีรักษาเมื่อเป็นผื่นลมพิษ และการดูแลเชิงป้องกันผ่านการตรวจหาสาเหตุ โดย Thrive Wellness Clinic กรุงเทพฯ","166","index, follow","https://new.thrivewellnessth.com/blog/%E0%B8%9C%E0%B8%B7%E0%B9%88%E0%B8%99%E0%B8%A5%E0%B8%A1%E0%B8%9E%E0%B8%B4%E0%B8%A9","https://cdn.sanity.io/images/fc8ot1td/production/ef815d8117f5e9f39c16a2ed44a5ac68d1222d7e-1280x720.heif?rect=0,24,1280,672&#38;w=1200&#38;h=630&#38;auto=format","th-TH=https://new.thrivewellnessth.com/blog/%E0%B8%9C%E0%B8%B7%E0%B9%88%E0%B8%99%E0%B8%A5%E0%B8%A1%E0%B8%9E%E0%B8%B4%E0%B8%A9 | x-default=https://new.thrivewellnessth.com/blog/%E0%B8%9C%E0%B8%B7%E0%B9%88%E0%B8%99%E0%B8%A5%E0%B8%A1%E0%B8%9E%E0%B8%B4%E0%B8%A9","1","ผื่นลมพิษ ผื่นแดงที่แก้ไม่หายขาด เป็นทุกทีที่อากาศเปลี่ยน แก้ไขได้อย่างไร","BlogPosting MedicalWebPage WebPage Organization ImageObject MedicalAudience BreadcrumbList ListItem FAQPage Question Answer","12093","4","0","42","0","1"
"https://new.thrivewellnessth.com/blog/%E0%B8%A0%E0%B8%B9%E0%B8%A1%E0%B8%B4%E0%B8%84%E0%B8%B8%E0%B9%89%E0%B8%A1%E0%B8%81%E0%B8%B1%E0%B8%99%E0%B8%9E%E0%B8%B1%E0%B8%87/","200","","https://new.thrivewellnessth.com/blog/%E0%B8%A0%E0%B8%B9%E0%B8%A1%E0%B8%B4%E0%B8%84%E0%B8%B8%E0%B9%89%E0%B8%A1%E0%B8%81%E0%B8%B1%E0%B8%99%E0%B8%9E%E0%B8%B1%E0%B8%87/","200","noindex, nofollow, noarchive","420","45","","5 สัญญาณผิวเตือนภูมิคุ้มกันพัง คู่มือแพทย์ | Thrive","51","ลมพิษเรื้อรัง แผลหายช้า Eczema กำเริบ ติดเชื้อราซ้ำ — 5 สัญญาณที่ผิวส่งเตือนภูมิคุ้มกันพัง แพทย์อธิบายกลไก พร้อมแนวทางตรวจ ปรึกษาฟรีที่ Thrive ลาดพร้าว","151","index, follow","https://new.thrivewellnessth.com/blog/%E0%B8%A0%E0%B8%B9%E0%B8%A1%E0%B8%B4%E0%B8%84%E0%B8%B8%E0%B9%89%E0%B8%A1%E0%B8%81%E0%B8%B1%E0%B8%99%E0%B8%9E%E0%B8%B1%E0%B8%87","https://cdn.sanity.io/images/fc8ot1td/production/068f792b543e21f27398984fb3e1aec423ee646e-4096x2730.jpg?rect=0,290,4096,2150&#38;w=1200&#38;h=630&#38;auto=format","th-TH=https://new.thrivewellnessth.com/blog/%E0%B8%A0%E0%B8%B9%E0%B8%A1%E0%B8%B4%E0%B8%84%E0%B8%B8%E0%B9%89%E0%B8%A1%E0%B8%81%E0%B8%B1%E0%B8%99%E0%B8%9E%E0%B8%B1%E0%B8%87 | x-default=https://new.thrivewellnessth.com/blog/%E0%B8%A0%E0%B8%B9%E0%B8%A1%E0%B8%B4%E0%B8%84%E0%B8%B8%E0%B9%89%E0%B8%A1%E0%B8%81%E0%B8%B1%E0%B8%99%E0%B8%9E%E0%B8%B1%E0%B8%87","1","5 สัญญาณผิวที่บอกว่า ภูมิคุ้มกันกำลังพัง — คู่มือแพทย์","BlogPosting MedicalWebPage WebPage Organization ImageObject MedicalAudience BreadcrumbList ListItem FAQPage Question Answer","16493","4","0","42","2","3"
"https://new.thrivewellnessth.com/blog/%E0%B8%A5%E0%B8%B3%E0%B9%84%E0%B8%AA%E0%B9%89%E0%B8%AD%E0%B8%B1%E0%B8%81%E0%B9%80%E0%B8%AA%E0%B8%9A/","200","","https://new.thrivewellnessth.com/blog/%E0%B8%A5%E0%B8%B3%E0%B9%84%E0%B8%AA%E0%B9%89%E0%B8%AD%E0%B8%B1%E0%B8%81%E0%B9%80%E0%B8%AA%E0%B8%9A/","200","noindex, nofollow, noarchive","750","48","","ลำไส้อักเสบ คืออะไร? IBD IBS UC Crohn","37","ปวดท้องบ่อย ท้องเสียประจำ ไม่ใช่แค่อาหารไม่ย่อย เรียนรู้ความแตกต่างระหว่าง IBD, IBS, Ulcerative Colitis, Crohn","110","index, follow","https://new.thrivewellnessth.com/blog/%E0%B8%A5%E0%B8%B3%E0%B9%84%E0%B8%AA%E0%B9%89%E0%B8%AD%E0%B8%B1%E0%B8%81%E0%B9%80%E0%B8%AA%E0%B8%9A","https://cdn.sanity.io/images/fc8ot1td/production/665b74f71ab2f04b834d8391f0526f1a6317e385-7214x4815.jpg?rect=0,515,7214,3787&#38;w=1200&#38;h=630&#38;auto=format","th-TH=https://new.thrivewellnessth.com/blog/%E0%B8%A5%E0%B8%B3%E0%B9%84%E0%B8%AA%E0%B9%89%E0%B8%AD%E0%B8%B1%E0%B8%81%E0%B9%80%E0%B8%AA%E0%B8%9A | x-default=https://new.thrivewellnessth.com/blog/%E0%B8%A5%E0%B8%B3%E0%B9%84%E0%B8%AA%E0%B9%89%E0%B8%AD%E0%B8%B1%E0%B8%81%E0%B9%80%E0%B8%AA%E0%B8%9A","1","ลำไส้อักเสบ คืออะไร? IBD IBS UC Crohn's — สาเหตุ อาการ และ Gut Healing Protocol","BlogPosting MedicalWebPage WebPage Organization ImageObject MedicalAudience BreadcrumbList ListItem FAQPage Question Answer","17939","5","0","47","2","3"
"https://new.thrivewellnessth.com/blog/%E0%B8%AA%E0%B9%80%E0%B8%95%E0%B8%B5%E0%B8%A2%E0%B8%A3%E0%B8%AD%E0%B8%A2%E0%B8%94%E0%B9%8C/","200","","https://new.thrivewellnessth.com/blog/%E0%B8%AA%E0%B9%80%E0%B8%95%E0%B8%B5%E0%B8%A2%E0%B8%A3%E0%B8%AD%E0%B8%A2%E0%B8%94%E0%B9%8C/","200","noindex, nofollow, noarchive","324","42","","สเตียรอยด์ที่ร่างกายสร้างเอง — Cortisol DHEA คู่มือฮอร์โมน | Thrive","67","สเตียรอยด์ไม่ใช่แค่ยา — ร่างกายผลิต Cortisol DHEA Aldosterone ทุกวัน แพทย์อธิบายกลไก อาการเมื่อพัง และวิธีรักษาสมดุล ปรึกษาฟรีที่ Thrive ลาดพร้าว 095-934-9640","158","index, follow","https://new.thrivewellnessth.com/blog/%E0%B8%AA%E0%B9%80%E0%B8%95%E0%B8%B5%E0%B8%A2%E0%B8%A3%E0%B8%AD%E0%B8%A2%E0%B8%94%E0%B9%8C","https://cdn.sanity.io/images/fc8ot1td/production/bf27391ff04fb55c89766595267894cbd3f3eb33-3748x2500.jpg?rect=0,266,3748,1968&#38;w=1200&#38;h=630&#38;auto=format","th-TH=https://new.thrivewellnessth.com/blog/%E0%B8%AA%E0%B9%80%E0%B8%95%E0%B8%B5%E0%B8%A2%E0%B8%A3%E0%B8%AD%E0%B8%A2%E0%B8%94%E0%B9%8C | x-default=https://new.thrivewellnessth.com/blog/%E0%B8%AA%E0%B9%80%E0%B8%95%E0%B8%B5%E0%B8%A2%E0%B8%A3%E0%B8%AD%E0%B8%A2%E0%B8%94%E0%B9%8C","1","สเตียรอยด์ที่ร่างกายสร้างเอง Cortisol · DHEA · Aldosterone คู่มือฮอร์โมนต่อมหมวกไต","BlogPosting MedicalWebPage WebPage Organization ImageObject MedicalAudience BreadcrumbList ListItem FAQPage Question Answer","13908","5","0","46","3","5"
"https://new.thrivewellnessth.com/blog/%E0%B8%AD%E0%B8%B2%E0%B8%AB%E0%B8%B2%E0%B8%A3%E0%B8%97%E0%B8%B5%E0%B9%88%E0%B8%A1%E0%B8%B5-probiotic/","200","","https://new.thrivewellnessth.com/blog/%E0%B8%AD%E0%B8%B2%E0%B8%AB%E0%B8%B2%E0%B8%A3%E0%B8%97%E0%B8%B5%E0%B9%88%E0%B8%A1%E0%B8%B5-probiotic/","200","noindex, nofollow, noarchive","100","62","","7 อาหารที่มี Probiotic สูง เสริมจุลินทรีย์ลำไส้ เพิ่มภูมิคุ้มกัน","64","7 อาหารที่มีโพรไบโอติกส์ (Probiotic) สูง ได้แก่ โยเกิร์ต กิมจิ มิโซะ คอมบูชา เทมเป้ ผักดอง ดาร์กช็อกโกแลต ช่วยปรับสมดุลจุลินทรีย์ในลำไส้ เสริมภูมิคุ้มกัน ที่ Thrive Welln","170","index, follow","https://new.thrivewellnessth.com/blog/%E0%B8%AD%E0%B8%B2%E0%B8%AB%E0%B8%B2%E0%B8%A3%E0%B8%97%E0%B8%B5%E0%B9%88%E0%B8%A1%E0%B8%B5-probiotic","https://cdn.sanity.io/images/fc8ot1td/production/cee2681f8936a1adc0bfbe316e024c3764364657-7360x4912.jpg?rect=0,524,7360,3864&#38;w=1200&#38;h=630&#38;auto=format","th-TH=https://new.thrivewellnessth.com/blog/%E0%B8%AD%E0%B8%B2%E0%B8%AB%E0%B8%B2%E0%B8%A3%E0%B8%97%E0%B8%B5%E0%B9%88%E0%B8%A1%E0%B8%B5-probiotic | x-default=https://new.thrivewellnessth.com/blog/%E0%B8%AD%E0%B8%B2%E0%B8%AB%E0%B8%B2%E0%B8%A3%E0%B8%97%E0%B8%B5%E0%B9%88%E0%B8%A1%E0%B8%B5-probiotic","1","7 อาหารที่มี Probiotic สูง เสริมจุลินทรีย์ลำไส้ เพิ่มภูมิคุ้มกัน ปรับสมดุลร่างกาย","BlogPosting MedicalWebPage WebPage Organization ImageObject MedicalAudience BreadcrumbList ListItem FAQPage Question Answer","30006","5","0","42","2","3"
"https://new.thrivewellnessth.com/blog/%E0%B8%AE%E0%B8%AD%E0%B8%A3%E0%B9%8C%E0%B9%82%E0%B8%A1%E0%B8%99%E0%B8%A7%E0%B8%B1%E0%B8%A2%E0%B8%97%E0%B8%AD%E0%B8%87/","200","","https://new.thrivewellnessth.com/blog/%E0%B8%AE%E0%B8%AD%E0%B8%A3%E0%B9%8C%E0%B9%82%E0%B8%A1%E0%B8%99%E0%B8%A7%E0%B8%B1%E0%B8%A2%E0%B8%97%E0%B8%AD%E0%B8%87/","200","noindex, nofollow, noarchive","344","38","","ฮอร์โมนวัยทอง เริ่มตอนอายุเท่าไหร่ อาการ การดูแล | Thrive Wellness","66","ฮอร์โมนวัยทอง เริ่มต้นได้ตั้งแต่อายุ 40 ปี อาการร้อนวูบวาบ นอนไม่หลับ อารมณ์แปรปรวน สาเหตุ และแนวทางรักษา — แพทย์อธิบายครบ ปรึกษาฟรีที่ Thrive","142","index, follow","https://new.thrivewellnessth.com/blog/%E0%B8%AE%E0%B8%AD%E0%B8%A3%E0%B9%8C%E0%B9%82%E0%B8%A1%E0%B8%99%E0%B8%A7%E0%B8%B1%E0%B8%A2%E0%B8%97%E0%B8%AD%E0%B8%87","https://cdn.sanity.io/images/fc8ot1td/production/0f49d3bbe22e026ed4fb9fefd4fc61c30551b8df-7040x3840.jpg?rect=0,72,7040,3696&#38;w=1200&#38;h=630&#38;auto=format","th-TH=https://new.thrivewellnessth.com/blog/%E0%B8%AE%E0%B8%AD%E0%B8%A3%E0%B9%8C%E0%B9%82%E0%B8%A1%E0%B8%99%E0%B8%A7%E0%B8%B1%E0%B8%A2%E0%B8%97%E0%B8%AD%E0%B8%87 | x-default=https://new.thrivewellnessth.com/blog/%E0%B8%AE%E0%B8%AD%E0%B8%A3%E0%B9%8C%E0%B9%82%E0%B8%A1%E0%B8%99%E0%B8%A7%E0%B8%B1%E0%B8%A2%E0%B8%97%E0%B8%AD%E0%B8%87","1","ฮอร์โมนวัยทอง เริ่มตอนอายุเท่าไหร่?","BlogPosting MedicalWebPage WebPage Organization ImageObject MedicalAudience BreadcrumbList ListItem FAQPage Question Answer","11039","4","0","48","2","3"
"https://new.thrivewellnessth.com/blog/220-minus-age-heart-rate-formula-accuracy/","200","","https://new.thrivewellnessth.com/blog/220-minus-age-heart-rate-formula-accuracy/","200","noindex, nofollow, noarchive","977","34","","สูตร 220 ลบอายุ แม่นแค่ไหน? โซนหัวใจที่แม่นกว่า | Thrive","56","สูตร 220 ลบอายุ คลาดเคลื่อนเฉลี่ย 10-15 bpm เทียบสูตร Tanaka, Karvonen (Resting HR) ที่ Whoop ใช้ และทำไมตรวจ EST ที่คลินิกแม่นกว่าการคำนวณ","139","index, follow","https://new.thrivewellnessth.com/blog/220-minus-age-heart-rate-formula-accuracy","https://cdn.sanity.io/images/fc8ot1td/production/1d2511aae23326199d69ef998b220cd777ef7fa7-1200x630.webp?w=1200&#38;h=630&#38;auto=format","th-TH=https://new.thrivewellnessth.com/blog/220-minus-age-heart-rate-formula-accuracy | x-default=https://new.thrivewellnessth.com/blog/220-minus-age-heart-rate-formula-accuracy","1","สูตร 220 ลบอายุ แม่นแค่ไหน? ทำไมโซนหัวใจที่คุณคำนวณอาจผิดถึง 15 ครั้ง/นาที","BlogPosting MedicalWebPage WebPage Organization ImageObject MedicalAudience BreadcrumbList ListItem FAQPage Question Answer","10790","4","0","42","0","1"
"https://new.thrivewellnessth.com/blog/4-levels-heart-screening-coronary-artery-disease/","200","","https://new.thrivewellnessth.com/blog/4-levels-heart-screening-coronary-artery-disease/","200","noindex, nofollow, noarchive","865","37","","ตรวจหัวใจ 4 ระดับ เช็กหลอดเลือดหัวใจตีบ | Thrive Bangkok","56","สรุปตรวจหัวใจ 4 ระดับ ตั้งแต่ตรวจเลือด-EKG จนถึงสวนหัวใจ เช็กว่าหลอดเลือดหัวใจตีบหรือไม่ พร้อมคำแนะนำตรวจก่อนทำประกันสุขภาพ","123","index, follow","https://new.thrivewellnessth.com/blog/4-levels-heart-screening-coronary-artery-disease","https://cdn.sanity.io/images/fc8ot1td/production/d1a792667064ccf0130222da8e58e25e68a38633-1200x630.webp?w=1200&#38;h=630&#38;auto=format","th-TH=https://new.thrivewellnessth.com/blog/4-levels-heart-screening-coronary-artery-disease | x-default=https://new.thrivewellnessth.com/blog/4-levels-heart-screening-coronary-artery-disease","1","ตรวจหัวใจ 4 ระดับ เช็กหลอดเลือดหัวใจตีบก่อนสาย (บทเรียนจากข่าว เร แมคโดนัลด์)","BlogPosting MedicalWebPage WebPage Organization ImageObject MedicalAudience BreadcrumbList ListItem FAQPage Question Answer","13108","4","0","44","0","1"
"https://new.thrivewellnessth.com/blog/6_benefits_kombucha/","200","","https://new.thrivewellnessth.com/blog/6_benefits_kombucha/","200","noindex, nofollow, noarchive","328","38","","คอมบูชา ประโยชน์ 6 ด้าน — เครื่องดื่มหมักดีต่อลำไส้ | Thrive Wellness","69","คอมบูชา (Kombucha) ประโยชน์ 6 ด้านที่วิทยาศาสตร์ยืนยัน ลำไส้ ตับ ภูมิคุ้มกัน น้ำตาลในเลือด และการอักเสบ พร้อมวิธีดื่มที่ถูกต้องจากแพทย์ Thrive ลาดพร้าว","151","index, follow","https://new.thrivewellnessth.com/blog/6_benefits_kombucha","https://cdn.sanity.io/images/fc8ot1td/production/7de4583eccd8e9bbe5095c29e6d123c0df34d445-5760x3840.jpg?rect=0,408,5760,3024&#38;w=1200&#38;h=630&#38;auto=format","th-TH=https://new.thrivewellnessth.com/blog/6_benefits_kombucha | x-default=https://new.thrivewellnessth.com/blog/6_benefits_kombucha","1","คอมบูชา ประโยชน์ 6 ด้านที่วิทยาศาสตร์ยืนยัน เครื่องดื่มหมักสำหรับ Gut Health","BlogPosting MedicalWebPage WebPage Organization ImageObject MedicalAudience BreadcrumbList ListItem FAQPage Question Answer","11165","5","0","48","4","4"
"https://new.thrivewellnessth.com/blog/8-%E0%B8%A5%E0%B8%B1%E0%B8%81%E0%B8%A9%E0%B8%93%E0%B8%B0%E0%B8%AA%E0%B8%B8%E0%B8%82%E0%B8%A0%E0%B8%B2%E0%B8%9E%E0%B8%94%E0%B8%B5/","200","","https://new.thrivewellnessth.com/blog/8-%E0%B8%A5%E0%B8%B1%E0%B8%81%E0%B8%A9%E0%B8%93%E0%B8%B0%E0%B8%AA%E0%B8%B8%E0%B8%82%E0%B8%A0%E0%B8%B2%E0%B8%9E%E0%B8%94%E0%B8%B5/","200","noindex, nofollow, noarchive","520","43","","8 ลักษณะสุขภาพดี ที่ร่างกายบอกคุณอยู่ทุกวัน | Thrive Wellness","61","8 ลักษณะสุขภาพดีที่แพทย์ใช้ประเมิน — นอนหลับพอ พลังงานสม่ำเสมอ ระบบย่อยดี ผิวสุขภาพดี ภูมิคุ้มกันแข็ง อารมณ์มั่นคง ฯลฯ ตรวจสุขภาพครบวงจรที่ Thrive ลาดพร้าว โทร 095-934-96","170","index, follow","https://new.thrivewellnessth.com/blog/8-%E0%B8%A5%E0%B8%B1%E0%B8%81%E0%B8%A9%E0%B8%93%E0%B8%B0%E0%B8%AA%E0%B8%B8%E0%B8%82%E0%B8%A0%E0%B8%B2%E0%B8%9E%E0%B8%94%E0%B8%B5","https://cdn.sanity.io/images/fc8ot1td/production/b507be34a7a5c3f3399258708b6ece82bc67f0fa-6391x4261.jpg?rect=0,454,6391,3355&#38;w=1200&#38;h=630&#38;auto=format","th-TH=https://new.thrivewellnessth.com/blog/8-%E0%B8%A5%E0%B8%B1%E0%B8%81%E0%B8%A9%E0%B8%93%E0%B8%B0%E0%B8%AA%E0%B8%B8%E0%B8%82%E0%B8%A0%E0%B8%B2%E0%B8%9E%E0%B8%94%E0%B8%B5 | x-default=https://new.thrivewellnessth.com/blog/8-%E0%B8%A5%E0%B8%B1%E0%B8%81%E0%B8%A9%E0%B8%93%E0%B8%B0%E0%B8%AA%E0%B8%B8%E0%B8%82%E0%B8%A0%E0%B8%B2%E0%B8%9E%E0%B8%94%E0%B8%B5","1","8 ลักษณะสุขภาพดี ที่ร่างกายบอกคุณอยู่ทุกวัน","BlogPosting MedicalWebPage WebPage Organization ImageObject MedicalAudience BreadcrumbList ListItem FAQPage Question Answer","13253","4","0","42","1","2"
"https://new.thrivewellnessth.com/blog/abnormal-period/","200","","https://new.thrivewellnessth.com/blog/abnormal-period/","200","noindex, nofollow, noarchive","294","56","","ประจำเดือนไม่มาเกิน 3 เดือน สัญญาณฮอร์โมนไม่สมดุลที่ต้องรู้","59","ประจำเดือนไม่มาเกิน 3 เดือน คือภาวะ Secondary Amenorrhea ที่เกิดจากฮอร์โมนไม่สมดุล PMOS เครียด หรือน้ำหนักผิดปกติ เรียนรู้สาเหตุ 9 ข้อ วิธีตรวจ และแนวทางรักษา","158","index, follow","https://new.thrivewellnessth.com/blog/abnormal-period","https://cdn.sanity.io/images/fc8ot1td/production/9b7a4162eca1ccfbda32a6ee45e6afdee119e1cb-6720x4480.jpg?rect=0,476,6720,3528&#38;w=1200&#38;h=630&#38;auto=format","th-TH=https://new.thrivewellnessth.com/blog/abnormal-period | x-default=https://new.thrivewellnessth.com/blog/abnormal-period","1","ประจำเดือนไม่มาเกิน 3 เดือน สัญญาณฮอร์โมนไม่สมดุลที่ต้องรู้","BlogPosting MedicalWebPage WebPage Organization ImageObject MedicalAudience BreadcrumbList ListItem FAQPage Question Answer","27814","4","0","42","2","2"
"https://new.thrivewellnessth.com/blog/adrenal-fatigue-post/","200","","https://new.thrivewellnessth.com/blog/adrenal-fatigue-post/","200","noindex, nofollow, noarchive","322","39","","ภาวะต่อมหมวกไตล้า Adrenal Fatigue อาการ สาเหตุ วิธีฟื้นฟู | Thrive","66","ภาวะต่อมหมวกไตล้า (Adrenal Fatigue) เหนื่อยตั้งแต่ตื่น Cortisol ผิดปกติ อาการ สาเหตุ การตรวจ และวิธีฟื้นฟู — แพทย์อธิบายครบ ปรึกษาฟรีที่ Thrive","143","index, follow","https://new.thrivewellnessth.com/blog/adrenal-fatigue-post","https://cdn.sanity.io/images/fc8ot1td/production/7306ce83722bfeaf8e9f476c93cba53fe237a51c-6016x4016.jpg?rect=0,429,6016,3158&#38;w=1200&#38;h=630&#38;auto=format","th-TH=https://new.thrivewellnessth.com/blog/adrenal-fatigue-post | x-default=https://new.thrivewellnessth.com/blog/adrenal-fatigue-post","1","ภาวะต่อมหมวกไตล้า เหนื่อยตั้งแต่ตื่น นอนเท่าไหร่ก็ไม่พอ","BlogPosting MedicalWebPage WebPage Organization ImageObject MedicalAudience BreadcrumbList ListItem FAQPage Question Answer","9501","4","0","48","2","3"
"https://new.thrivewellnessth.com/blog/apple-benefit/","200","","https://new.thrivewellnessth.com/blog/apple-benefit/","200","noindex, nofollow, noarchive","482","51","","ประโยชน์ของแอปเปิ้ล — Quercetin Pectin แอนโทไซยานิน และสุขภาพ","61","ประโยชน์ของแอปเปิ้ล: Quercetin ลดการอักเสบ Pectin บำรุงลำไส้ Anthocyanin ชะลอวัย พร้อมเปรียบเทียบแอปเปิ้ลแดง vs เขียว และมุมมอง Functional Medicine จากแพทย์","156","index, follow","https://new.thrivewellnessth.com/blog/apple-benefit","https://cdn.sanity.io/images/fc8ot1td/production/cd0fdb016c2c405c9d1283ab8165d03fca9bca78-5376x3584.jpg?rect=0,381,5376,2822&#38;w=1200&#38;h=630&#38;auto=format","th-TH=https://new.thrivewellnessth.com/blog/apple-benefit | x-default=https://new.thrivewellnessth.com/blog/apple-benefit","1","ประโยชน์ของแอปเปิ้ล — Quercetin Pectin แอนโทไซยานิน และสุขภาพ","BlogPosting MedicalWebPage WebPage Organization ImageObject MedicalAudience BreadcrumbList ListItem FAQPage Question Answer","22803","5","0","44","1","2"
"https://new.thrivewellnessth.com/blog/ashwagandha/","200","","https://new.thrivewellnessth.com/blog/ashwagandha/","200","noindex, nofollow, noarchive","500","31","","Ashwagandha คืออะไร ลดความเครียด คลายซึมเศร้า ได้อย่างไร?","57","Ashwagandha (อัชวากานดา) หรือโสมอินเดีย คืออะไร? รู้จักสรรพคุณ ประโยชน์ต่อร่างกาย ลดความเครียด คลายซึมเศร้า เสริมการนอนหลับ พร้อมข้อควรระวังก่อนรับประทาน","153","index, follow","https://new.thrivewellnessth.com/blog/ashwagandha","https://cdn.sanity.io/images/fc8ot1td/production/ea0762f741533c10285546e3ce6df33b05d79b5a-7360x4912.jpg?rect=0,524,7360,3864&#38;w=1200&#38;h=630&#38;auto=format","th-TH=https://new.thrivewellnessth.com/blog/ashwagandha | x-default=https://new.thrivewellnessth.com/blog/ashwagandha","1","Ashwagandha คืออะไร ลดความเครียด คลายซึมเศร้า ได้อย่างไร?","BlogPosting MedicalWebPage WebPage Organization ImageObject MedicalAudience BreadcrumbList ListItem","8467","5","0","42","1","2"
"https://new.thrivewellnessth.com/blog/bromelain/","200","","https://new.thrivewellnessth.com/blog/bromelain/","200","noindex, nofollow, noarchive","871","47","","โบรมีเลน (Bromelain) เอนไซม์สับปะรด ย่อยโปรตีน ลดการอักเสบ | Thrive We","70","โบรมีเลน (Bromelain) เอนไซม์ Cysteine Protease ในสับปะรด ช่วยย่อยโปรตีน ลดการอักเสบ ต้านเกล็ดเลือด เสริมภูมิคุ้มกัน รู้จักกลไก ประโยชน์ 8 ด้าน และการเลือกซัพพลีเมนต์ที่ T","170","index, follow","https://new.thrivewellnessth.com/blog/bromelain","https://cdn.sanity.io/images/fc8ot1td/production/0c048f093efeb14c22e7ee653f93178790cf52dd-6720x4480.jpg?rect=0,476,6720,3528&#38;w=1200&#38;h=630&#38;auto=format","th-TH=https://new.thrivewellnessth.com/blog/bromelain | x-default=https://new.thrivewellnessth.com/blog/bromelain","1","โบรมีเลน (Bromelain) เอนไซม์สับปะรดที่มากกว่าแค่ย่อยอาหาร","BlogPosting MedicalWebPage WebPage Organization ImageObject MedicalAudience BreadcrumbList ListItem FAQPage Question Answer","18661","4","0","42","1","2"
"https://new.thrivewellnessth.com/blog/cbt-therapy-guide/","200","","https://new.thrivewellnessth.com/blog/cbt-therapy-guide/","200","noindex, nofollow, noarchive","306","36","","จิตบำบัด CBT คืออะไร ช่วยอะไรได้บ้าง — และเริ่มต้นยังไงดี","57","CBT คือการบำบัดที่เปลี่ยนวิธีคิดและพฤติกรรมที่ทำให้รู้สึกแย่ รู้จักว่า CBT ช่วยอะไรได้บ้าง ต่างจากจิตแพทย์อย่างไร และควรเริ่มเมื่อไหร่","134","index, follow","https://new.thrivewellnessth.com/blog/cbt-therapy-guide","https://cdn.sanity.io/images/fc8ot1td/production/2f972fe827029a7e8a9533a182a08f0437f8d975-3264x2448.jpg?rect=0,367,3264,1714&#38;w=1200&#38;h=630&#38;auto=format","th-TH=https://new.thrivewellnessth.com/blog/cbt-therapy-guide | x-default=https://new.thrivewellnessth.com/blog/cbt-therapy-guide","2","จิตบำบัด CBT คืออะไร ช่วยอะไรได้บ้าง — และเริ่มต้นยังไงดี","BlogPosting MedicalWebPage WebPage Organization ImageObject MedicalAudience BreadcrumbList ListItem FAQPage Question Answer","10927","4","0","43","0","1"
"https://new.thrivewellnessth.com/blog/check-immune-system/","200","","https://new.thrivewellnessth.com/blog/check-immune-system/","200","noindex, nofollow, noarchive","105","48","","ภูมิคุ้มกันตก สัญญาณเตือน วิธีเช็คและฟื้นฟู | Thrive Wellness","61","ภูมิคุ้มกันตก (Immunodeficiency) อาการ สาเหตุ วิธีตรวจ และวิธีเพิ่มภูมิคุ้มกัน — แพทย์อธิบายครบ ตรวจ NK Cell + วิตามินเฉพาะบุคคลที่ Thrive ลาดพร้าว โทร 095-934-9640","164","index, follow","https://new.thrivewellnessth.com/blog/check-immune-system","https://cdn.sanity.io/images/fc8ot1td/production/085935da3bb7ab15f975482aef1ccec26523d9b0-6000x4000.jpg?rect=0,425,6000,3150&#38;w=1200&#38;h=630&#38;auto=format","th-TH=https://new.thrivewellnessth.com/blog/check-immune-system | x-default=https://new.thrivewellnessth.com/blog/check-immune-system","1","ภูมิตก! เช็คภูมิคุ้มกัน 10 สัญญาณเตือน วิธีตรวจ และวิธีฟื้นฟู","BlogPosting MedicalWebPage WebPage Organization ImageObject MedicalAudience BreadcrumbList ListItem FAQPage Question Answer","19463","5","0","48","4","4"
"https://new.thrivewellnessth.com/blog/chili/","200","","https://new.thrivewellnessth.com/blog/chili/","200","noindex, nofollow, noarchive","331","59","","ประโยชน์ของพริก — แคปไซซิน วิตามิน และสรรพคุณทางสุขภาพ","54","พริกมีมากกว่าความเผ็ด — สารแคปไซซินกระตุ้นการเผาผลาญ ลดน้ำหนัก ปกป้องหัวใจ เสริมภูมิคุ้มกัน และมีวิตามิน C สูงกว่าส้มถึง 4 เท่า","127","index, follow","https://new.thrivewellnessth.com/blog/chili","https://cdn.sanity.io/images/fc8ot1td/production/391b217a6c6000eaac8ec4b9a7e474facf4fc46b-6000x4000.jpg?rect=0,425,6000,3150&#38;w=1200&#38;h=630&#38;auto=format","th-TH=https://new.thrivewellnessth.com/blog/chili | x-default=https://new.thrivewellnessth.com/blog/chili","1","ประโยชน์ของพริก — แคปไซซิน วิตามิน และสรรพคุณทางสุขภาพ","BlogPosting MedicalWebPage WebPage Organization ImageObject MedicalAudience BreadcrumbList ListItem FAQPage Question Answer","30572","5","0","44","1","2"
"https://new.thrivewellnessth.com/blog/chromium/","200","","https://new.thrivewellnessth.com/blog/chromium/","200","noindex, nofollow, noarchive","285","44","","โครเมียม (Chromium) ลดความอยากน้ำตาล สมดุล Blood Sugar และ Insulin","66","โครเมียม (Chromium) คืออะไร ทำหน้าที่อะไรในร่างกาย ประโยชน์ต่อ Insulin Sensitivity ลดความอยากน้ำตาล Blood Sugar Control แหล่งอาหาร ปริมาณแนะนำ และการตรวจระดับที่ Thrive W","170","index, follow","https://new.thrivewellnessth.com/blog/chromium","https://cdn.sanity.io/images/fc8ot1td/production/4e0dc627580c36106ba1f6500ccdf63ecfca1b32-6240x4160.jpg?rect=0,442,6240,3276&#38;w=1200&#38;h=630&#38;auto=format","th-TH=https://new.thrivewellnessth.com/blog/chromium | x-default=https://new.thrivewellnessth.com/blog/chromium","1","โครเมียม (Chromium) ลดความอยากน้ำตาล สมดุล Blood Sugar และ Insulin อย่างไร","BlogPosting MedicalWebPage WebPage Organization ImageObject MedicalAudience BreadcrumbList ListItem FAQPage Question Answer","17170","5","0","42","0","1"
"https://new.thrivewellnessth.com/blog/cloggedarteries/","200","","https://new.thrivewellnessth.com/blog/cloggedarteries/","200","noindex, nofollow, noarchive","101","49","","เส้นเลือดตีบ (Atherosclerosis) เกิดอะไรขึ้นในร่างกาย และวิธีป้องกัน","67","เส้นเลือดตีบ (Atherosclerosis) คืออะไร เกิดอะไรขึ้นในร่างกายเมื่อหลอดเลือดแดงตีบ สาเหตุจาก Plaque สะสม อาการเตือน Coronary Artery Disease และวิธีป้องกันจากรากเหง้า ที่ Th","170","index, follow","https://new.thrivewellnessth.com/blog/cloggedarteries","https://cdn.sanity.io/images/fc8ot1td/production/30148786cf94ed1eeb97a06fc3e81891ca8ef408-6720x4480.jpg?rect=0,476,6720,3528&#38;w=1200&#38;h=630&#38;auto=format","th-TH=https://new.thrivewellnessth.com/blog/cloggedarteries | x-default=https://new.thrivewellnessth.com/blog/cloggedarteries","1","เส้นเลือดตีบ (Atherosclerosis) เกิดอะไรขึ้นในร่างกาย และทำไมถึงอันตราย","BlogPosting MedicalWebPage WebPage Organization ImageObject MedicalAudience BreadcrumbList ListItem FAQPage Question Answer","19904","5","0","42","1","2"
"https://new.thrivewellnessth.com/blog/coenzyme-q10/","200","","https://new.thrivewellnessth.com/blog/coenzyme-q10/","200","noindex, nofollow, noarchive","516","36","","Coenzyme Q10 คืออะไร? ฮอร์โมนพลังงานหัวใจที่ร่างกายต้องการ","58","CoQ10 หรือ Coenzyme Q10 คือสารต้านอนุมูลอิสระที่จำเป็นสำหรับพลังงานหัวใจ ลดผลข้างเคียงยา Statin เสริมสร้าง Mitochondria อ่านครบ 7 ประโยชน์ + ปริมาณที่แนะนำ","155","index, follow","https://new.thrivewellnessth.com/blog/coenzyme-q10","https://cdn.sanity.io/images/fc8ot1td/production/9de4540618eccadbd3d3a025ceecf3f4ac687998-6559x4373.jpg?rect=0,466,6559,3443&#38;w=1200&#38;h=630&#38;auto=format","th-TH=https://new.thrivewellnessth.com/blog/coenzyme-q10 | x-default=https://new.thrivewellnessth.com/blog/coenzyme-q10","1","Coenzyme Q10 คืออะไร? พลังงานหัวใจที่ร่างกายต้องการ","BlogPosting MedicalWebPage WebPage Organization ImageObject MedicalAudience BreadcrumbList ListItem FAQPage Question Answer","10006","4","0","42","1","2"
"https://new.thrivewellnessth.com/blog/female-hormone-panel-age-40/","200","","https://new.thrivewellnessth.com/blog/female-hormone-panel-age-40/","200","noindex, nofollow, noarchive","617","46","","ตรวจฮอร์โมนผู้หญิงวัย 40 ต้องตรวจอะไรบ้าง | Thrive Wellness Bangkok","67","วัย 40 ฮอร์โมนลดทีละตัว อาการจะตามมา รู้ว่าต้องตรวจ E2, FSH, LH, Progesterone, SHBG, DHEAS และไทรอยด์ครบ เพราะฮอร์โมนทำงานจับคู่กัน — แพทย์ Thrive อธิบาย","153","index, follow","https://new.thrivewellnessth.com/blog/female-hormone-panel-age-40","https://cdn.sanity.io/images/fc8ot1td/production/fa9cdb542eefe35f1aade8fc48499ca26590344c-7008x4672.jpg?rect=0,497,7008,3679&#38;w=1200&#38;h=630&#38;auto=format","th-TH=https://new.thrivewellnessth.com/blog/female-hormone-panel-age-40 | x-default=https://new.thrivewellnessth.com/blog/female-hormone-panel-age-40","1","ฮอร์โมนทำงานเป็นทีม — ทำไมผู้หญิงวัย 40 ต้องตรวจครบ ไม่ใช่แค่ 1–2 ตัว","BlogPosting MedicalWebPage WebPage Organization ImageObject MedicalAudience BreadcrumbList ListItem FAQPage Question Answer","18229","7","0","42","0","1"
"https://new.thrivewellnessth.com/blog/femaleshormones/","200","","https://new.thrivewellnessth.com/blog/femaleshormones/","200","noindex, nofollow, noarchive","577","42","","ฮอร์โมนเพศหญิง ที่ต้องรู้ — Estrogen Progesterone DHEA คู่มือครบ | Thr","70","ฮอร์โมนเพศหญิง Estrogen Progesterone Testosterone DHEA ทำงานอย่างไร สัญญาณไม่สมดุล และวิธีดูแล — แพทย์อธิบายครบ ปรึกษาฟรีที่ Thrive ลาดพร้าว","140","index, follow","https://new.thrivewellnessth.com/blog/femaleshormones","https://cdn.sanity.io/images/fc8ot1td/production/63dab687577c7a4ab3511216dba331e33f701472-5626x2230.jpg?rect=689,0,4248,2230&#38;w=1200&#38;h=630&#38;auto=format","th-TH=https://new.thrivewellnessth.com/blog/femaleshormones | x-default=https://new.thrivewellnessth.com/blog/femaleshormones","1","ฮอร์โมนเพศหญิง ที่ต้องรู้จัก Estrogen · Progesterone · Testosterone · DHEA","BlogPosting MedicalWebPage WebPage Organization ImageObject MedicalAudience BreadcrumbList ListItem FAQPage Question Answer","13274","5","0","48","4","4"
"https://new.thrivewellnessth.com/blog/food-allergy-ige/","200","","https://new.thrivewellnessth.com/blog/food-allergy-ige/","200","noindex, nofollow, noarchive","382","45","","แพ้กุ้ง แพ้แป้ง IgE คืออะไร? คู่มือจากแพทย์ | Thrive","52","ปรุงสุกแล้วยังแพ้อยู่? เพราะ Tropomyosin ทนความร้อน — แพทย์อธิบาย IgE vs IgG, อาการ 3 ระดับ, วิธีตรวจ Specific IgE ปรึกษาฟรีที่ Thrive ลาดพร้าว","143","index, follow","https://new.thrivewellnessth.com/blog/food-allergy-ige","https://cdn.sanity.io/images/fc8ot1td/production/aa1271d404597114d3e1c9121d072896dbb002c4-817x802.heif?rect=0,187,817,429&#38;w=1200&#38;h=630&#38;auto=format","th-TH=https://new.thrivewellnessth.com/blog/food-allergy-ige | x-default=https://new.thrivewellnessth.com/blog/food-allergy-ige","1","แพ้กุ้ง แพ้แป้ง ภูมิแพ้ IgE? แพทย์อธิบายกลไก อาการ และการตรวจ","BlogPosting MedicalWebPage WebPage Organization ImageObject MedicalAudience BreadcrumbList ListItem FAQPage Question Answer","15609","4","0","42","2","3"
"https://new.thrivewellnessth.com/blog/glutathione/","200","","https://new.thrivewellnessth.com/blog/glutathione/","200","noindex, nofollow, noarchive","544","51","","กลูตาไธโอน (กลูต้า) คืออะไร? 7 บทบาทสำคัญที่ไม่ใช่แค่ผิวขาว","59","กลูตาไธโอน (Glutathione) ไม่ใช่แค่สารทำผิวขาว แต่คือ Master Antioxidant ที่ปกป้องตับ เสริมภูมิคุ้มกัน ซ่อม DNA และชะลอวัยในระดับเซลล์ เรียนรู้ว่า IV Drip GSH ต่างจากแคปซู","170","index, follow","https://new.thrivewellnessth.com/blog/glutathione","https://cdn.sanity.io/images/fc8ot1td/production/9375cb30bbcaab6221fc2c51f95147efdb3e0b42-6000x4000.jpg?rect=0,425,6000,3150&#38;w=1200&#38;h=630&#38;auto=format","th-TH=https://new.thrivewellnessth.com/blog/glutathione | x-default=https://new.thrivewellnessth.com/blog/glutathione","1","กลูตาไธโอน (กลูต้า) คืออะไร? 7 บทบาทสำคัญที่ไม่ใช่แค่ผิวขาว","BlogPosting MedicalWebPage WebPage Organization ImageObject MedicalAudience BreadcrumbList ListItem FAQPage Question Answer","21794","5","0","47","2","3"
"https://new.thrivewellnessth.com/blog/growth-factor/","200","","https://new.thrivewellnessth.com/blog/growth-factor/","200","noindex, nofollow, noarchive","369","28","","Growth Factor คืออะไร กระชับรูขุมขน เติมเต็มอาหารผิว | ไธรฟ์ เวลเนส คล","70","Growth Factor คืออะไร? สารที่เกิดขึ้นเองตามธรรมชาติในร่างกาย สกัดจาก Placenta (รก) ช่วยกระตุ้นการเจริญเติบโตของเซลล์ ปรับสมดุลฮอร์โมน ชะลอวัย กระชับรูขุมขน เติมเต็มอาหารผ","170","index, follow","https://new.thrivewellnessth.com/blog/growth-factor","https://cdn.sanity.io/images/fc8ot1td/production/70ace8b1ae3b7ccc26046da00ba70ca7a98be462-6016x4016.jpg?rect=0,429,6016,3158&#38;w=1200&#38;h=630&#38;auto=format","th-TH=https://new.thrivewellnessth.com/blog/growth-factor | x-default=https://new.thrivewellnessth.com/blog/growth-factor","1","Growth Factor คืออะไร","BlogPosting MedicalWebPage WebPage Organization ImageObject MedicalAudience BreadcrumbList ListItem FAQPage Question Answer","5781","5","0","45","1","2"
"https://new.thrivewellnessth.com/blog/growth-hormone-2/","200","","https://new.thrivewellnessth.com/blog/growth-hormone-2/","200","noindex, nofollow, noarchive","344","35","","โกรทฮอร์โมน คืออะไร? อาการลดลงในผู้ใหญ่ และวิธีเพิ่มตามธรรมชาติ","63","หลังอายุ 30 โกรทฮอร์โมนลดลงกว่า 83% — เหนื่อย นอนไม่หลับ ไขมันพุง อ่านอาการ สาเหตุ 6 วิธีเพิ่ม และตรวจ IGF-1 กับแพทย์ที่ Thrive Clinic ลาดพร้าว","143","index, follow","https://new.thrivewellnessth.com/blog/growth-hormone-2","https://cdn.sanity.io/images/fc8ot1td/production/749bd7a22d7f69bb6ce33ade6f17577bc9806597-4344x2893.jpg?rect=0,307,4344,2281&#38;w=1200&#38;h=630&#38;auto=format","th-TH=https://new.thrivewellnessth.com/blog/growth-hormone-2 | x-default=https://new.thrivewellnessth.com/blog/growth-hormone-2","1","โกรทฮอร์โมน คืออะไร? อาการลดลงในผู้ใหญ่ และวิธีเพิ่มตามธรรมชาติ","BlogPosting MedicalWebPage WebPage Organization ImageObject MedicalAudience BreadcrumbList ListItem FAQPage Question Answer","10013","4","0","46","0","1"
"https://new.thrivewellnessth.com/blog/gut-bacteria-brain-connection/","200","","https://new.thrivewellnessth.com/blog/gut-bacteria-brain-connection/","200","noindex, nofollow, noarchive","748","40","","แบคทีเรียในลำไส้ส่งผลต่อสมอง: วิทยาศาสตร์ 'สมองที่สอง'","54","แบคทีเรียในลำไส้ส่งผลต่อสมองและอารมณ์อย่างไร? เข้าใจกลไก SCFA และ gut-brain axis เบื้องหลัง","91","index, follow","https://new.thrivewellnessth.com/blog/gut-bacteria-brain-connection","https://cdn.sanity.io/images/fc8ot1td/production/953e4fd73c6c973ec1f561329e6ee30defaa47ad-4096x2730.jpg?rect=0,290,4096,2150&#38;w=1200&#38;h=630&#38;auto=format","th-TH=https://new.thrivewellnessth.com/blog/gut-bacteria-brain-connection | x-default=https://new.thrivewellnessth.com/blog/gut-bacteria-brain-connection","1","แบคทีเรียในลำไส้ส่งผลต่อสมองอย่างไร? ความลับของ 'สมองที่สอง'","BlogPosting MedicalWebPage WebPage Organization ImageObject MedicalAudience BreadcrumbList ListItem FAQPage Question Answer","14727","7","0","44","0","1"
"https://new.thrivewellnessth.com/blog/hairloss/","200","","https://new.thrivewellnessth.com/blog/hairloss/","200","noindex, nofollow, noarchive","544","40","","ผมร่วงจากฮอร์โมน สาเหตุ + ตรวจฮอร์โมนผมร่วง ที่ไหนดี | Thrive Wellness Bangkok","78","ผมร่วงจากฮอร์โมนเกิดจากอะไร ต้องตรวจฮอร์โมนตัวไหนบ้าง พร้อมวิธีดูแลผมร่วงให้ตรงจุดกว่าซื้อผลิตภัณฑ์มาลองเอง โดย Thrive Wellness","127","index, follow","https://new.thrivewellnessth.com/blog/hairloss","https://cdn.sanity.io/images/fc8ot1td/production/d1fcbb84b18c9265101ccd5f7f9e9e88e2ba9d5c-1200x630.webp?w=1200&#38;h=630&#38;auto=format","th-TH=https://new.thrivewellnessth.com/blog/hairloss | x-default=https://new.thrivewellnessth.com/blog/hairloss","1","ผมร่วงจากฮอร์โมน สาเหตุ อาการ และตรวจฮอร์โมนอะไรบ้างให้ตรงจุด","BlogPosting MedicalWebPage WebPage Organization ImageObject MedicalAudience BreadcrumbList ListItem FAQPage Question Answer","15426","4","0","43","0","1"
"https://new.thrivewellnessth.com/blog/hbot-after-cosmetic-surgery/","200","","https://new.thrivewellnessth.com/blog/hbot-after-cosmetic-surgery/","200","noindex, nofollow, noarchive","811","36","","HBOT หลังทำศัลยกรรม เร่งแผลหายไวเกือบ 3 เท่า? | Thrive Bangkok","62","งานวิจัยพบ HBOT ช่วยแผลหลังศัลยกรรมหายไวขึ้นเกือบ 3 เท่า อ่านกลไก ข้อบ่งใช้ และตารางเริ่มทำที่เหมาะสม ก่อนตัดสินใจที่ Thrive Wellness","133","index, follow","https://new.thrivewellnessth.com/blog/hbot-after-cosmetic-surgery","https://cdn.sanity.io/images/fc8ot1td/production/8df9d59b18e7241f82c7ed4326ff34e3b12844b2-1200x630.webp?w=1200&#38;h=630&#38;auto=format","th-TH=https://new.thrivewellnessth.com/blog/hbot-after-cosmetic-surgery | x-default=https://new.thrivewellnessth.com/blog/hbot-after-cosmetic-surgery","1","HBOT หลังทำศัลยกรรมความงาม: เร่งแผลหายจาก 36.9 วัน เหลือ 13.3 วันจริงไหม?","BlogPosting MedicalWebPage WebPage Organization ImageObject MedicalAudience BreadcrumbList ListItem FAQPage Question Answer","12749","4","0","42","0","1"
"https://new.thrivewellnessth.com/blog/hbot-and-sleep/","200","","https://new.thrivewellnessth.com/blog/hbot-and-sleep/","200","noindex, nofollow, noarchive","606","34","","HBOT กับการนอนหลับ ได้ผลจริงหรือแค่รู้สึก? | Thrive Bangkok","59","HBOT ช่วยให้นอนหลับดีขึ้นจริงไหม? ดูข้อมูลตามจริง — กลุ่มไหนมีหลักฐานชัด กลุ่มไหนยังไม่มี ก่อนตัดสินใจที่ Thrive Wellness กรุงเทพ","129","index, follow","https://new.thrivewellnessth.com/blog/hbot-and-sleep","https://cdn.sanity.io/images/fc8ot1td/production/c37a43f1bc0aa3d89b32cc468a306a73233c3ca6-1200x630.webp?w=1200&#38;h=630&#38;auto=format","th-TH=https://new.thrivewellnessth.com/blog/hbot-and-sleep | x-default=https://new.thrivewellnessth.com/blog/hbot-and-sleep","1","ทำไมหลายคนออกจากแคปซูล HBOT แล้วคืนนั้นหลับลึกขึ้น — วิทยาศาสตร์บอกอะไรบ้าง","BlogPosting MedicalWebPage WebPage Organization ImageObject MedicalAudience BreadcrumbList ListItem FAQPage Question Answer","11071","4","0","42","0","1"
"https://new.thrivewellnessth.com/blog/herbal-compress-massage/","200","","https://new.thrivewellnessth.com/blog/herbal-compress-massage/","200","noindex, nofollow, noarchive","1222","39","","นวดประคบสมุนไพร ลดปวดได้จริง? งานวิจัย 778 ราย ตอบ | Thrive","59","ประคบสมุนไพรลดปวดกล้ามเนื้อได้เทียบเท่า NSAID — งานวิจัย 778 ราย รองรับ อ่านสมุนไพร 7 ชนิด กลไก ข้อห้าม และความถี่ที่ถูก แล้วโทรปรึกษา Thrive ฟรี","145","index, follow","https://new.thrivewellnessth.com/blog/herbal-compress-massage","https://cdn.sanity.io/images/fc8ot1td/production/a10f6bd30f9e9a3835f58cad6714cc34d860b828-7952x5304.jpg?rect=0,565,7952,4175&#38;w=1200&#38;h=630&#38;auto=format","th-TH=https://new.thrivewellnessth.com/blog/herbal-compress-massage | x-default=https://new.thrivewellnessth.com/blog/herbal-compress-massage","1","นวดประคบสมุนไพร คืออะไร? ภูมิปัญญาไทย 700 ปี ลดปวดกล้ามเนื้อจริงแค่ไหน","BlogPosting MedicalWebPage WebPage Organization ImageObject MedicalAudience BreadcrumbList ListItem FAQPage Question Answer","11865","4","0","42","1","2"
"https://new.thrivewellnessth.com/blog/how-to-overcome-burn-out-syndrome/","200","","https://new.thrivewellnessth.com/blog/how-to-overcome-burn-out-syndrome/","200","noindex, nofollow, noarchive","547","43","","Burnout Syndrome คืออะไร สาเหตุ อาการ และการฟื้นฟู | Thrive Wellness","68","Burnout Syndrome (WHO ICD-11) หมดไฟ 3 มิติ: หมดแรง แยกตัว ประสิทธิภาพลด เชื่อมโยง Adrenal Fatigue และ HPA Axis — แพทย์อธิบายวิธีฟื้นฟูที่ได้ผลจริง","146","index, follow","https://new.thrivewellnessth.com/blog/how-to-overcome-burn-out-syndrome","https://cdn.sanity.io/images/fc8ot1td/production/b57e6f98165d2c32281a14f08894a78dfb29d403-5855x3903.jpg?rect=0,415,5855,3074&#38;w=1200&#38;h=630&#38;auto=format","th-TH=https://new.thrivewellnessth.com/blog/how-to-overcome-burn-out-syndrome | x-default=https://new.thrivewellnessth.com/blog/how-to-overcome-burn-out-syndrome","1","Burnout Syndrome คืออะไร? สาเหตุ อาการ และการฟื้นตัวที่ได้ผลจริง","BlogPosting MedicalWebPage WebPage Organization ImageObject MedicalAudience BreadcrumbList ListItem FAQPage Question Answer","12572","4","0","46","1","2"
"https://new.thrivewellnessth.com/blog/human-growth-hormone/","200","","https://new.thrivewellnessth.com/blog/human-growth-hormone/","200","noindex, nofollow, noarchive","363","41","","8 วิธีเพิ่ม Growth Hormone ตามธรรมชาติ — HGH คืออะไร | Thrive Wellness","70","Growth Hormone (HGH) ลดลงหลังอายุ 30 ส่งผลต่อกล้ามเนื้อ ไขมัน การนอน และความจำ — 8 วิธีกระตุ้น HGH ตามธรรมชาติ แพทย์อธิบายครบ ปรึกษาฟรีที่ Thrive ลาดพร้าว","154","index, follow","https://new.thrivewellnessth.com/blog/human-growth-hormone","https://cdn.sanity.io/images/fc8ot1td/production/333ad22a514d77b0fc86191b314688d75e2cab27-6000x4000.jpg?rect=0,425,6000,3150&#38;w=1200&#38;h=630&#38;auto=format","th-TH=https://new.thrivewellnessth.com/blog/human-growth-hormone | x-default=https://new.thrivewellnessth.com/blog/human-growth-hormone","1","8 วิธีเพิ่ม Growth Hormone ตามธรรมชาติ โดยไม่ต้องฉีด HGH","BlogPosting MedicalWebPage WebPage Organization ImageObject MedicalAudience BreadcrumbList ListItem FAQPage Question Answer","12653","5","0","48","4","4"
"https://new.thrivewellnessth.com/blog/hyrox-overtraining-hormone-imbalance/","200","","https://new.thrivewellnessth.com/blog/hyrox-overtraining-hormone-imbalance/","200","noindex, nofollow, noarchive","328","37","","ซ้อม HYROX หนักไป เสี่ยง Overtraining ไหม? | Thrive Bangkok","59","ก่อนแข่ง HYROX Bangkok 13-16 ส.ค. นี้ เช็กสัญญาณ Overtraining Syndrome และ RED-S ที่ทำฮอร์โมนรวน พร้อมวิธีตรวจและป้องกัน — แพทย์ Thrive อธิบาย","142","index, follow","https://new.thrivewellnessth.com/blog/hyrox-overtraining-hormone-imbalance","https://cdn.sanity.io/images/fc8ot1td/production/a98dbe770bbd52bf148a8c1904e4ed5b9bb8e0db-1200x630.webp?w=1200&#38;h=630&#38;auto=format","th-TH=https://new.thrivewellnessth.com/blog/hyrox-overtraining-hormone-imbalance | x-default=https://new.thrivewellnessth.com/blog/hyrox-overtraining-hormone-imbalance","1","ซ้อม HYROX หนักแค่ไหนถึงเรียก Overtraining? เช็กฮอร์โมนก่อนแข่ง","BlogPosting MedicalWebPage WebPage Organization ImageObject MedicalAudience BreadcrumbList ListItem FAQPage Question Answer","13339","4","0","45","0","1"
"https://new.thrivewellnessth.com/blog/immunesystem/","200","","https://new.thrivewellnessth.com/blog/immunesystem/","200","noindex, nofollow, noarchive","284","34","","ระบบภูมิคุ้มกัน คืออะไร? และจะเสริมให้แข็งแกร่งได้อย่างไร","57","ระบบภูมิคุ้มกันคืออะไร ทำงานอย่างไร สัญญาณภูมิคุ้มกันอ่อนแอ และวิธีเสริมภูมิคุ้มกันอย่างได้ผล โดย พญ.ชนากานต์ ที่ Thrive Wellness Clinic ลาดพร้าว โทร 095-934-9640","162","index, follow","https://new.thrivewellnessth.com/blog/immunesystem","https://cdn.sanity.io/images/fc8ot1td/production/43ed6ee03061062e500a740e059525b709f86ad6-6000x4000.jpg?rect=0,425,6000,3150&#38;w=1200&#38;h=630&#38;auto=format","th-TH=https://new.thrivewellnessth.com/blog/immunesystem | x-default=https://new.thrivewellnessth.com/blog/immunesystem","1","ระบบภูมิคุ้มกัน คืออะไร? ทำงานอย่างไร และจะเสริมให้แข็งแกร่งได้อย่างไร","BlogPosting MedicalWebPage WebPage Organization ImageObject MedicalAudience BreadcrumbList ListItem FAQPage Question Answer","9069","4","0","46","0","1"
"https://new.thrivewellnessth.com/blog/immunity/","200","","https://new.thrivewellnessth.com/blog/immunity/","200","noindex, nofollow, noarchive","404","48","","ป่วยง่าย ป่วยบ่อย — วิตามิน 6 ตัวเสริมภูมิคุ้มกันที่มีหลักฐานสนับสนุน","69","ป่วยง่าย ป่วยบ่อย? 6 วิตามินเสริมภูมิคุ้มกัน: Vitamin C, D, Zinc, Omega-3, Beta-Glucan, Vitamin A พร้อมกลไกทางคลินิก ปริมาณที่ควรได้รับ และวิธีตรวจหาจุดอ่อนภูมิคุ้มกัน","167","index, follow","https://new.thrivewellnessth.com/blog/immunity","https://cdn.sanity.io/images/fc8ot1td/production/f88c7657932f57b1da460463e4c2669c76da9976-6720x4480.jpg?rect=0,476,6720,3528&#38;w=1200&#38;h=630&#38;auto=format","th-TH=https://new.thrivewellnessth.com/blog/immunity | x-default=https://new.thrivewellnessth.com/blog/immunity","1","ป่วยง่าย ป่วยบ่อย — วิตามินและแร่ธาตุ 6 ตัวเสริมภูมิคุ้มกัน","BlogPosting MedicalWebPage WebPage Organization ImageObject MedicalAudience BreadcrumbList ListItem FAQPage Question Answer","21127","5","0","44","1","2"
"https://new.thrivewellnessth.com/blog/insulin/","200","","https://new.thrivewellnessth.com/blog/insulin/","200","noindex, nofollow, noarchive","638","35","","อินซูลิน ฮอร์โมนควบคุมน้ำตาล Insulin Resistance คืออะไร | Thrive Welln","70","อินซูลิน (Insulin) ฮอร์โมนป้องกันเบาหวาน คืออะไร Insulin Resistance ดื้ออินซูลิน อาการ สาเหตุ และวิธีแก้ไข — แพทย์อธิบายครบ ปรึกษาฟรีที่ Thrive","143","index, follow","https://new.thrivewellnessth.com/blog/insulin","https://cdn.sanity.io/images/fc8ot1td/production/bd37d514f9712bc0d4faf1b1cb75f047e0ccd419-4000x2666.jpg?rect=0,283,4000,2100&#38;w=1200&#38;h=630&#38;auto=format","th-TH=https://new.thrivewellnessth.com/blog/insulin | x-default=https://new.thrivewellnessth.com/blog/insulin","1","อินซูลิน — ฮอร์โมนที่คุมน้ำตาล และทำไมดื้ออินซูลินจึงอันตราย","BlogPosting MedicalWebPage WebPage Organization ImageObject MedicalAudience BreadcrumbList ListItem FAQPage Question Answer","9165","4","0","48","2","3"
"https://new.thrivewellnessth.com/blog/l-carnitine/","200","","https://new.thrivewellnessth.com/blog/l-carnitine/","200","noindex, nofollow, noarchive","517","49","","L-Carnitine คืออะไร ประโยชน์ แหล่งอาหาร และปริมาณที่เหมาะสม","59","L-Carnitine (แอล-คาร์นิทีน) คืออะไร ทำหน้าที่อะไรในร่างกาย ประโยชน์ต่อพลังงาน การเผาผลาญไขมัน หัวใจ สมอง และการฟื้นตัว แหล่งอาหาร ปริมาณแนะนำ และการตรวจระดับ L-Carnitine","169","index, follow","https://new.thrivewellnessth.com/blog/l-carnitine","https://cdn.sanity.io/images/fc8ot1td/production/eae3bf04c354a378921c8f430352a90d0121ddfb-6038x4025.jpg?rect=0,428,6038,3170&#38;w=1200&#38;h=630&#38;auto=format","th-TH=https://new.thrivewellnessth.com/blog/l-carnitine | x-default=https://new.thrivewellnessth.com/blog/l-carnitine","1","L-Carnitine คืออะไร ประโยชน์ แหล่งอาหาร และปริมาณที่เหมาะสม","BlogPosting MedicalWebPage WebPage Organization ImageObject MedicalAudience BreadcrumbList ListItem FAQPage Question Answer","21898","5","0","42","0","1"
"https://new.thrivewellnessth.com/blog/leaky-gut-immunity/","200","","https://new.thrivewellnessth.com/blog/leaky-gut-immunity/","200","noindex, nofollow, noarchive","156","36","","ลำไส้รั่ว ส่งผลต่อภูมิคุ้มกันอย่างไร อาการ และวิธีดูแล","54","ลำไส้รั่ว (Leaky Gut) คืออะไร ส่งผลต่อภูมิคุ้มกันอย่างไร อาการที่บ่งชี้ และวิธีดูแลลำไส้ให้แข็งแรง รวมถึงการตรวจ Urine Organic Acids ที่ Thrive Bangkok","151","index, follow","https://new.thrivewellnessth.com/blog/leaky-gut-immunity","https://cdn.sanity.io/images/fc8ot1td/production/ec1700c4458b9fd1f7276835d0c461af16fa7d1a-4484x3363.jpg?rect=0,505,4484,2354&#38;w=1200&#38;h=630&#38;auto=format","th-TH=https://new.thrivewellnessth.com/blog/leaky-gut-immunity | x-default=https://new.thrivewellnessth.com/blog/leaky-gut-immunity","2","ลำไส้รั่ว ส่งผลต่อภูมิคุ้มกันอย่างไร — และจะรู้ได้ยังไงว่าลำไส้ตัวเองมีปัญหา","BlogPosting MedicalWebPage WebPage Organization ImageObject MedicalAudience BreadcrumbList ListItem FAQPage Question Answer","10941","4","0","43","0","1"
"https://new.thrivewellnessth.com/blog/low-testosterone-heavy-exercise-men/","200","","https://new.thrivewellnessth.com/blog/low-testosterone-heavy-exercise-men/","200","noindex, nofollow, noarchive","358","33","","เทสโทสเตอโรนต่ำจากซ้อมหนัก ไม่ใช่แค่อายุ | Thrive Bangkok","57","นักกีฬาผู้ชายที่ซ้อมหนักต่อเนื่องอาจเทสโทสเตอโรนต่ำได้โดยไม่เกี่ยวกับอายุ เช็กอาการ สาเหตุ และวิธีตรวจ Exercise Hypogonadal Male Condition — แพทย์ Thrive อธิบาย","160","index, follow","https://new.thrivewellnessth.com/blog/low-testosterone-heavy-exercise-men","https://cdn.sanity.io/images/fc8ot1td/production/7497fd8b1b1658cb6e92e49cc48c3c26a7f6c297-1200x630.webp?w=1200&#38;h=630&#38;auto=format","th-TH=https://new.thrivewellnessth.com/blog/low-testosterone-heavy-exercise-men | x-default=https://new.thrivewellnessth.com/blog/low-testosterone-heavy-exercise-men","1","ทำไมนักกีฬาซ้อมหนักถึงเทสโทสเตอโรนต่ำ — ไม่ใช่แค่เรื่องอายุ","BlogPosting MedicalWebPage WebPage Organization ImageObject MedicalAudience BreadcrumbList ListItem FAQPage Question Answer","10649","4","0","42","0","1"
"https://new.thrivewellnessth.com/blog/lower-ldl-naturally/","200","","https://new.thrivewellnessth.com/blog/lower-ldl-naturally/","200","noindex, nofollow, noarchive","304","42","","วิธีลด LDL ตามธรรมชาติ — 8 วิธีไม่ต้องพึ่งยา","44","LDL สูงลดได้โดยไม่ต้องกินยา ด้วยอาหาร ออกกำลังกาย และการดูแลแบบ Functional Medicine — Thrive Wellness Clinic ลาดพร้าว","117","index, follow","https://new.thrivewellnessth.com/blog/lower-ldl-naturally","https://cdn.sanity.io/images/fc8ot1td/production/ca2c979e24770aa0d5d335bda6638b134fcfcf37-2848x1504.png?rect=0,5,2848,1495&#38;w=1200&#38;h=630&#38;auto=format","th-TH=https://new.thrivewellnessth.com/blog/lower-ldl-naturally | x-default=https://new.thrivewellnessth.com/blog/lower-ldl-naturally","1","วิธีลด LDL ตามธรรมชาติ — 8 วิธีที่ได้ผล ไม่ต้องพึ่งยา","BlogPosting MedicalWebPage WebPage Organization ImageObject MedicalAudience BreadcrumbList ListItem FAQPage Question Answer","16752","7","0","42","0","1"
"https://new.thrivewellnessth.com/blog/magnesium/","200","","https://new.thrivewellnessth.com/blog/magnesium/","200","noindex, nofollow, noarchive","104","45","","แมกนีเซียม ลดไมเกรน ช่วยนอนหลับ — คู่มือแพทย์ | Thrive","54","แมกนีเซียม Glycinate ดูดซึม 80% vs Oxide แค่ 4% — แพทย์อธิบายกลไกลดไมเกรน ช่วยนอน GABA/NMDA RDA ตามอายุ 5 ประเภท และวิธีกิน ปรึกษาฟรีที่ Thrive ลาดพร้าว","152","index, follow","https://new.thrivewellnessth.com/blog/magnesium","https://cdn.sanity.io/images/fc8ot1td/production/d357f3bb0a767622ee1405a981df336284700a15-5335x3557.jpg?rect=0,379,5335,2801&#38;w=1200&#38;h=630&#38;auto=format","th-TH=https://new.thrivewellnessth.com/blog/magnesium | x-default=https://new.thrivewellnessth.com/blog/magnesium","1","แมกนีเซียม — ลดไมเกรน ช่วยนอนหลับ คู่มือฉบับสมบูรณ์จากแพทย์","BlogPosting MedicalWebPage WebPage Organization ImageObject MedicalAudience BreadcrumbList ListItem FAQPage Question Answer","15752","4","0","42","2","3"
"https://new.thrivewellnessth.com/blog/matcha-nutrients-vitamins/","200","","https://new.thrivewellnessth.com/blog/matcha-nutrients-vitamins/","200","noindex, nofollow, noarchive","412","39","","สารอาหารในมัทฉะมีอะไรบ้าง วิตามิน EGCG และการดูดซึมจริง","55","มัทฉะอุดมวิตามิน A C K แคลเซียม และ EGCG แต่ร่างกายดูดซึมได้จริงแค่ไหน? ไขข้อสงสัยพร้อมวิธีตรวจระดับวิตามินจริงที่ Thrive Bangkok","129","index, follow","https://new.thrivewellnessth.com/blog/matcha-nutrients-vitamins","https://cdn.sanity.io/images/fc8ot1td/production/c617c1384f39522274342b7347816d7964a7b658-1260x720.png?rect=0,29,1260,662&#38;w=1200&#38;h=630&#38;auto=format","th-TH=https://new.thrivewellnessth.com/blog/matcha-nutrients-vitamins | x-default=https://new.thrivewellnessth.com/blog/matcha-nutrients-vitamins","1","สารอาหารในมัทฉะมีอะไรบ้าง และร่างกายได้รับจริงแค่ไหน?","BlogPosting MedicalWebPage WebPage Organization ImageObject MedicalAudience BreadcrumbList ListItem FAQPage Question Answer","13809","7","0","42","0","1"
"https://new.thrivewellnessth.com/blog/menorrhagia/","200","","https://new.thrivewellnessth.com/blog/menorrhagia/","200","noindex, nofollow, noarchive","518","40","","ประจำเดือนมามากผิดปกติ — สาเหตุ อาการ และวิธีรักษา | Thrive","59","ประจำเดือนมามากผิดปกติ (Menorrhagia) เกิดจากอะไร? เสี่ยงโลหิตจางและขาดธาตุเหล็ก แพทย์อธิบายสาเหตุ PALM-COEIN การวินิจฉัย และวิธีรักษา ปรึกษาฟรีที่ Thrive ลาดพร้าว 095-934","170","index, follow","https://new.thrivewellnessth.com/blog/menorrhagia","https://cdn.sanity.io/images/fc8ot1td/production/3823ef12cedfebd993fb0fb5f3b2db808218c6b1-6720x4480.jpg?rect=0,476,6720,3528&#38;w=1200&#38;h=630&#38;auto=format","th-TH=https://new.thrivewellnessth.com/blog/menorrhagia | x-default=https://new.thrivewellnessth.com/blog/menorrhagia","1","ประจำเดือนมามากผิดปกติ (Menorrhagia) — สาเหตุ อาการ และการรักษาที่ถูกต้อง","BlogPosting MedicalWebPage WebPage Organization ImageObject MedicalAudience BreadcrumbList ListItem FAQPage Question Answer","11876","5","0","42","2","4"
"https://new.thrivewellnessth.com/blog/menstrual-pain/","200","","https://new.thrivewellnessth.com/blog/menstrual-pain/","200","noindex, nofollow, noarchive","320","46","","ปวดท้องเมนส์ อาการปวดหนัก สาเหตุ และวิธีแก้จากรากเหง้า","54","ปวดท้องเมนส์ (Dysmenorrhea) สาเหตุจาก Prostaglandin, Estrogen Dominance และ Endometriosis วิธีแก้ปวดท้องประจำเดือน 7 อาการที่ต้องรู้ และการตรวจฮอร์โมนเชิงลึกที่ Thrive We","170","index, follow","https://new.thrivewellnessth.com/blog/menstrual-pain","https://cdn.sanity.io/images/fc8ot1td/production/a1fb6373152158b64638bd54b5a4e770c12b6451-7008x4672.jpg?rect=0,497,7008,3679&#38;w=1200&#38;h=630&#38;auto=format","th-TH=https://new.thrivewellnessth.com/blog/menstrual-pain | x-default=https://new.thrivewellnessth.com/blog/menstrual-pain","1","ปวดท้องเมนส์ อาการปวดหนัก สาเหตุจริงและวิธีแก้จากรากเหง้า","BlogPosting MedicalWebPage WebPage Organization ImageObject MedicalAudience BreadcrumbList ListItem FAQPage Question Answer","19082","5","0","42","0","1"
"https://new.thrivewellnessth.com/blog/mental-health/","200","","https://new.thrivewellnessth.com/blog/mental-health/","200","noindex, nofollow, noarchive","391","30","","บทความสุขภาพจิต ความเครียด ซึมเศร้า | Thrive Wellness Clinic","60","รวมบทความสุขภาพจิต ซึมเศร้า ความเครียด นอนไม่หลับ และการดูแลจิตใจ เขียนและตรวจทานโดยทีมแพทย์ Thrive Wellness Clinic กรุงเทพฯ พร้อมแนวทางปรึกษานักบำบัดตัวต่อตัว","159","index, follow","https://new.thrivewellnessth.com/blog/mental-health","https://new.thrivewellnessth.com/og-image.jpg","th-TH=https://new.thrivewellnessth.com/blog/mental-health | x-default=https://new.thrivewellnessth.com/blog/mental-health","1","รวมเรื่อง สุขภาพใจ","CollectionPage Blog ItemList ListItem BreadcrumbList","4343","12","0","71","0","1"
"https://new.thrivewellnessth.com/blog/minerals/","200","","https://new.thrivewellnessth.com/blog/minerals/","200","noindex, nofollow, noarchive","678","52","","แร่ธาตุ คืออะไร มีอะไรบ้าง และพบในอาหารชนิดใด","45","แร่ธาตุ คือสารอนินทรีย์จำเป็นที่ร่างกายสังเคราะห์เองไม่ได้ ทั้งแร่ธาตุหลัก (Ca Mg K Na) และแร่ธาตุรอง (Zn Se Fe I) — อาการขาด แหล่งอาหาร และวิธีตรวจ Oligoscan","158","index, follow","https://new.thrivewellnessth.com/blog/minerals","https://cdn.sanity.io/images/fc8ot1td/production/4dae7e6353252e752ca83637027e7a935fc549b5-6720x4480.jpg?rect=0,476,6720,3528&#38;w=1200&#38;h=630&#38;auto=format","th-TH=https://new.thrivewellnessth.com/blog/minerals | x-default=https://new.thrivewellnessth.com/blog/minerals","1","แร่ธาตุ คืออะไร มีอะไรบ้าง และพบในอาหารชนิดใด","BlogPosting MedicalWebPage WebPage Organization ImageObject MedicalAudience BreadcrumbList ListItem FAQPage Question Answer","23355","5","0","44","1","2"
"https://new.thrivewellnessth.com/blog/mood-swings/","200","","https://new.thrivewellnessth.com/blog/mood-swings/","200","noindex, nofollow, noarchive","738","38","","อารมณ์แปรปรวน: PMS PMDD สาเหตุ วิธีรับมือ","41","อารมณ์แปรปรวนจากฮอร์โมนพบในผู้หญิง 20–40% — รู้จัก PMS PMDD ต่างกันยังไง สาเหตุ 5 ข้อ 6 วิธีรับมือ และตรวจฮอร์โมนที่ Thrive Clinic ลาดพร้าว","139","index, follow","https://new.thrivewellnessth.com/blog/mood-swings","https://cdn.sanity.io/images/fc8ot1td/production/6b8ba153c04b1fec9226334166c5fc1ed9af116e-6000x3273.jpg?rect=0,62,6000,3150&#38;w=1200&#38;h=630&#38;auto=format","th-TH=https://new.thrivewellnessth.com/blog/mood-swings | x-default=https://new.thrivewellnessth.com/blog/mood-swings","1","อารมณ์แปรปรวน คืออะไร? PMS PMDD สาเหตุ และวิธีรับมืออย่างมีประสิทธิภาพ","BlogPosting MedicalWebPage WebPage Organization ImageObject MedicalAudience BreadcrumbList ListItem FAQPage Question Answer","12101","4","0","46","0","1"
"https://new.thrivewellnessth.com/blog/natural-depression-treatment/","200","","https://new.thrivewellnessth.com/blog/natural-depression-treatment/","200","noindex, nofollow, noarchive","708","39","","วิธีรักษาซึมเศร้าแบบธรรมชาติ ที่ได้ผลจริง","41","ซึมเศร้ารักษาได้โดยไม่ต้องพึ่งยาเพียงอย่างเดียว รู้จักวิธีธรรมชาติที่พิสูจน์แล้วว่าได้ผล และเข้าใจว่าเมื่อไหร่ควรปรึกษาผู้เชี่ยวชาญที่ Thrive Bangkok","149","index, follow","https://new.thrivewellnessth.com/blog/natural-depression-treatment","https://cdn.sanity.io/images/fc8ot1td/production/6a0c3fc6a09d0f03e5e0895725c7ba28d5976e35-3872x2592.jpg?rect=0,280,3872,2033&#38;w=1200&#38;h=630&#38;auto=format","th-TH=https://new.thrivewellnessth.com/blog/natural-depression-treatment | x-default=https://new.thrivewellnessth.com/blog/natural-depression-treatment","2","วิธีรักษาซึมเศร้าแบบธรรมชาติ ที่ได้ผลจริง — และเมื่อไหร่ควรพบผู้เชี่ยวชาญ","BlogPosting MedicalWebPage WebPage Organization ImageObject MedicalAudience BreadcrumbList ListItem FAQPage Question Answer","15149","4","0","43","0","1"
"https://new.thrivewellnessth.com/blog/neurotransmitter/","200","","https://new.thrivewellnessth.com/blog/neurotransmitter/","200","noindex, nofollow, noarchive","577","48","","แฟนไม่ได้หมดรัก แต่สารสื่อประสาทเปลี่ยน — วิทยาศาสตร์ความรักและสมอง","67","ทำไมความรักถึงเปลี่ยนไปหลังคบกันนาน? ไม่ใช่เพราะแฟนหมดรัก แต่เพราะ Dopamine, Oxytocin และ Serotonin เปลี่ยน เรียนรู้วิทยาศาสตร์ความรัก 3 ระยะ และวิธีดูแลสมองให้ความสัมพัน","170","index, follow","https://new.thrivewellnessth.com/blog/neurotransmitter","https://cdn.sanity.io/images/fc8ot1td/production/5c1eb663132a3f3578f6a5ed724839385db82379-5184x3888.jpg?rect=0,583,5184,2722&#38;w=1200&#38;h=630&#38;auto=format","th-TH=https://new.thrivewellnessth.com/blog/neurotransmitter | x-default=https://new.thrivewellnessth.com/blog/neurotransmitter","1","แฟนไม่ได้หมดรัก แต่สารสื่อประสาทของคุณเปลี่ยนไป","BlogPosting MedicalWebPage WebPage Organization ImageObject MedicalAudience BreadcrumbList ListItem FAQPage Question Answer","19776","5","0","42","1","2"
"https://new.thrivewellnessth.com/blog/neurotransmitters/","200","","https://new.thrivewellnessth.com/blog/neurotransmitters/","200","noindex, nofollow, noarchive","695","45","","สารสื่อประสาท (Neurotransmitters) คืออะไร Serotonin Dopamine GABA | Th","70","สารสื่อประสาท (Neurotransmitters) คืออะไร Serotonin Dopamine GABA Glutamate กลไก Synapse สาเหตุที่ไม่สมดุล วิธีฟื้นฟูด้วยโภชนาการ และการตรวจ Neurotransmitter Profile ที่","169","index, follow","https://new.thrivewellnessth.com/blog/neurotransmitters","https://cdn.sanity.io/images/fc8ot1td/production/d224cee2c9a2fcd1ca59b9fb6b88f63acc27dff3-6275x4000.jpg?rect=0,353,6275,3294&#38;w=1200&#38;h=630&#38;auto=format","th-TH=https://new.thrivewellnessth.com/blog/neurotransmitters | x-default=https://new.thrivewellnessth.com/blog/neurotransmitters","1","สารสื่อประสาท (Neurotransmitters) คืออะไร?","BlogPosting MedicalWebPage WebPage Organization ImageObject MedicalAudience BreadcrumbList ListItem FAQPage Question Answer","15423","4","0","42","1","2"
"https://new.thrivewellnessth.com/blog/nkcell/","200","","https://new.thrivewellnessth.com/blog/nkcell/","200","noindex, nofollow, noarchive","814","37","","NK Cell เซลล์เพชฌฆาตธรรมชาติ คืออะไร ทำไมต้องตรวจ | Thrive Wellness","67","NK Cell (Natural Killer Cell) เซลล์เพชฌฆาตธรรมชาติ ทำลายมะเร็งและไวรัสโดยไม่ต้องรอ — รู้ระดับ NK ของคุณ อาการที่บ่งบอกว่า NK ต่ำ และวิธีเพิ่มประสิทธิภาพ","152","index, follow","https://new.thrivewellnessth.com/blog/nkcell","https://cdn.sanity.io/images/fc8ot1td/production/1ddb92c65bb9a0198c063f9ebf269120143131d7-4961x3543.jpg?rect=0,470,4961,2605&#38;w=1200&#38;h=630&#38;auto=format","th-TH=https://new.thrivewellnessth.com/blog/nkcell | x-default=https://new.thrivewellnessth.com/blog/nkcell","1","NK Cell เซลล์เพชฌฆาตธรรมชาติ คืออะไร และทำไมต้องตรวจ?","BlogPosting MedicalWebPage WebPage Organization ImageObject MedicalAudience BreadcrumbList ListItem FAQPage Question Answer","10127","4","0","47","1","2"
"https://new.thrivewellnessth.com/blog/non-alcoholic-fatty-liver-real-causes/","200","","https://new.thrivewellnessth.com/blog/non-alcoholic-fatty-liver-real-causes/","200","noindex, nofollow, noarchive","411","37","","ไขมันพอกตับ ที่มาไม่ใช่แค่เหล้า — เส้นทางสู่มะเร็งตับ","53","ไขมันพอกตับเกิดจากน้ำตาล ไขมันทรานส์ และภาวะดื้ออินซูลิน ไม่ใช่แค่แอลกอฮอล์ เรียนรู้เส้นทางลุกลาม และวิธีตรวจก่อนสาย","116","index, follow","https://new.thrivewellnessth.com/blog/non-alcoholic-fatty-liver-real-causes","https://cdn.sanity.io/images/fc8ot1td/production/7602f3c6be9a2e569a34a729c172e753715543b9-1680x944.jpg?rect=0,31,1680,882&#38;w=1200&#38;h=630&#38;auto=format","th-TH=https://new.thrivewellnessth.com/blog/non-alcoholic-fatty-liver-real-causes | x-default=https://new.thrivewellnessth.com/blog/non-alcoholic-fatty-liver-real-causes","1","ไขมันพอกตับ — ที่มาไม่ใช่แค่เหล้า และทำไมมันลุกลามเป็นมะเร็งตับได้","BlogPosting MedicalWebPage WebPage Organization ImageObject MedicalAudience BreadcrumbList ListItem FAQPage Question Answer","12395","7","0","43","0","1"
"https://new.thrivewellnessth.com/blog/normal-ldl-still-at-risk-lipoprotein-a-apob/","200","","https://new.thrivewellnessth.com/blog/normal-ldl-still-at-risk-lipoprotein-a-apob/","200","noindex, nofollow, noarchive","760","33","","LDL ปกติ แต่เสี่ยงหลอดเลือดหัวใจตีบ ทำไม? | Thrive","50","LDL ปกติแต่ยังเสี่ยงหลอดเลือดหัวใจตีบได้ เพราะ Lp(a) สูงจากพันธุกรรม หรือ ApoB สูงที่นับจำนวนอนุภาคไขมันแม่นกว่า LDL รู้จักตัวชี้วัดที่ LDL มองข้าม","147","index, follow","https://new.thrivewellnessth.com/blog/normal-ldl-still-at-risk-lipoprotein-a-apob","https://cdn.sanity.io/images/fc8ot1td/production/9cea4dcee804fe47d5d16d15325296507ff299c5-1200x630.webp?w=1200&#38;h=630&#38;auto=format","th-TH=https://new.thrivewellnessth.com/blog/normal-ldl-still-at-risk-lipoprotein-a-apob | x-default=https://new.thrivewellnessth.com/blog/normal-ldl-still-at-risk-lipoprotein-a-apob","1","LDL ปกติ แต่ทำไมยังเสี่ยงหลอดเลือดหัวใจตีบ? รู้จัก Lp(a) และ ApoB ที่ LDL อาจมองข้าม","BlogPosting MedicalWebPage WebPage Organization ImageObject MedicalAudience BreadcrumbList ListItem FAQPage Question Answer","9936","4","0","42","0","1"
"https://new.thrivewellnessth.com/blog/omega-3/","200","","https://new.thrivewellnessth.com/blog/omega-3/","200","noindex, nofollow, noarchive","517","43","","โอเมก้า 3 (Omega-3) ลดความเครียด ซึมเศร้า หงุดหงิด นอนไม่หลับ | Thrive","70","โอเมก้า 3 (EPA+DHA) ช่วยลดการอักเสบในสมอง ปรับ HPA Axis ลด Cortisol ลดความเครียดและซึมเศร้า รู้จักกลไก แหล่งอาหาร Omega-6:3 Ratio และการเลือกซัพพลีเมนต์ที่ Thrive Wellnes","170","index, follow","https://new.thrivewellnessth.com/blog/omega-3","https://cdn.sanity.io/images/fc8ot1td/production/8ecf15008012023560e2c3364bcd355e07c7940e-6143x4100.jpg?rect=0,438,6143,3225&#38;w=1200&#38;h=630&#38;auto=format","th-TH=https://new.thrivewellnessth.com/blog/omega-3 | x-default=https://new.thrivewellnessth.com/blog/omega-3","1","โอเมก้า 3 (Omega-3) ลดความเครียด ซึมเศร้า หงุดหงิด นอนไม่หลับ","BlogPosting MedicalWebPage WebPage Organization ImageObject MedicalAudience BreadcrumbList ListItem FAQPage Question Answer","14754","4","0","42","1","2"
"https://new.thrivewellnessth.com/blog/panic-disorder-coping/","200","","https://new.thrivewellnessth.com/blog/panic-disorder-coping/","200","noindex, nofollow, noarchive","493","37","","วิธีรับมือเมื่อเกิดอาการแพนิค ให้ผ่านพ้นโดยไม่ตื่นตระหนก","56","อาการแพนิครู้สึกน่ากลัวแต่ไม่อันตราย รู้จักวิธีรับมือทันทีที่ได้ผล ทั้งการหายใจ เทคนิค 5-4-3-2-1 และรู้ว่าเมื่อไหร่ควรพบผู้เชี่ยวชาญที่ Thrive Bangkok","150","index, follow","https://new.thrivewellnessth.com/blog/panic-disorder-coping","https://cdn.sanity.io/images/fc8ot1td/production/d5b7440710901d566387644b2f9e314f290c7438-6720x4480.jpg?rect=0,476,6720,3528&#38;w=1200&#38;h=630&#38;auto=format","th-TH=https://new.thrivewellnessth.com/blog/panic-disorder-coping | x-default=https://new.thrivewellnessth.com/blog/panic-disorder-coping","2","วิธีรับมือเมื่อเกิดอาการแพนิค ให้ผ่านพ้นได้โดยไม่ตื่นตระหนก","BlogPosting MedicalWebPage WebPage Organization ImageObject MedicalAudience BreadcrumbList ListItem FAQPage Question Answer","11046","4","0","43","0","1"
"https://new.thrivewellnessth.com/blog/pelvicinflammatorydisease/","200","","https://new.thrivewellnessth.com/blog/pelvicinflammatorydisease/","200","noindex, nofollow, noarchive","530","39","","PID อุ้งเชิงกรานอักเสบ — สาเหตุ อาการ ภาวะแทรกซ้อน รักษา | Thrive","65","ภาวะอุ้งเชิงกรานอักเสบ (PID) เกิดจากอะไร อาการเป็นอย่างไร เสี่ยงมีบุตรยาก 14× จริงหรือ? แพทย์อธิบายครบ สาเหตุ การวินิจฉัย การรักษา ปรึกษาฟรีที่ Thrive ลาดพร้าว 095-934-96","170","index, follow","https://new.thrivewellnessth.com/blog/pelvicinflammatorydisease","https://cdn.sanity.io/images/fc8ot1td/production/d80f892114bf3a171933895a15d2731eabde8f46-5184x3456.jpg?rect=0,367,5184,2722&#38;w=1200&#38;h=630&#38;auto=format","th-TH=https://new.thrivewellnessth.com/blog/pelvicinflammatorydisease | x-default=https://new.thrivewellnessth.com/blog/pelvicinflammatorydisease","1","PID ภาวะอุ้งเชิงกรานอักเสบ สาเหตุ อาการ ภาวะแทรกซ้อน และการรักษา","BlogPosting MedicalWebPage WebPage Organization ImageObject MedicalAudience BreadcrumbList ListItem FAQPage Question Answer","12157","5","0","42","2","4"
"https://new.thrivewellnessth.com/blog/periodpain/","200","","https://new.thrivewellnessth.com/blog/periodpain/","200","noindex, nofollow, noarchive","916","31","","7 อาการสุดทนของมนุษย์เมนส์ | ไธรฟ์ เวลเนส คลินิก","48","7 อาการสุดทนของมนุษย์เมนส์ ที่มาพร้อมประจำเดือน พร้อมอธิบายกลไกฮอร์โมน Estrogen Progesterone และ Serotonin และวิธีปฏิบัติตัวลดอาการปวดท้องเมนส์","143","index, follow","https://new.thrivewellnessth.com/blog/periodpain","https://cdn.sanity.io/images/fc8ot1td/production/210da54b1ed8b2b9b60f12795aa868c95199fb5c-7500x5003.jpg?rect=0,533,7500,3938&#38;w=1200&#38;h=630&#38;auto=format","th-TH=https://new.thrivewellnessth.com/blog/periodpain | x-default=https://new.thrivewellnessth.com/blog/periodpain","1","7 อาการสุดทนของมนุษย์เมนส์","BlogPosting MedicalWebPage WebPage Organization ImageObject MedicalAudience BreadcrumbList ListItem FAQPage Question Answer","7689","5","0","45","1","2"
"https://new.thrivewellnessth.com/blog/pms-premenstrualsyndrome/","200","","https://new.thrivewellnessth.com/blog/pms-premenstrualsyndrome/","200","noindex, nofollow, noarchive","290","35","","PMS อาการก่อนเป็นประจำเดือน สาเหตุ และวิธีแก้ | Thrive Wellness","63","PMS (Premenstrual Syndrome) อาการก่อนเป็นประจำเดือน ปวดท้อง บวม อารมณ์แปรปรวน สาเหตุจากฮอร์โมน วิธีดูแลและรักษา — แพทย์อธิบายครบ","128","index, follow","https://new.thrivewellnessth.com/blog/pms-premenstrualsyndrome","https://cdn.sanity.io/images/fc8ot1td/production/a8a8b411dc55ab68812ef97709e482aa4dc988a8-6000x4000.jpg?rect=0,425,6000,3150&#38;w=1200&#38;h=630&#38;auto=format","th-TH=https://new.thrivewellnessth.com/blog/pms-premenstrualsyndrome | x-default=https://new.thrivewellnessth.com/blog/pms-premenstrualsyndrome","1","PMS อาการก่อนเป็นประจำเดือน ไม่ใช่แค่ขี้จู้จี้","BlogPosting MedicalWebPage WebPage Organization ImageObject MedicalAudience BreadcrumbList ListItem FAQPage Question Answer","9022","4","0","48","2","3"
"https://new.thrivewellnessth.com/blog/postbiotic/","200","","https://new.thrivewellnessth.com/blog/postbiotic/","200","noindex, nofollow, noarchive","373","42","","Gut 3P — Prebiotic Probiotic Postbiotic คู่มือสุขภาพลำไส้ | Thrive","66","Gut 3P คืออะไร — Prebiotic Probiotic Postbiotic กลไกการทำงาน วิธีบำรุงลำไส้ให้แข็งแรง แพทย์อธิบายครบ ปรึกษาฟรีที่ Thrive ลาดพร้าว 095-934-9640","142","index, follow","https://new.thrivewellnessth.com/blog/postbiotic","https://cdn.sanity.io/images/fc8ot1td/production/15d1cba649b590cf94d31cac5209639a43e14f45-1280x720.heif?rect=0,24,1280,672&#38;w=1200&#38;h=630&#38;auto=format","th-TH=https://new.thrivewellnessth.com/blog/postbiotic | x-default=https://new.thrivewellnessth.com/blog/postbiotic","1","Gut 3P — Prebiotic Probiotic Postbiotic คู่มือสุขภาพลำไส้ฉบับแพทย์","BlogPosting MedicalWebPage WebPage Organization ImageObject MedicalAudience BreadcrumbList ListItem FAQPage Question Answer","13827","5","0","46","3","5"
"https://new.thrivewellnessth.com/blog/preservatives/","200","","https://new.thrivewellnessth.com/blog/preservatives/","200","noindex, nofollow, noarchive","666","48","","สารกันบูดในอาหาร คืออะไร — E Number โทษ และวิธีป้องกัน | Thrive Wellne","70","สารกันบูด (วัตถุกันเสีย) ในอาหารแปรรูปมีกี่ประเภท อันตรายอย่างไร อ่าน E Number อย่างไร แพทย์อธิบายพร้อมวิธีดีท็อกซ์ ปรึกษาฟรีที่ Thrive ลาดพร้าว โทร 095-934-9640","161","index, follow","https://new.thrivewellnessth.com/blog/preservatives","https://cdn.sanity.io/images/fc8ot1td/production/41692f5ff69237ebf78af1264acab81b507afe55-6960x4640.jpg?rect=0,493,6960,3654&#38;w=1200&#38;h=630&#38;auto=format","th-TH=https://new.thrivewellnessth.com/blog/preservatives | x-default=https://new.thrivewellnessth.com/blog/preservatives","1","สารกันบูดในอาหาร คืออะไร E Number โทษต่อร่างกาย และวิธีปกป้องตัวเอง","BlogPosting MedicalWebPage WebPage Organization ImageObject MedicalAudience BreadcrumbList ListItem FAQPage Question Answer","19117","5","0","48","4","4"
"https://new.thrivewellnessth.com/blog/prevent-hormone-imbalance-heavy-training/","200","","https://new.thrivewellnessth.com/blog/prevent-hormone-imbalance-heavy-training/","200","noindex, nofollow, noarchive","745","32","","6 วิธีป้องกันฮอร์โมนพังจากการซ้อมหนัก | Thrive Bangkok","54","ซ้อมหนักได้โดยไม่ต้องเสี่ยงฮอร์โมนพัง เช็ก 6 วิธีป้องกันที่นักกีฬาทำได้จริง พร้อมสัญญาณเตือนที่ควรฟังก่อนร่างกายฟ้อง — แพทย์ Thrive อธิบาย","138","index, follow","https://new.thrivewellnessth.com/blog/prevent-hormone-imbalance-heavy-training","https://cdn.sanity.io/images/fc8ot1td/production/e62e1462ceefd7c1d9ad7be36555e898fe73e425-1200x630.webp?w=1200&#38;h=630&#38;auto=format","th-TH=https://new.thrivewellnessth.com/blog/prevent-hormone-imbalance-heavy-training | x-default=https://new.thrivewellnessth.com/blog/prevent-hormone-imbalance-heavy-training","1","6 วิธีป้องกันฮอร์โมนพังก่อนแข่งใหญ่ ไม่ต้องหยุดซ้อม","BlogPosting MedicalWebPage WebPage Organization ImageObject MedicalAudience BreadcrumbList ListItem FAQPage Question Answer","9927","4","0","42","0","1"
"https://new.thrivewellnessth.com/blog/progesterone/","200","","https://new.thrivewellnessth.com/blog/progesterone/","200","noindex, nofollow, noarchive","683","37","","Progesterone คืออะไร ฮอร์โมนที่ผู้หญิงขาดไม่ได้ | Thrive Wellness","65","Progesterone โปรเจสเตอโรน ฮอร์โมนเพศหญิงที่ควบคุมรอบเดือน การตั้งครรภ์ การนอน และอารมณ์ — อาการขาด Progesterone Estrogen Dominance และวิธีสมดุล","143","index, follow","https://new.thrivewellnessth.com/blog/progesterone","https://cdn.sanity.io/images/fc8ot1td/production/55e795e820a7d8d433c355560f128a5467a3e73a-6720x4480.jpg?rect=0,476,6720,3528&#38;w=1200&#38;h=630&#38;auto=format","th-TH=https://new.thrivewellnessth.com/blog/progesterone | x-default=https://new.thrivewellnessth.com/blog/progesterone","1","Progesterone คืออะไร? ฮอร์โมนที่ผู้หญิงขาดไม่ได้","BlogPosting MedicalWebPage WebPage Organization ImageObject MedicalAudience BreadcrumbList ListItem FAQPage Question Answer","10509","4","0","46","1","2"
"https://new.thrivewellnessth.com/blog/red-s-relative-energy-deficiency-sport/","200","","https://new.thrivewellnessth.com/blog/red-s-relative-energy-deficiency-sport/","200","noindex, nofollow, noarchive","397","33","","RED-S คืออะไร ภาวะพลังงานไม่พอในนักกีฬา | Thrive Bangkok","56","RED-S คือภาวะที่นักกีฬาซ้อมหนักแต่กินไม่พอ ส่งผลต่อฮอร์โมน กระดูก และภูมิคุ้มกัน เกิดได้ทั้งชายและหญิง เช็กสัญญาณและวิธีรับมือ — แพทย์ Thrive อธิบาย","148","index, follow","https://new.thrivewellnessth.com/blog/red-s-relative-energy-deficiency-sport","https://cdn.sanity.io/images/fc8ot1td/production/fef9a65a438e7046cfb1477c6e0e12439c8253bb-1200x630.webp?w=1200&#38;h=630&#38;auto=format","th-TH=https://new.thrivewellnessth.com/blog/red-s-relative-energy-deficiency-sport | x-default=https://new.thrivewellnessth.com/blog/red-s-relative-energy-deficiency-sport","1","RED-S คืออะไร — ภาวะที่นักกีฬาไทยแทบไม่รู้จัก แต่เสี่ยงทุกคนที่ซ้อมหนัก","BlogPosting MedicalWebPage WebPage Organization ImageObject MedicalAudience BreadcrumbList ListItem FAQPage Question Answer","10012","4","0","42","0","1"
"https://new.thrivewellnessth.com/blog/silica/","200","","https://new.thrivewellnessth.com/blog/silica/","200","noindex, nofollow, noarchive","418","46","","ซิลิกา (Silica) คืออะไร? แร่ธาตุแห่งความงาม ผิวฉ่ำ ผมแข็งแรง กระดูกดี","69","ซิลิกา (Silica) แร่ธาตุที่พบมากเป็นอันดับ 2 ของโลก เป็นกุญแจสำคัญของการสร้างคอลลาเจน ผิวฉ่ำโกลว์ ผมลดร่วง เล็บแข็ง กระดูกแน่น พร้อม Checklist อาการขาด Silica และวิธีเสริม","170","index, follow","https://new.thrivewellnessth.com/blog/silica","https://cdn.sanity.io/images/fc8ot1td/production/db832b664d322c6c529927138afbacd3dd0658fc-6300x4199.jpg?rect=0,446,6300,3308&#38;w=1200&#38;h=630&#38;auto=format","th-TH=https://new.thrivewellnessth.com/blog/silica | x-default=https://new.thrivewellnessth.com/blog/silica","1","ซิลิกา (Silica) คืออะไร? แร่ธาตุแห่งความงาม ผิวฉ่ำ ผมแข็งแรง กระดูกดี","BlogPosting MedicalWebPage WebPage Organization ImageObject MedicalAudience BreadcrumbList ListItem FAQPage Question Answer","16945","4","0","42","1","2"
"https://new.thrivewellnessth.com/blog/sleepwalking/","200","","https://new.thrivewellnessth.com/blog/sleepwalking/","200","noindex, nofollow, noarchive","984","42","","นอนละเมอ สาเหตุ อันตราย และวิธีรักษา — Sleepwalking | Thrive Wellness","69","นอนละเมอ (Sleepwalking) เกิดจากความผิดปกติของ NREM Sleep ระยะที่ 3 พันธุกรรม ความเครียด ฮอร์โมน และยา — แพทย์อธิบายสาเหตุ อันตราย และวิธีรักษาครบ","145","index, follow","https://new.thrivewellnessth.com/blog/sleepwalking","https://cdn.sanity.io/images/fc8ot1td/production/e00c99af6479dc94354b1e0642940af9ed3fcd0b-5310x3553.jpg?rect=0,383,5310,2788&#38;w=1200&#38;h=630&#38;auto=format","th-TH=https://new.thrivewellnessth.com/blog/sleepwalking | x-default=https://new.thrivewellnessth.com/blog/sleepwalking","1","นอนละเมอ สาเหตุ อันตราย และวิธีรักษา Sleepwalking คืออะไร?","BlogPosting MedicalWebPage WebPage Organization ImageObject MedicalAudience BreadcrumbList ListItem FAQPage Question Answer","12657","4","0","46","1","2"
"https://new.thrivewellnessth.com/blog/smiling-depression/","200","","https://new.thrivewellnessth.com/blog/smiling-depression/","200","noindex, nofollow, noarchive","871","50","","Smiling Depression คืออะไร? 9 สัญญาณรอยยิ้มหน้ากากความเศร้า","59","Smiling Depression คืออะไร? ภาวะซึมเศร้าแฝง High-Functioning Depression — 9 สัญญาณเตือน กลไกทางสมอง กลุ่มเสี่ยง และวิธีดูแลตนเองด้วย Functional Medicine และ Bach Flower","168","index, follow","https://new.thrivewellnessth.com/blog/smiling-depression","https://cdn.sanity.io/images/fc8ot1td/production/7ed619dd8b12cba9cc673a03ef6227144222896c-5078x3130.jpg?rect=0,232,5078,2666&#38;w=1200&#38;h=630&#38;auto=format","th-TH=https://new.thrivewellnessth.com/blog/smiling-depression | x-default=https://new.thrivewellnessth.com/blog/smiling-depression","1","Smiling Depression — รอยยิ้มที่เป็นหน้ากากของความเศร้า","BlogPosting MedicalWebPage WebPage Organization ImageObject MedicalAudience BreadcrumbList ListItem FAQPage Question Answer","22138","5","0","44","1","2"
"https://new.thrivewellnessth.com/blog/social-phobia-treatment/","200","","https://new.thrivewellnessth.com/blog/social-phobia-treatment/","200","noindex, nofollow, noarchive","386","36","","โรคกลัวสังคม คืออะไร รักษาได้ไหม วิธีเอาชนะ Social Phobia","57","โรคกลัวสังคมไม่ใช่แค่ขี้อาย แต่คือความกลัวที่รบกวนชีวิต รู้จักอาการ สาเหตุ และวิธีรักษาที่ได้ผลจริง รวมถึงเมื่อไหร่ควรพบผู้เชี่ยวชาญที่ Thrive Bangkok","150","index, follow","https://new.thrivewellnessth.com/blog/social-phobia-treatment","https://cdn.sanity.io/images/fc8ot1td/production/ebadf273e88522ea797d979b86f5acad2bb1cd79-7427x4870.jpg?rect=0,486,7427,3899&#38;w=1200&#38;h=630&#38;auto=format","th-TH=https://new.thrivewellnessth.com/blog/social-phobia-treatment | x-default=https://new.thrivewellnessth.com/blog/social-phobia-treatment","2","โรคกลัวสังคม (Social Phobia) คืออะไร — รักษาได้ไหม และเริ่มต้นยังไง","BlogPosting MedicalWebPage WebPage Organization ImageObject MedicalAudience BreadcrumbList ListItem FAQPage Question Answer","11020","4","0","43","0","1"
"https://new.thrivewellnessth.com/blog/syncope/","200","","https://new.thrivewellnessth.com/blog/syncope/","200","noindex, nofollow, noarchive","328","39","","หน้ามืด วูบบ่อย อันตรายกว่าที่คิด — Syncope คืออะไร | Thrive Wellness","69","หน้ามืด วูบ เป็นลม (Syncope) สาเหตุ 3 ประเภท สัญญาณอันตรายที่ต้องรีบพบแพทย์ และการดูแลป้องกัน — แพทย์อธิบายครบ ปรึกษาฟรีที่ Thrive ลาดพร้าว","139","index, follow","https://new.thrivewellnessth.com/blog/syncope","https://cdn.sanity.io/images/fc8ot1td/production/3cfc74f30ebeeb2323c996fddc409961af63418b-5472x3648.jpg?rect=0,388,5472,2873&#38;w=1200&#38;h=630&#38;auto=format","th-TH=https://new.thrivewellnessth.com/blog/syncope | x-default=https://new.thrivewellnessth.com/blog/syncope","1","หน้ามืด วูบบ่อย อันตรายกว่าที่คิด Syncope — รู้จัก 3 ประเภท ก่อนสาย","BlogPosting MedicalWebPage WebPage Organization ImageObject MedicalAudience BreadcrumbList ListItem FAQPage Question Answer","11167","5","0","48","4","4"
"https://new.thrivewellnessth.com/blog/testosterone-woman/","200","","https://new.thrivewellnessth.com/blog/testosterone-woman/","200","noindex, nofollow, noarchive","747","40","","Testosterone ในผู้หญิง — กล้ามเนื้อ พลังงาน ฮอร์โมน | Thrive Wellness","69","Testosterone ในผู้หญิงไม่ใช่แค่ฮอร์โมนเพศชาย — มีบทบาทต่อกล้ามเนื้อ กระดูก พลังงาน อารมณ์ และความใคร่ แพทย์อธิบายกลไก อาการขาด และวิธีเพิ่มตามธรรมชาติ ปรึกษาฟรีที่ Thrive","170","index, follow","https://new.thrivewellnessth.com/blog/testosterone-woman","https://cdn.sanity.io/images/fc8ot1td/production/e4a6f97461e3dffb8c31348c7a44a72469426ec5-6000x4000.jpg?rect=0,425,6000,3150&#38;w=1200&#38;h=630&#38;auto=format","th-TH=https://new.thrivewellnessth.com/blog/testosterone-woman | x-default=https://new.thrivewellnessth.com/blog/testosterone-woman","1","Testosterone ในผู้หญิง ไม่ใช่แค่ฮอร์โมนเพศชาย แต่คือกุญแจของกล้ามเนื้อ พลังงาน และความสดใส","BlogPosting MedicalWebPage WebPage Organization ImageObject MedicalAudience BreadcrumbList ListItem FAQPage Question Answer","12233","4","0","42","1","2"
"https://new.thrivewellnessth.com/blog/triglyceride/","200","","https://new.thrivewellnessth.com/blog/triglyceride/","200","noindex, nofollow, noarchive","404","31","","Triglyceride ค่าที่ไม่ควรมองข้าม เช็กให้ชัวร์! ระบบ Metabolism เบิร์นไ","70","ทำความเข้าใจไตรกลีเซอไรด์ (Triglyceride) คืออะไร อาการเมื่อสูง สาเหตุ และวิธีรักษา ก่อนเสี่ยงโรคหัวใจ หลอดเลือด และไขมันพอกตับ","126","index, follow","https://new.thrivewellnessth.com/blog/triglyceride","https://cdn.sanity.io/images/fc8ot1td/production/85d221dc43e00d715ab2de4b4ff0617f564f73da-5760x3840.jpg?rect=0,408,5760,3024&#38;w=1200&#38;h=630&#38;auto=format","th-TH=https://new.thrivewellnessth.com/blog/triglyceride | x-default=https://new.thrivewellnessth.com/blog/triglyceride","1","Triglyceride ค่าที่ไม่ควรมองข้าม เช็กให้ชัวร์!","BlogPosting MedicalWebPage WebPage Organization ImageObject MedicalAudience BreadcrumbList ListItem FAQPage Question Answer","6248","5","0","42","1","2"
"https://new.thrivewellnessth.com/blog/tryptophan/","200","","https://new.thrivewellnessth.com/blog/tryptophan/","200","noindex, nofollow, noarchive","362","47","","ทริปโตเฟน (Tryptophan) คืออะไร? เส้นทาง Serotonin → Melatonin และ 8 ปร","70","ทริปโตเฟน (Tryptophan) กรดอะมิโนจำเป็นที่เป็นสารตั้งต้นของ Serotonin และ Melatonin ช่วยนอนหลับลึก ลดความเครียด บรรเทาซึมเศร้า พร้อมอธิบาย Kynurenine Pathway และวิธีเสริมอ","170","index, follow","https://new.thrivewellnessth.com/blog/tryptophan","https://cdn.sanity.io/images/fc8ot1td/production/800f95efbeb0a40f7ee80f1d36ad52984dc747c7-5472x3648.jpg?rect=0,388,5472,2873&#38;w=1200&#38;h=630&#38;auto=format","th-TH=https://new.thrivewellnessth.com/blog/tryptophan | x-default=https://new.thrivewellnessth.com/blog/tryptophan","1","ทริปโตเฟน (Tryptophan) คืออะไร? เส้นทาง Serotonin → Melatonin และ 8 ประโยชน์ต่อสุขภาพ","BlogPosting MedicalWebPage WebPage Organization ImageObject MedicalAudience BreadcrumbList ListItem FAQPage Question Answer","17672","4","0","42","1","2"
"https://new.thrivewellnessth.com/blog/vitamin-a/","200","","https://new.thrivewellnessth.com/blog/vitamin-a/","200","noindex, nofollow, noarchive","361","34","","ไธรฟ์ ชวนรู้! เกร็ดง่ายๆ ของ วิตามิน A ช่วยอะไรบ้างนะ","53","วิตามิน A สำคัญมากกว่าแค่เรื่องสายตาและผิวพรรณ ยังช่วยเสริมภูมิคุ้มกัน ชะลอวัย ลดสิว และอีกมาก รู้จักวิตามิน A แบบครบจบในที่เดียวกับ Thrive Wellness Clinic","155","index, follow","https://new.thrivewellnessth.com/blog/vitamin-a","https://cdn.sanity.io/images/fc8ot1td/production/ea8baccb675f1bc9780c108f0c4ca004dacaf0d2-5376x3584.jpg?rect=0,381,5376,2822&#38;w=1200&#38;h=630&#38;auto=format","th-TH=https://new.thrivewellnessth.com/blog/vitamin-a | x-default=https://new.thrivewellnessth.com/blog/vitamin-a","1","ไธรฟ์ ชวนรู้! เกร็ดง่ายๆ ของ วิตามิน A ช่วยอะไรบ้างนะ","BlogPosting MedicalWebPage WebPage Organization ImageObject MedicalAudience BreadcrumbList ListItem FAQPage Question Answer","6738","4","0","42","0","1"
"https://new.thrivewellnessth.com/blog/vitamin-b3/","200","","https://new.thrivewellnessth.com/blog/vitamin-b3/","200","noindex, nofollow, noarchive","1066","41","","วิตามินบี3 (Niacinamide) ผิวหย่อยคล้อย ริ้วรอย NAD+ | Thrive Wellness","69","วิตามินบี3 (Niacinamide) กระตุ้น NAD+ ลดผิวหย่อยคล้อย เสริมคอลลาเจน ลดจุดด่างดำ — แพทย์อธิบายกลไก พร้อมปริมาณที่ควรได้รับ ปรึกษาฟรีที่ Thrive ลาดพร้าว โทร 095-934-9640","167","index, follow","https://new.thrivewellnessth.com/blog/vitamin-b3","https://cdn.sanity.io/images/fc8ot1td/production/73b3aa4a9b3d6381bc173183d8332a569de0e61b-4929x3286.jpg?rect=0,349,4929,2588&#38;w=1200&#38;h=630&#38;auto=format","th-TH=https://new.thrivewellnessth.com/blog/vitamin-b3 | x-default=https://new.thrivewellnessth.com/blog/vitamin-b3","1","วิตามินบี3 ที่ดูแลผิวจากภายใน ผิวหย่อยคล้อย ริ้วรอย จุดด่างดำ เริ่มต้นที่ NAD+ ลดลง","BlogPosting MedicalWebPage WebPage Organization ImageObject MedicalAudience BreadcrumbList ListItem FAQPage Question Answer","13596","4","0","42","1","2"
"https://new.thrivewellnessth.com/blog/vitamin-b6/","200","","https://new.thrivewellnessth.com/blog/vitamin-b6/","200","noindex, nofollow, noarchive","361","43","","วิตามินบี6 ประโยชน์ครบ — PMS คนท้อง ฮอร์โมน | Thrive","52","วิตามินบี6 (Pyridoxine) ช่วยลดคลื่นไส้คนท้อง บรรเทา PMS สร้างเซโรโทนินและโดปามีน — แพทย์อธิบายกลไก พร้อมปริมาณที่ควรได้รับ ปรึกษาฟรีที่ Thrive ลาดพร้าว โทร 095-934-9640","168","index, follow","https://new.thrivewellnessth.com/blog/vitamin-b6","https://cdn.sanity.io/images/fc8ot1td/production/5748bed66523988426f21196b5e582832727d3cc-5040x3360.jpg?rect=0,357,5040,2646&#38;w=1200&#38;h=630&#38;auto=format","th-TH=https://new.thrivewellnessth.com/blog/vitamin-b6 | x-default=https://new.thrivewellnessth.com/blog/vitamin-b6","1","วิตามินบี6 (Pyridoxine) วิตามินที่ผู้หญิงทุกคนต้องรู้จัก","BlogPosting MedicalWebPage WebPage Organization ImageObject MedicalAudience BreadcrumbList ListItem FAQPage Question Answer","13977","5","0","46","3","5"
"https://new.thrivewellnessth.com/blog/vitamin-d-immune/","200","","https://new.thrivewellnessth.com/blog/vitamin-d-immune/","200","noindex, nofollow, noarchive","411","39","","Vitamin D กับระบบภูมิคุ้มกัน — ทำไมคนไทยขาดวิตามิน D มากกว่าที่คิด","66","Vitamin D ไม่ใช่แค่","19","index, follow","https://new.thrivewellnessth.com/blog/vitamin-d-immune","https://cdn.sanity.io/images/fc8ot1td/production/47837adf8daabba03e18b42bb9f1aeba1c9c30c9-3932x2621.jpg?rect=0,279,3932,2064&#38;w=1200&#38;h=630&#38;auto=format","th-TH=https://new.thrivewellnessth.com/blog/vitamin-d-immune | x-default=https://new.thrivewellnessth.com/blog/vitamin-d-immune","1","Vitamin D กับระบบภูมิคุ้มกัน ทำไมคนไทยขาดมากกว่าที่คิด","BlogPosting MedicalWebPage WebPage Organization ImageObject MedicalAudience BreadcrumbList ListItem FAQPage Question Answer","12207","4","0","42","1","2"
"https://new.thrivewellnessth.com/blog/zinc-checklist/","200","","https://new.thrivewellnessth.com/blog/zinc-checklist/","200","noindex, nofollow, noarchive","607","48","","สังกะสี (Zinc) คืออะไร — 7 อาการขาด Zinc และวิธีเลือกอาหารเสริม","63","Zinc สังกะสี แร่ธาตุที่ควบคุมเอนไซม์กว่า 300 ชนิด เช็ก 7 อาการขาด Zinc ตั้งแต่ภูมิต่ำ ผมร่วง แผลหายช้า สิวอักเสบ พร้อมปริมาณที่แนะนำและอาหารแหล่ง Zinc สูง","154","index, follow","https://new.thrivewellnessth.com/blog/zinc-checklist","https://cdn.sanity.io/images/fc8ot1td/production/f6fc4f1937d876c670b228ce455ed1cfbdc33ffa-6016x4016.jpg?rect=0,429,6016,3158&#38;w=1200&#38;h=630&#38;auto=format","th-TH=https://new.thrivewellnessth.com/blog/zinc-checklist | x-default=https://new.thrivewellnessth.com/blog/zinc-checklist","1","สังกะสี (Zinc) คืออะไร — 7 อาการขาด Zinc และวิธีเลือกอาหารเสริม","BlogPosting MedicalWebPage WebPage Organization ImageObject MedicalAudience BreadcrumbList ListItem FAQPage Question Answer","18909","5","0","44","1","2"
"https://new.thrivewellnessth.com/cancer-screening/","200","","https://new.thrivewellnessth.com/cancer-screening/","200","noindex, nofollow, noarchive","737","58","","ตรวจคัดกรองมะเร็ง Tumor Marker กรุงเทพ | Thrive Wellness","56","ตรวจคัดกรองมะเร็งครบวงจรด้วย Tumor Markers 10+ ตัว ตรวจได้ก่อนมีอาการ รู้เร็ว รักษาได้ผลดีกว่า โดย พญ.ชนากานต์ ที่ Thrive Wellness Clinic ลาดพร้าว","146","index, follow","https://new.thrivewellnessth.com/cancer-screening","https://new.thrivewellnessth.com/cancer-screening-hero-1200x630.jpg","th-TH=https://new.thrivewellnessth.com/cancer-screening | x-default=https://new.thrivewellnessth.com/cancer-screening","1","รู้ก่อน รักษาได้ก่อน ตรวจคัดกรองมะเร็งแบบครบวงจร","MedicalClinic PostalAddress GeoCoordinates Physician MedicalTest MedicalCondition FAQPage Question Answer BreadcrumbList ListItem","9461","4","0","44","3","4"
"https://new.thrivewellnessth.com/check-up/","200","","https://new.thrivewellnessth.com/check-up/","200","noindex, nofollow, noarchive","193","47","","ตรวจสุขภาพเชิงลึกประจำปี กรุงเทพ | Thrive Wellness Clinic","57","ตรวจสุขภาพเชิงลึก 13 โปรแกรม — ฮอร์โมน วิตามิน ภูมิคุ้มกัน ไทรอยด์ โลหะหนัก และมะเร็ง พร้อมแปลผลกับแพทย์ตัวต่อตัว ที่ Thrive Wellness Clinic ลาดพร้าว","149","index, follow","https://new.thrivewellnessth.com/check-up","https://new.thrivewellnessth.com/check-up-hero-1200x630.jpg","th-TH=https://new.thrivewellnessth.com/check-up | x-default=https://new.thrivewellnessth.com/check-up","1","ตรวจสุขภาพที่ไม่ใช่แค่ ""ปกติ หรือ ผิดปกติ""","MedicalClinic PostalAddress GeoCoordinates Physician MedicalTest FAQPage Question Answer BreadcrumbList ListItem","10694","4","0","60","3","4"
"https://new.thrivewellnessth.com/check-up/acne-solution/","200","","https://new.thrivewellnessth.com/check-up/acne-solution/","200","noindex, nofollow, noarchive","406","36","","Acne Solution แพ็กเกจรักษาสิวเรื้อรัง | Thrive Wellness","55","แพ็กเกจรักษาสิวเรื้อรังจากภายใน ด้วย IV Drip Skin Healing &#38; Strength Booster พร้อมคำปรึกษาแพทย์ Anti-aging ตัวต่อตัว ที่ Thrive Wellness Clinic ลาดพร้าว","156","index, follow","https://new.thrivewellnessth.com/check-up/acne-solution","https://new.thrivewellnessth.com/check-up-acne-solution-1200x630.jpg","th-TH=https://new.thrivewellnessth.com/check-up/acne-solution | x-default=https://new.thrivewellnessth.com/check-up/acne-solution","1","สิวเรื้อรัง จริงๆ แล้วอาจพังมาตั้งแต่ลำไส้","MedicalClinic PostalAddress Physician MedicalTest FAQPage Question Answer BreadcrumbList ListItem","7912","4","0","43","3","4"
"https://new.thrivewellnessth.com/check-up/advanced-lipid-profile/","200","","https://new.thrivewellnessth.com/check-up/advanced-lipid-profile/","200","noindex, nofollow, noarchive","604","40","","Advanced Lipid Profile ตรวจไขมันเชิงลึก | Thrive Wellness","57","โปรแกรม Advanced Lipid Profile ตรวจไขมันในเลือด 7 ตัวบ่งชี้ รวม Lp(a), ApoB, sdLDL ประเมินความเสี่ยงหัวใจแม่นยำกว่า LDL อย่างเดียว ลาดพร้าว กรุงเทพฯ","148","index, follow","https://new.thrivewellnessth.com/check-up/advanced-lipid-profile","https://new.thrivewellnessth.com/check-up-advanced-lipid-profile-1200x630.jpg","th-TH=https://new.thrivewellnessth.com/check-up/advanced-lipid-profile | x-default=https://new.thrivewellnessth.com/check-up/advanced-lipid-profile","1","LDL ปกติ ≠ หัวใจปลอดภัย — ต้องดูลึกกว่านั้น","MedicalClinic PostalAddress Physician MedicalTest FAQPage Question Answer BreadcrumbList ListItem","9574","5","0","43","3","4"
"https://new.thrivewellnessth.com/check-up/dna-health-life/","200","","https://new.thrivewellnessth.com/check-up/dna-health-life/","200","noindex, nofollow, noarchive","540","35","","DNA for Health & Life ตรวจพันธุกรรม | Thrive Wellness","53","ตรวจ DNA วิเคราะห์ความเสี่ยงโรค 324 รายงาน ครอบคลุมโภชนาการ กีฬา และผิวพรรณตามพันธุกรรมของคุณ พร้อมแพทย์แปลผล ที่ Thrive Wellness Clinic ลาดพร้าว กรุงเทพฯ","154","index, follow","https://new.thrivewellnessth.com/check-up/dna-health-life","https://new.thrivewellnessth.com/check-up-dna-health-life-1200x630.jpg","th-TH=https://new.thrivewellnessth.com/check-up/dna-health-life | x-default=https://new.thrivewellnessth.com/check-up/dna-health-life","1","รู้ DNA รู้ตัวเอง — วางแผนสุขภาพที่ตรงกับพันธุกรรมของคุณ","MedicalClinic PostalAddress Physician MedicalTest FAQPage Question Answer BreadcrumbList ListItem","7154","4","0","43","3","4"
"https://new.thrivewellnessth.com/check-up/food-intolerance/","200","","https://new.thrivewellnessth.com/check-up/food-intolerance/","200","noindex, nofollow, noarchive","368","36","","แพ็กเกจตรวจ Food Sensitivity ภาวะความไวต่ออาหาร IgG 222 | Thrive Wellness","73","แพ็กเกจตรวจ IgG Food Intolerance 222 ชนิด เจาะเลือดครั้งเดียว พร้อมแปลผลและวางแผนอาหาร Elimination Diet กับแพทย์ ที่ Thrive Wellness Clinic ลาดพร้าว","148","index, follow","https://new.thrivewellnessth.com/check-up/food-intolerance","https://new.thrivewellnessth.com/check-up-food-intolerance-1200x630.jpg","th-TH=https://new.thrivewellnessth.com/check-up/food-intolerance | x-default=https://new.thrivewellnessth.com/check-up/food-intolerance","1","อาหารที่กินทุกวัน อาจเป็นต้นเหตุของปัญหาเรื้อรังที่หาสาเหตุไม่ได้","MedicalClinic PostalAddress Physician MedicalTest FAQPage Question Answer BreadcrumbList ListItem","8218","4","0","43","3","4"
"https://new.thrivewellnessth.com/check-up/healthy-balance/","200","","https://new.thrivewellnessth.com/check-up/healthy-balance/","200","noindex, nofollow, noarchive","407","35","","Healthy Balance™ ตรวจวิตามินฮอร์โมน | Thrive Wellness","53","โปรแกรม Healthy Balance™ ตรวจวิตามิน ฮอร์โมนพื้นฐาน และการอักเสบ พร้อมรับ Personalized Vitamins 1 เดือน เหมาะเป็นจุดเริ่มต้นดูแลสุขภาพเชิงลึก ลาดพร้าว","150","index, follow","https://new.thrivewellnessth.com/check-up/healthy-balance","https://new.thrivewellnessth.com/check-up-healthy-balance-1200x630.jpg","th-TH=https://new.thrivewellnessth.com/check-up/healthy-balance | x-default=https://new.thrivewellnessth.com/check-up/healthy-balance","1","ร่างกายขาดอะไรอยู่ — คุณอาจยังไม่รู้สึก แต่ตัวเลขบอกได้","MedicalClinic PostalAddress Physician MedicalTest FAQPage Question Answer BreadcrumbList ListItem","6776","4","0","43","3","4"
"https://new.thrivewellnessth.com/check-up/heavy-metal-trace-elements/","200","","https://new.thrivewellnessth.com/check-up/heavy-metal-trace-elements/","200","noindex, nofollow, noarchive","867","37","","ตรวจโลหะหนัก Heavy Metal ในร่างกาย | Thrive Wellness","52","ตรวจโลหะหนักสะสมในร่างกาย เลือกได้ทั้ง Blood Test, Urine Organic หรือ OligoScan รู้ระดับสารพิษก่อนวางแผน Chelation กับแพทย์ Thrive Wellness ลาดพร้าว","148","index, follow","https://new.thrivewellnessth.com/check-up/heavy-metal-trace-elements","https://new.thrivewellnessth.com/check-up-heavy-metal-trace-elements-1200x630.jpg","th-TH=https://new.thrivewellnessth.com/check-up/heavy-metal-trace-elements | x-default=https://new.thrivewellnessth.com/check-up/heavy-metal-trace-elements","1","โลหะหนักสะสมในร่างกาย — คุณอาจไม่รู้ตัว แต่มันกำลังทำลายระบบอยู่","MedicalClinic PostalAddress Physician MedicalTest FAQPage Question Answer BreadcrumbList ListItem","8431","4","0","43","3","4"
"https://new.thrivewellnessth.com/check-up/hormones/","200","","https://new.thrivewellnessth.com/check-up/hormones/","200","noindex, nofollow, noarchive","181","35","","แพ็กเกจตรวจฮอร์โมน 18 ตัวครบระบบ | Thrive Wellness","50","แพ็กเกจตรวจฮอร์โมนครบ 18 ตัว ไทรอยด์ ฮอร์โมนเพศ ต่อมหมวกไต และ IGF-1 พร้อมแพทย์แปลผลและวางแผนปรับสมดุลตัวต่อตัว ที่ Thrive Wellness Clinic ลาดพร้าว","147","index, follow","https://new.thrivewellnessth.com/check-up/hormones","https://new.thrivewellnessth.com/check-up-hormones-1200x630.jpg","th-TH=https://new.thrivewellnessth.com/check-up/hormones | x-default=https://new.thrivewellnessth.com/check-up/hormones","1","เหนื่อย อ้วน หลับไม่หลับ — ฮอร์โมนอาจเป็นคำตอบ","MedicalClinic PostalAddress Physician MedicalTest FAQPage Question Answer BreadcrumbList ListItem","7018","4","0","44","3","4"
"https://new.thrivewellnessth.com/check-up/iconic-balance/","200","","https://new.thrivewellnessth.com/check-up/iconic-balance/","200","noindex, nofollow, noarchive","619","36","","Iconic Balance™ ตรวจสุขภาพพรีเมียม | Thrive Wellness","52","โปรแกรม Iconic Balance™ ตรวจสุขภาพระดับพรีเมียม — ฮอร์โมนเต็มระบบ สารต้านอนุมูลอิสระ และคัดกรองมะเร็ง 5 ชนิด พร้อมแพทย์ดูแลตลอดโปรแกรม ที่ลาดพร้าว","146","index, follow","https://new.thrivewellnessth.com/check-up/iconic-balance","https://new.thrivewellnessth.com/check-up-iconic-balance-1200x630.jpg","th-TH=https://new.thrivewellnessth.com/check-up/iconic-balance | x-default=https://new.thrivewellnessth.com/check-up/iconic-balance","1","ตรวจสุขภาพระดับ Longevity — ฮอร์โมน สารต้านอนุมูลอิสระ และมะเร็ง ครบในครั้งเดียว","MedicalClinic PostalAddress Physician MedicalTest FAQPage Question Answer BreadcrumbList ListItem","7419","4","0","43","3","4"
"https://new.thrivewellnessth.com/check-up/immune-check-up/","200","","https://new.thrivewellnessth.com/check-up/immune-check-up/","200","noindex, nofollow, noarchive","759","36","","Immune Check-up ตรวจภูมิคุ้มกัน CD Profile | Thrive Wellness","60","ตรวจสถานะภูมิคุ้มกันเชิงลึกด้วย CD Profile, CBC และ Vitamin D3 รู้จุดอ่อนภูมิคุ้มกันก่อนเสริมให้ถูกจุด พร้อมคำปรึกษาแพทย์ Thrive Wellness ลาดพร้าว","146","index, follow","https://new.thrivewellnessth.com/check-up/immune-check-up","https://new.thrivewellnessth.com/check-up-immune-check-up-1200x630.jpg","th-TH=https://new.thrivewellnessth.com/check-up/immune-check-up | x-default=https://new.thrivewellnessth.com/check-up/immune-check-up","1","ภูมิคุ้มกันคุณอยู่ในระดับไหน — รู้ก่อนที่ร่างกายจะตอบ","MedicalClinic PostalAddress Physician MedicalTest FAQPage Question Answer BreadcrumbList ListItem","7963","4","0","43","3","4"
"https://new.thrivewellnessth.com/check-up/longevity-check-up/","200","","https://new.thrivewellnessth.com/check-up/longevity-check-up/","200","noindex, nofollow, noarchive","694","56","","Longevity Check Up ตรวจฮอร์โมน+วิตามิน | Thrive Wellness","56","Longevity Check Up ตรวจฮอร์โมนและวิตามินแร่ธาตุมากกว่า 30 รายการ 2 ระดับ Optimal และ Advance พร้อมแพทย์แปลผลและวางแผนชะลอความเสื่อม ที่ Thrive Wellness Clinic ลาดพร้าว","167","index, follow","https://new.thrivewellnessth.com/check-up/longevity-check-up","https://new.thrivewellnessth.com/check-up-longevity-check-up-1200x630.jpg","th-TH=https://new.thrivewellnessth.com/check-up/longevity-check-up | x-default=https://new.thrivewellnessth.com/check-up/longevity-check-up","1","ชะลอวัยเริ่มจากรู้ตัวเลขจริง — ฮอร์โมนและวิตามินของคุณ","MedicalClinic PostalAddress Person MedicalTest FAQPage Question Answer BreadcrumbList ListItem","11600","5","0","43","3","4"
"https://new.thrivewellnessth.com/check-up/optimum-balance/","200","","https://new.thrivewellnessth.com/check-up/optimum-balance/","200","noindex, nofollow, noarchive","390","36","","Optimum Balance™ ตรวจฮอร์โมนเต็มระบบ | Thrive Wellness","54","โปรแกรม Optimum Balance™ ตรวจฮอร์โมนเต็มระบบ ไทรอยด์ ต่อมหมวกไต ฮอร์โมนเพศ และความเสี่ยงหัวใจ เหมาะกับวัย 40+ และนักกีฬา พร้อมแพทย์แปลผล ลาดพร้าว","145","index, follow","https://new.thrivewellnessth.com/check-up/optimum-balance","https://new.thrivewellnessth.com/check-up-optimum-balance-1200x630.jpg","th-TH=https://new.thrivewellnessth.com/check-up/optimum-balance | x-default=https://new.thrivewellnessth.com/check-up/optimum-balance","1","ฮอร์โมนเปลี่ยน คุณอาจไม่รู้ — แต่ร่างกายรู้สึกอยู่แล้ว","MedicalClinic PostalAddress Physician MedicalTest FAQPage Question Answer BreadcrumbList ListItem","7275","4","0","43","3","4"
"https://new.thrivewellnessth.com/check-up/special-test/","200","","https://new.thrivewellnessth.com/check-up/special-test/","200","noindex, nofollow, noarchive","518","36","","Special Test แพ็กเกจตรวจเฉพาะทาง | Thrive Wellness Clinic","57","แพ็กเกจตรวจเฉพาะทางตามปัญหาสุขภาพ — ภูมิแพ้ DNA โลหะหนัก วิตามิน และการอักเสบเรื้อรัง เลือกตรวจเฉพาะที่จำเป็นกับแพทย์ Thrive Wellness Clinic ลาดพร้าว","149","index, follow","https://new.thrivewellnessth.com/check-up/special-test","https://new.thrivewellnessth.com/check-up-special-test-1200x630.jpg","th-TH=https://new.thrivewellnessth.com/check-up/special-test | x-default=https://new.thrivewellnessth.com/check-up/special-test","1","ตรวจโรงพยาบาลแล้ว 'ปกติ' แต่ยังไม่สบาย — Special Test หาคำตอบที่ซ่อนอยู่","MedicalClinic PostalAddress Physician MedicalTest FAQPage Question Answer BreadcrumbList ListItem","7998","4","0","43","3","4"
"https://new.thrivewellnessth.com/check-up/urine-organic-test/","200","","https://new.thrivewellnessth.com/check-up/urine-organic-test/","200","noindex, nofollow, noarchive","646","36","","แพ็กเกจ Urine Organic Profile 50+ กรด | Thrive Wellness","55","แพ็กเกจตรวจกรดอินทรีย์ปัสสาวะ 50+ ชนิด วิเคราะห์ลำไส้ Mitochondria และ Neurotransmitter ไม่ต้องเจาะเลือด พร้อมแพทย์แปลผล Thrive Wellness ลาดพร้าว","145","index, follow","https://new.thrivewellnessth.com/check-up/urine-organic-test","https://new.thrivewellnessth.com/check-up-urine-organic-test-1200x630.jpg","th-TH=https://new.thrivewellnessth.com/check-up/urine-organic-test | x-default=https://new.thrivewellnessth.com/check-up/urine-organic-test","1","ปัสสาวะบอกได้มากกว่าที่คิด — วิเคราะห์ลำไส้และพลังงานเซลล์ในครั้งเดียว","MedicalClinic PostalAddress Physician MedicalTest FAQPage Question Answer BreadcrumbList ListItem","7929","4","0","43","3","4"
"https://new.thrivewellnessth.com/check-up/vitamins-and-micronutrients/","200","","https://new.thrivewellnessth.com/check-up/vitamins-and-micronutrients/","200","noindex, nofollow, noarchive","167","35","","แพ็กเกจตรวจวิตามินและสารอาหารในเลือด | Thrive Wellness","54","แพ็กเกจตรวจระดับวิตามิน แร่ธาตุ และสารต้านอนุมูลอิสระในเลือด รู้ว่าร่างกายขาดอะไรจริงก่อนเสริม พร้อมคำปรึกษาแพทย์ Thrive Wellness Clinic ลาดพร้าว","145","index, follow","https://new.thrivewellnessth.com/check-up/vitamins-and-micronutrients","https://new.thrivewellnessth.com/check-up-vitamins-and-micronutrients-1200x630.jpg","th-TH=https://new.thrivewellnessth.com/check-up/vitamins-and-micronutrients | x-default=https://new.thrivewellnessth.com/check-up/vitamins-and-micronutrients","1","กินวิตามินมาหลายปี แต่รู้ไหมว่ากินถูกตัว?","MedicalClinic PostalAddress Physician MedicalTest FAQPage Question Answer BreadcrumbList ListItem","6861","4","0","44","3","4"
"https://new.thrivewellnessth.com/check-up/young-balance/","200","","https://new.thrivewellnessth.com/check-up/young-balance/","200","noindex, nofollow, noarchive","659","36","","Young Balance™ ตรวจสุขภาพวัยทำงาน | Thrive Wellness Clinic","58","โปรแกรม Young Balance™ ตรวจเลือดพื้นฐาน วิตามิน และฮอร์โมนความเครียด เหมาะกับวัยทำงานอายุ 25–40 ที่อยากรู้ Baseline สุขภาพตัวเอง พร้อมแพทย์แปลผล","144","index, follow","https://new.thrivewellnessth.com/check-up/young-balance","https://new.thrivewellnessth.com/check-up-young-balance-1200x630.jpg","th-TH=https://new.thrivewellnessth.com/check-up/young-balance | x-default=https://new.thrivewellnessth.com/check-up/young-balance","1","รู้ Baseline ร่างกายตัวเอง ก่อนจะรู้สึกว่ามีอะไรผิดปกติ","MedicalClinic PostalAddress Physician MedicalTest FAQPage Question Answer BreadcrumbList ListItem","7432","4","0","43","3","4"
"https://new.thrivewellnessth.com/chelation/","200","","https://new.thrivewellnessth.com/chelation/","200","noindex, nofollow, noarchive","361","61","","คีเลชั่น EDTA ล้างโลหะหนัก กรุงเทพ | Thrive Wellness Clinic","59","คีเลชั่น EDTA Drip กรุงเทพ — ล้างสารพิษโลหะหนักในหลอดเลือด ฟื้นฟูหลอดเลือด ดูแลโดยแพทย์เฉพาะทางทุกครั้ง ที่ The Crystal Park ลาดพร้าว โทร 095-934-9640","150","index, follow","https://new.thrivewellnessth.com/chelation","https://new.thrivewellnessth.com/chelation-hero-1200x630.jpg","th-TH=https://new.thrivewellnessth.com/chelation | x-default=https://new.thrivewellnessth.com/chelation","1","โลหะหนักสะสมมาทั้งชีวิต ล้างออกได้ใน 1 เซสชัน","MedicalClinic PostalAddress GeoCoordinates OpeningHoursSpecification Physician MedicalProcedure FAQPage Question Answer BreadcrumbList ListItem","12044","4","0","44","4","4"
"https://new.thrivewellnessth.com/contact/","200","","https://new.thrivewellnessth.com/contact/","200","noindex, nofollow, noarchive","386","29","","ติดต่อนัดหมาย | Thrive Wellness Clinic | 095-934-9640","53","นัดหมายและติดต่อ Thrive Wellness Clinic โทร 095-934-9640 LINE @thrivewellnessth เดอะ คริสตัล พาร์ค ชั้น 2 ประดิษฐ์มนูธรรม ลาดพร้าว เปิดทุกวัน 10:00–19:00","153","index, follow","https://new.thrivewellnessth.com/contact","https://new.thrivewellnessth.com/og-image.jpg","th-TH=https://new.thrivewellnessth.com/contact | x-default=https://new.thrivewellnessth.com/contact","1","ติดต่อและนัดหมาย","MedicalClinic LocalBusiness PostalAddress GeoCoordinates OpeningHoursSpecification ContactPage FAQPage Question Answer BreadcrumbList ListItem","3619","2","0","39","3","4"
"https://new.thrivewellnessth.com/dna-test/","200","","https://new.thrivewellnessth.com/dna-test/","200","noindex, nofollow, noarchive","379","58","","ตรวจ DNA Nutrigenomics ออกแบบสุขภาพ | Thrive Wellness Clinic","60","ตรวจ DNA พันธุกรรมครบวงจร Nutrigenomics · Health Risk · Pharmacogenomics รู้ก่อนว่าร่างกายเสี่ยงอะไร กินอะไรได้ผล ออกแบบสุขภาพจากรหัสพันธุกรรมของคุณ","148","index, follow","https://new.thrivewellnessth.com/dna-test","https://new.thrivewellnessth.com/dna-test-hero-1200x630.jpg","th-TH=https://new.thrivewellnessth.com/dna-test | x-default=https://new.thrivewellnessth.com/dna-test","1","ร่างกายมีพิมพ์เขียวมาแต่เกิด ตรวจ DNA รู้ก่อนว่าเสี่ยงอะไร","MedicalClinic PostalAddress GeoCoordinates Physician MedicalTest MedicalCondition FAQPage Question Answer BreadcrumbList ListItem","9807","4","0","44","3","4"
"https://new.thrivewellnessth.com/epispan/","200","","https://new.thrivewellnessth.com/epispan/","200","noindex, nofollow, noarchive","346","54","","ตรวจ EpiSpan อายุชีวภาพ Epigenetic | Thrive Wellness Clinic","59","ตรวจ EpiSpan วัดอายุชีวภาพระดับเซลล์ (Biological Age) ด้วยเทคโนโลยี Epigenetics พัฒนาร่วม Harvard, Yale, Duke รู้อัตราการแก่ที่แท้จริง วางแผนชะลอวัยแม่นยำ","154","index, follow","https://new.thrivewellnessth.com/epispan","https://new.thrivewellnessth.com/epispan-hero-1200x630.jpg","th-TH=https://new.thrivewellnessth.com/epispan | x-default=https://new.thrivewellnessth.com/epispan","1","อายุตามบัตรประชาชน กับ อายุเซลล์จริง ต่างกันแค่ไหน?","MedicalClinic PostalAddress GeoCoordinates Physician MedicalTest MedicalCondition FAQPage Question Answer BreadcrumbList ListItem","11423","4","0","43","3","4"
"https://new.thrivewellnessth.com/fit132/","200","","https://new.thrivewellnessth.com/fit132/","200","noindex, nofollow, noarchive","353","54","","ตรวจ FIT 132 Food Sensitivity ภาวะความไวต่ออาหาร IgG+C3d | Thrive Wellness","74","ตรวจ FIT 132 วัดทั้ง IgG และ Complement C3d ครอบคลุม 132 อาหาร ความแม่นยำ 99.1% ทราบผล 7–14 วัน พร้อมคำปรึกษาแพทย์ที่ Thrive Wellness Clinic กรุงเทพ","148","index, follow","https://new.thrivewellnessth.com/fit132","https://new.thrivewellnessth.com/fit132-hero-1200x630.jpg","th-TH=https://new.thrivewellnessth.com/fit132 | x-default=https://new.thrivewellnessth.com/fit132","1","FIT 132 ตรวจแพ้อาหารแฝงเชิงลึก — เช็กให้แน่ว่าคุณแพ้อะไรกันแน่","Physician MedicalClinic PostalAddress GeoCoordinates OpeningHoursSpecification MedicalTest MedicalCondition FAQPage Question Answer BreadcrumbList ListItem","13167","4","0","44","3","3"
"https://new.thrivewellnessth.com/food-intolerance/","200","","https://new.thrivewellnessth.com/food-intolerance/","200","noindex, nofollow, noarchive","332","67","","ตรวจ Food Sensitivity ภาวะความไวต่ออาหาร IgG 222 ชนิด กรุงเทพ | Thrive Wellness","79","ตรวจ Food Sensitivity ภาวะความไวต่ออาหาร IgG 222 ชนิด เจาะเลือดครั้งเดียว ทราบผลใน 3 วัน พร้อมแผนอาหารและคำปรึกษาแพทย์ที่ Thrive Wellness Clinic กรุงเทพฯ","153","index, follow","https://new.thrivewellnessth.com/food-intolerance","https://new.thrivewellnessth.com/food-intolerance-igg-hero-1200x630.jpg","th-TH=https://new.thrivewellnessth.com/food-intolerance | x-default=https://new.thrivewellnessth.com/food-intolerance","1","ภูมิแพ้อาหารเรื้อรังแต่ไม่รู้ตัวอยู่หรือเปล่า? เช็คให้ชัวร์!","Physician MedicalClinic PostalAddress GeoCoordinates OpeningHoursSpecification MedicalTest MedicalCondition FAQPage Question Answer BreadcrumbList ListItem","12182","6","0","43","4","4"
"https://new.thrivewellnessth.com/gluta/","200","","https://new.thrivewellnessth.com/gluta/","200","noindex, nofollow, noarchive","101","49","","กลูต้าไธโอนดริป IV ผิวสว่างใส กรุงเทพ | Thrive Wellness","55","กลูต้าไธโอนดริป IV ดูดซึม 100% สว่างใสจากข้างใน ต้านอนุมูลอิสระ ดีท็อกซ์ตับ ชะลอวัย ดูแลโดยแพทย์เฉพาะทาง ที่ The Crystal Park ลาดพร้าว โทร 095-934-9640","151","index, follow","https://new.thrivewellnessth.com/gluta","https://new.thrivewellnessth.com/gluta-hero-1200x630.jpg","th-TH=https://new.thrivewellnessth.com/gluta | x-default=https://new.thrivewellnessth.com/gluta","1","กลูต้าดริป — ผิวสว่างจากข้างใน ไม่ใช่แค่ขาว แต่สุขภาพดีจริง","MedicalClinic PostalAddress GeoCoordinates OpeningHoursSpecification Physician MedicalProcedure FAQPage Question Answer BreadcrumbList ListItem","9134","4","0","44","3","4"
"https://new.thrivewellnessth.com/hbot/","200","","https://new.thrivewellnessth.com/hbot/","200","noindex, nofollow, noarchive","481","60","","HBOT ออกซิเจนบำบัดความดันสูง กรุงเทพ | Thrive Wellness","54","HBOT (Hyperbaric Oxygen Therapy) หายใจออกซิเจนบริสุทธิ์ภายใต้ความดันสูง 60 นาทีต่อครั้ง ฟื้นฟูร่างกายและสมอง ดูแลโดยแพทย์ ที่ลาดพร้าว โทร 095-934-9640","150","index, follow","https://new.thrivewellnessth.com/hbot","https://new.thrivewellnessth.com/hbot-hero-1200x630.jpg","th-TH=https://new.thrivewellnessth.com/hbot | x-default=https://new.thrivewellnessth.com/hbot","1","นอนพัก 60 นาที แล้วรู้สึกเหมือนชาร์จแบตใหม่ทั้งตัว","Physician MedicalClinic PostalAddress GeoCoordinates MedicalProcedure FAQPage Question Answer BreadcrumbList ListItem","12014","5","0","43","3","4"
"https://new.thrivewellnessth.com/hormones-quiz/","200","","https://new.thrivewellnessth.com/hormones-quiz/","200","noindex, nofollow, noarchive","280","61","","แบบทดสอบฮอร์โมนฟรี เช็คสมดุลใน 2 นาที | Thrive Wellness","55","ทำแบบทดสอบฮอร์โมนฟรี ใช้เวลา 2 นาที รู้ทันทีว่าฮอร์โมนสมดุลไหม อ่อนเพลีย น้ำหนักขึ้น อารมณ์แปรปรวน อาจเป็นสัญญาณ พร้อมแนวทางตรวจเชิงลึกกับแพทย์","143","index, follow","https://new.thrivewellnessth.com/hormones-quiz","https://new.thrivewellnessth.com/hormones-quiz-hero-1200x630.jpg","th-TH=https://new.thrivewellnessth.com/hormones-quiz | x-default=https://new.thrivewellnessth.com/hormones-quiz","1","ฮอร์โมนของคุณสมดุลไหม?","Physician MedicalClinic PostalAddress GeoCoordinates MedicalTest MedicalCondition FAQPage Question Answer BreadcrumbList ListItem","11355","4","0","44","3","4"
"https://new.thrivewellnessth.com/iv-drip/","200","","https://new.thrivewellnessth.com/iv-drip/","200","noindex, nofollow, noarchive","106","67","","วิตามินดริป IV Drip กรุงเทพ 7 สูตร | Thrive Wellness Clinic","59","วิตามินดริปเกรดพรีเมียม ดูดซึม 100% — NAD+, Chelation, Glutathione, Gut Health IV ดริปโดยแพทย์ทุกครั้ง ที่ The Crystal Park ลาดพร้าว โทร 095-934-9640","149","index, follow","https://new.thrivewellnessth.com/iv-drip","https://new.thrivewellnessth.com/iv-drip-hero-1200x630.jpg","th-TH=https://new.thrivewellnessth.com/iv-drip | x-default=https://new.thrivewellnessth.com/iv-drip","1","วิตามินที่กินได้แค่ 20% — ดริปได้ 100%","MedicalClinic PostalAddress GeoCoordinates OpeningHoursSpecification Physician MedicalProcedure FAQPage Question Answer BreadcrumbList ListItem","12014","13","0","44","4","10"
"https://new.thrivewellnessth.com/mental-health/","200","","https://new.thrivewellnessth.com/mental-health/","200","noindex, nofollow, noarchive","480","43","","คุยกับนักบำบัด สุขภาพจิต กรุงเทพ | Thrive Wellness Clinic","57","คุยกับนักบำบัดเรื่องความเครียด นอนไม่หลับ อารมณ์แปรปรวน Mood Swing และ Bach Flower support เป็นส่วนตัวและปลอดภัย ที่ Thrive Wellness Clinic ลาดพร้าว","148","index, follow","https://new.thrivewellnessth.com/mental-health","https://new.thrivewellnessth.com/mental-health-hero-1200x630.jpg","th-TH=https://new.thrivewellnessth.com/mental-health | x-default=https://new.thrivewellnessth.com/mental-health","1","ไม่ต้องรอให้พังก่อน ถึงจะคุยกับนักบำบัดได้","MedicalClinic PostalAddress GeoCoordinates OpeningHoursSpecification Service FAQPage Question Answer","7952","4","0","43","3","2"
"https://new.thrivewellnessth.com/nad/","200","","https://new.thrivewellnessth.com/nad/","200","noindex, nofollow, noarchive","572","51","","NAD+ IV Drip ฟื้นฟูพลังงานเซลล์ กรุงเทพ | Thrive Wellness","57","NAD+ IV Drip กรุงเทพ — ฟื้นฟู Mitochondria เพิ่มพลังงาน ชะลอวัยในระดับ DNA ลด Brain Fog ดูแลโดยแพทย์ผู้เชี่ยวชาญ Crystal Park ลาดพร้าว โทร 095-934-9640","151","index, follow","https://new.thrivewellnessth.com/nad","https://new.thrivewellnessth.com/nad-plus-therapy-hero-1200x630.jpg","th-TH=https://new.thrivewellnessth.com/nad | x-default=https://new.thrivewellnessth.com/nad","1","เซลล์ทุกเซลล์ในร่างกาย ต้องการ NAD+ เพื่อมีชีวิต","MedicalClinic PostalAddress GeoCoordinates OpeningHoursSpecification Physician MedicalProcedure FAQPage Question Answer BreadcrumbList ListItem","10807","4","0","44","3","4"
"https://new.thrivewellnessth.com/nk-cell/","200","","https://new.thrivewellnessth.com/nk-cell/","200","noindex, nofollow, noarchive","651","51","","ตรวจ NK Cell ภูมิคุ้มกันมะเร็ง กรุงเทพ | Thrive Wellness","56","ตรวจ NK Cell Activity วัดประสิทธิภาพเซลล์ภูมิคุ้มกันในการทำลายเซลล์ผิดปกติ รู้ความเสี่ยงก่อนมีอาการ เจาะเลือดครั้งเดียว พร้อมคำปรึกษาแพทย์ ลาดพร้าว","147","index, follow","https://new.thrivewellnessth.com/nk-cell","https://new.thrivewellnessth.com/nk-cell-hero-1200x630.jpg","th-TH=https://new.thrivewellnessth.com/nk-cell | x-default=https://new.thrivewellnessth.com/nk-cell","1","ร่างกายคุณกำลังสู้กับมะเร็ง ทุกวันอยู่แล้ว — แต่ทำได้ดีแค่ไหน?","MedicalClinic PostalAddress GeoCoordinates OpeningHoursSpecification Physician MedicalTest MedicalCondition FAQPage Question Answer BreadcrumbList ListItem","10604","4","0","43","3","4"
"https://new.thrivewellnessth.com/oligoscan/","200","","https://new.thrivewellnessth.com/oligoscan/","200","noindex, nofollow, noarchive","1252","48","","OligoScan ตรวจแร่ธาตุ โลหะหนัก กรุงเทพ | Thrive Wellness","56","OligoScan ตรวจแร่ธาตุ 21 ชนิด และโลหะหนัก 14 ชนิด ผ่านผิวหนังไม่ต้องเจาะเลือด ทราบผลภายใน 3 นาที — Thrive Wellness Clinic Crystal Park ลาดพร้าว โทร 095-934-9640","160","index, follow","https://new.thrivewellnessth.com/oligoscan","https://new.thrivewellnessth.com/oligoscan-hero-1200x630.jpg","th-TH=https://new.thrivewellnessth.com/oligoscan | x-default=https://new.thrivewellnessth.com/oligoscan","1","รู้ระดับแร่ธาตุและโลหะหนัก ใน 3 นาที ไม่ต้องเจาะเลือด","MedicalClinic PostalAddress Physician MedicalTest MedicalCondition FAQPage Question Answer BreadcrumbList ListItem","8232","4","0","45","3","4"
"https://new.thrivewellnessth.com/personalized-vitamins/","200","","https://new.thrivewellnessth.com/personalized-vitamins/","200","noindex, nofollow, noarchive","398","50","","ตรวจวิตามินแร่ธาตุเฉพาะบุคคล กรุงเทพ | Thrive Wellness","54","ตรวจเลือดวัดระดับวิตามิน D, B12, แมกนีเซียม, ซิงก์ และแร่ธาตุ 20+ ชนิด ออกแบบโปรแกรมวิตามินเฉพาะบุคคลจากผลตรวจจริง ไม่ต้องเดา โดยแพทย์ ลาดพร้าว","143","index, follow","https://new.thrivewellnessth.com/personalized-vitamins","https://new.thrivewellnessth.com/personalized-vitamins-hero-1200x630.jpg","th-TH=https://new.thrivewellnessth.com/personalized-vitamins | x-default=https://new.thrivewellnessth.com/personalized-vitamins","1","กินวิตามินทุกวัน แต่กินถูกตัวหรือเปล่า?","MedicalClinic PostalAddress GeoCoordinates OpeningHoursSpecification Physician MedicalTest MedicalCondition FAQPage Question Answer BreadcrumbList ListItem","9718","4","0","43","3","4"
"https://new.thrivewellnessth.com/post/_gaba/","200","","https://new.thrivewellnessth.com/post/_gaba/","200","noindex, nofollow, noarchive","297","0","/blog/_gaba","Redirecting to: /blog/_gaba","27","","0","noindex","https://new.thrivewellnessth.com/blog/_gaba","","","0","","","46","0","0","1","0","0"
"https://new.thrivewellnessth.com/post/_pcos/","200","","https://new.thrivewellnessth.com/post/_pcos/","200","noindex, nofollow, noarchive","377","0","/blog/_pcos","Redirecting to: /blog/_pcos","27","","0","noindex","https://new.thrivewellnessth.com/blog/_pcos","","","0","","","46","0","0","1","0","0"
"https://new.thrivewellnessth.com/post/%E0%B8%84%E0%B8%B9%E0%B9%88%E0%B8%A1%E0%B8%B7%E0%B8%AD%E0%B8%97%E0%B8%B2%E0%B8%99%E0%B8%A7%E0%B8%B4%E0%B8%95%E0%B8%B2%E0%B8%A1%E0%B8%B4%E0%B8%99%E0%B8%8B%E0%B8%B5/","200","","https://new.thrivewellnessth.com/post/%E0%B8%84%E0%B8%B9%E0%B9%88%E0%B8%A1%E0%B8%B7%E0%B8%AD%E0%B8%97%E0%B8%B2%E0%B8%99%E0%B8%A7%E0%B8%B4%E0%B8%95%E0%B8%B2%E0%B8%A1%E0%B8%B4%E0%B8%99%E0%B8%8B%E0%B8%B5/","200","noindex, nofollow, noarchive","390","1","/blog/%E0%B8%84%E0%B8%B9%E0%B9%88%E0%B8%A1%E0%B8%B7%E0%B8%AD%E0%B8%97%E0%B8%B2%E0%B8%99%E0%B8%A7%E0%B8%B4%E0%B8%95%E0%B8%B2%E0%B8%A1%E0%B8%B4%E0%B8%99%E0%B8%8B%E0%B8%B5","Redirecting to: /blog/%E0%B8%84%E0%B8%B9%E0%B9%88%E0%B8%A1%E0%B8%B7%E0%B8%AD%E0%B8%97%E0%B8%B2%E0%B8%99%E0%B8%A7%E0%B8%B4%E0%B8%95%E0%B8%B2%E0%B8%A1%E0%B8%B4%E0%B8%99%E0%B8%8B%E0%B8%B5","184","","0","noindex","https://new.thrivewellnessth.com/blog/%E0%B8%84%E0%B8%B9%E0%B9%88%E0%B8%A1%E0%B8%B7%E0%B8%AD%E0%B8%97%E0%B8%B2%E0%B8%99%E0%B8%A7%E0%B8%B4%E0%B8%95%E0%B8%B2%E0%B8%A1%E0%B8%B4%E0%B8%99%E0%B8%8B%E0%B8%B5","","","0","","","360","0","0","1","0","0"
"https://new.thrivewellnessth.com/post/%E0%B8%95%E0%B8%A3%E0%B8%A7%E0%B8%88%E0%B8%A0%E0%B8%B9%E0%B8%A1%E0%B8%B4%E0%B9%81%E0%B8%9E%E0%B9%89%E0%B8%AD%E0%B8%B2%E0%B8%AB%E0%B8%B2%E0%B8%A3%E0%B9%81%E0%B8%9D%E0%B8%87-igg/","200","","https://new.thrivewellnessth.com/post/%E0%B8%95%E0%B8%A3%E0%B8%A7%E0%B8%88%E0%B8%A0%E0%B8%B9%E0%B8%A1%E0%B8%B4%E0%B9%81%E0%B8%9E%E0%B9%89%E0%B8%AD%E0%B8%B2%E0%B8%AB%E0%B8%B2%E0%B8%A3%E0%B9%81%E0%B8%9D%E0%B8%87-igg/","200","noindex, nofollow, noarchive","81","1","/blog/%E0%B8%95%E0%B8%A3%E0%B8%A7%E0%B8%88%E0%B8%A0%E0%B8%B9%E0%B8%A1%E0%B8%B4%E0%B9%81%E0%B8%9E%E0%B9%89%E0%B8%AD%E0%B8%B2%E0%B8%AB%E0%B8%B2%E0%B8%A3%E0%B9%81%E0%B8%9D%E0%B8%87-igg","Redirecting to: /blog/%E0%B8%95%E0%B8%A3%E0%B8%A7%E0%B8%88%E0%B8%A0%E0%B8%B9%E0%B8%A1%E0%B8%B4%E0%B9%81%E0%B8%9E%E0%B9%89%E0%B8%AD%E0%B8%B2%E0%B8%AB%E0%B8%B2%E0%B8%A3%E0%B9%81%E0%B8%9D%E0%B8%87-igg","197","","0","noindex","https://new.thrivewellnessth.com/blog/%E0%B8%95%E0%B8%A3%E0%B8%A7%E0%B8%88%E0%B8%A0%E0%B8%B9%E0%B8%A1%E0%B8%B4%E0%B9%81%E0%B8%9E%E0%B9%89%E0%B8%AD%E0%B8%B2%E0%B8%AB%E0%B8%B2%E0%B8%A3%E0%B9%81%E0%B8%9D%E0%B8%87-igg","","","0","","","386","0","0","1","0","0"
"https://new.thrivewellnessth.com/post/%E0%B8%9B%E0%B8%B1%E0%B8%8D%E0%B8%AB%E0%B8%B2%E0%B8%AA%E0%B8%B4%E0%B8%A7%E0%B8%9B%E0%B8%A3%E0%B8%B0%E0%B8%88%E0%B8%B3%E0%B9%80%E0%B8%94%E0%B8%B7%E0%B8%AD%E0%B8%99/","200","","https://new.thrivewellnessth.com/post/%E0%B8%9B%E0%B8%B1%E0%B8%8D%E0%B8%AB%E0%B8%B2%E0%B8%AA%E0%B8%B4%E0%B8%A7%E0%B8%9B%E0%B8%A3%E0%B8%B0%E0%B8%88%E0%B8%B3%E0%B9%80%E0%B8%94%E0%B8%B7%E0%B8%AD%E0%B8%99/","200","noindex, nofollow, noarchive","377","1","/blog/%E0%B8%9B%E0%B8%B1%E0%B8%8D%E0%B8%AB%E0%B8%B2%E0%B8%AA%E0%B8%B4%E0%B8%A7%E0%B8%9B%E0%B8%A3%E0%B8%B0%E0%B8%88%E0%B8%B3%E0%B9%80%E0%B8%94%E0%B8%B7%E0%B8%AD%E0%B8%99","Redirecting to: /blog/%E0%B8%9B%E0%B8%B1%E0%B8%8D%E0%B8%AB%E0%B8%B2%E0%B8%AA%E0%B8%B4%E0%B8%A7%E0%B8%9B%E0%B8%A3%E0%B8%B0%E0%B8%88%E0%B8%B3%E0%B9%80%E0%B8%94%E0%B8%B7%E0%B8%AD%E0%B8%99","184","","0","noindex","https://new.thrivewellnessth.com/blog/%E0%B8%9B%E0%B8%B1%E0%B8%8D%E0%B8%AB%E0%B8%B2%E0%B8%AA%E0%B8%B4%E0%B8%A7%E0%B8%9B%E0%B8%A3%E0%B8%B0%E0%B8%88%E0%B8%B3%E0%B9%80%E0%B8%94%E0%B8%B7%E0%B8%AD%E0%B8%99","","","0","","","360","0","0","1","0","0"
"https://new.thrivewellnessth.com/post/%E0%B8%9C%E0%B8%B7%E0%B9%88%E0%B8%99%E0%B8%A5%E0%B8%A1%E0%B8%9E%E0%B8%B4%E0%B8%A9/","200","","https://new.thrivewellnessth.com/post/%E0%B8%9C%E0%B8%B7%E0%B9%88%E0%B8%99%E0%B8%A5%E0%B8%A1%E0%B8%9E%E0%B8%B4%E0%B8%A9/","200","noindex, nofollow, noarchive","304","1","/blog/%E0%B8%9C%E0%B8%B7%E0%B9%88%E0%B8%99%E0%B8%A5%E0%B8%A1%E0%B8%9E%E0%B8%B4%E0%B8%A9","Redirecting to: /blog/%E0%B8%9C%E0%B8%B7%E0%B9%88%E0%B8%99%E0%B8%A5%E0%B8%A1%E0%B8%9E%E0%B8%B4%E0%B8%A9","103","","0","noindex","https://new.thrivewellnessth.com/blog/%E0%B8%9C%E0%B8%B7%E0%B9%88%E0%B8%99%E0%B8%A5%E0%B8%A1%E0%B8%9E%E0%B8%B4%E0%B8%A9","","","0","","","198","0","0","1","0","0"
"https://new.thrivewellnessth.com/post/%E0%B8%A0%E0%B8%B9%E0%B8%A1%E0%B8%B4%E0%B8%84%E0%B8%B8%E0%B9%89%E0%B8%A1%E0%B8%81%E0%B8%B1%E0%B8%99%E0%B8%9E%E0%B8%B1%E0%B8%87/","200","","https://new.thrivewellnessth.com/post/%E0%B8%A0%E0%B8%B9%E0%B8%A1%E0%B8%B4%E0%B8%84%E0%B8%B8%E0%B9%89%E0%B8%A1%E0%B8%81%E0%B8%B1%E0%B8%99%E0%B8%9E%E0%B8%B1%E0%B8%87/","200","noindex, nofollow, noarchive","354","1","/blog/%E0%B8%A0%E0%B8%B9%E0%B8%A1%E0%B8%B4%E0%B8%84%E0%B8%B8%E0%B9%89%E0%B8%A1%E0%B8%81%E0%B8%B1%E0%B8%99%E0%B8%9E%E0%B8%B1%E0%B8%87","Redirecting to: /blog/%E0%B8%A0%E0%B8%B9%E0%B8%A1%E0%B8%B4%E0%B8%84%E0%B8%B8%E0%B9%89%E0%B8%A1%E0%B8%81%E0%B8%B1%E0%B8%99%E0%B8%9E%E0%B8%B1%E0%B8%87","148","","0","noindex","https://new.thrivewellnessth.com/blog/%E0%B8%A0%E0%B8%B9%E0%B8%A1%E0%B8%B4%E0%B8%84%E0%B8%B8%E0%B9%89%E0%B8%A1%E0%B8%81%E0%B8%B1%E0%B8%99%E0%B8%9E%E0%B8%B1%E0%B8%87","","","0","","","288","0","0","1","0","0"
"https://new.thrivewellnessth.com/post/%E0%B8%A5%E0%B8%B3%E0%B9%84%E0%B8%AA%E0%B9%89%E0%B8%AD%E0%B8%B1%E0%B8%81%E0%B9%80%E0%B8%AA%E0%B8%9A/","200","","https://new.thrivewellnessth.com/post/%E0%B8%A5%E0%B8%B3%E0%B9%84%E0%B8%AA%E0%B9%89%E0%B8%AD%E0%B8%B1%E0%B8%81%E0%B9%80%E0%B8%AA%E0%B8%9A/","200","noindex, nofollow, noarchive","324","1","/blog/%E0%B8%A5%E0%B8%B3%E0%B9%84%E0%B8%AA%E0%B9%89%E0%B8%AD%E0%B8%B1%E0%B8%81%E0%B9%80%E0%B8%AA%E0%B8%9A","Redirecting to: /blog/%E0%B8%A5%E0%B8%B3%E0%B9%84%E0%B8%AA%E0%B9%89%E0%B8%AD%E0%B8%B1%E0%B8%81%E0%B9%80%E0%B8%AA%E0%B8%9A","121","","0","noindex","https://new.thrivewellnessth.com/blog/%E0%B8%A5%E0%B8%B3%E0%B9%84%E0%B8%AA%E0%B9%89%E0%B8%AD%E0%B8%B1%E0%B8%81%E0%B9%80%E0%B8%AA%E0%B8%9A","","","0","","","234","0","0","1","0","0"
"https://new.thrivewellnessth.com/post/%E0%B8%AA%E0%B9%80%E0%B8%95%E0%B8%B5%E0%B8%A2%E0%B8%A3%E0%B8%AD%E0%B8%A2%E0%B8%94%E0%B9%8C/","200","","https://new.thrivewellnessth.com/post/%E0%B8%AA%E0%B9%80%E0%B8%95%E0%B8%B5%E0%B8%A2%E0%B8%A3%E0%B8%AD%E0%B8%A2%E0%B8%94%E0%B9%8C/","200","noindex, nofollow, noarchive","131","1","/blog/%E0%B8%AA%E0%B9%80%E0%B8%95%E0%B8%B5%E0%B8%A2%E0%B8%A3%E0%B8%AD%E0%B8%A2%E0%B8%94%E0%B9%8C","Redirecting to: /blog/%E0%B8%AA%E0%B9%80%E0%B8%95%E0%B8%B5%E0%B8%A2%E0%B8%A3%E0%B8%AD%E0%B8%A2%E0%B8%94%E0%B9%8C","112","","0","noindex","https://new.thrivewellnessth.com/blog/%E0%B8%AA%E0%B9%80%E0%B8%95%E0%B8%B5%E0%B8%A2%E0%B8%A3%E0%B8%AD%E0%B8%A2%E0%B8%94%E0%B9%8C","","","0","","","216","0","0","1","0","0"
"https://new.thrivewellnessth.com/post/%E0%B8%AD%E0%B8%B2%E0%B8%AB%E0%B8%B2%E0%B8%A3%E0%B8%97%E0%B8%B5%E0%B9%88%E0%B8%A1%E0%B8%B5-probiotic/","200","","https://new.thrivewellnessth.com/post/%E0%B8%AD%E0%B8%B2%E0%B8%AB%E0%B8%B2%E0%B8%A3%E0%B8%97%E0%B8%B5%E0%B9%88%E0%B8%A1%E0%B8%B5-probiotic/","200","noindex, nofollow, noarchive","288","1","/blog/%E0%B8%AD%E0%B8%B2%E0%B8%AB%E0%B8%B2%E0%B8%A3%E0%B8%97%E0%B8%B5%E0%B9%88%E0%B8%A1%E0%B8%B5-probiotic","Redirecting to: /blog/%E0%B8%AD%E0%B8%B2%E0%B8%AB%E0%B8%B2%E0%B8%A3%E0%B8%97%E0%B8%B5%E0%B9%88%E0%B8%A1%E0%B8%B5-probiotic","122","","0","noindex","https://new.thrivewellnessth.com/blog/%E0%B8%AD%E0%B8%B2%E0%B8%AB%E0%B8%B2%E0%B8%A3%E0%B8%97%E0%B8%B5%E0%B9%88%E0%B8%A1%E0%B8%B5-probiotic","","","0","","","236","0","0","1","0","0"
"https://new.thrivewellnessth.com/post/%E0%B8%AE%E0%B8%AD%E0%B8%A3%E0%B9%8C%E0%B9%82%E0%B8%A1%E0%B8%99%E0%B8%A7%E0%B8%B1%E0%B8%A2%E0%B8%97%E0%B8%AD%E0%B8%87/","200","","https://new.thrivewellnessth.com/post/%E0%B8%AE%E0%B8%AD%E0%B8%A3%E0%B9%8C%E0%B9%82%E0%B8%A1%E0%B8%99%E0%B8%A7%E0%B8%B1%E0%B8%A2%E0%B8%97%E0%B8%AD%E0%B8%87/","200","noindex, nofollow, noarchive","358","1","/blog/%E0%B8%AE%E0%B8%AD%E0%B8%A3%E0%B9%8C%E0%B9%82%E0%B8%A1%E0%B8%99%E0%B8%A7%E0%B8%B1%E0%B8%A2%E0%B8%97%E0%B8%AD%E0%B8%87","Redirecting to: /blog/%E0%B8%AE%E0%B8%AD%E0%B8%A3%E0%B9%8C%E0%B9%82%E0%B8%A1%E0%B8%99%E0%B8%A7%E0%B8%B1%E0%B8%A2%E0%B8%97%E0%B8%AD%E0%B8%87","139","","0","noindex","https://new.thrivewellnessth.com/blog/%E0%B8%AE%E0%B8%AD%E0%B8%A3%E0%B9%8C%E0%B9%82%E0%B8%A1%E0%B8%99%E0%B8%A7%E0%B8%B1%E0%B8%A2%E0%B8%97%E0%B8%AD%E0%B8%87","","","0","","","270","0","0","1","0","0"
"https://new.thrivewellnessth.com/post/220-minus-age-heart-rate-formula-accuracy/","200","","https://new.thrivewellnessth.com/post/220-minus-age-heart-rate-formula-accuracy/","200","noindex, nofollow, noarchive","68","1","/blog/220-minus-age-heart-rate-formula-accuracy","Redirecting to: /blog/220-minus-age-heart-rate-formula-accuracy","63","","0","noindex","https://new.thrivewellnessth.com/blog/220-minus-age-heart-rate-formula-accuracy","","","0","","","118","0","0","1","0","0"
"https://new.thrivewellnessth.com/post/4-levels-heart-screening-coronary-artery-disease/","200","","https://new.thrivewellnessth.com/post/4-levels-heart-screening-coronary-artery-disease/","200","noindex, nofollow, noarchive","147","1","/blog/4-levels-heart-screening-coronary-artery-disease","Redirecting to: /blog/4-levels-heart-screening-coronary-artery-disease","70","","0","noindex","https://new.thrivewellnessth.com/blog/4-levels-heart-screening-coronary-artery-disease","","","0","","","132","0","0","1","0","0"
"https://new.thrivewellnessth.com/post/6_benefits_kombucha/","200","","https://new.thrivewellnessth.com/post/6_benefits_kombucha/","200","noindex, nofollow, noarchive","351","0","/blog/6_benefits_kombucha","Redirecting to: /blog/6_benefits_kombucha","41","","0","noindex","https://new.thrivewellnessth.com/blog/6_benefits_kombucha","","","0","","","74","0","0","1","0","0"
"https://new.thrivewellnessth.com/post/8-%E0%B8%A5%E0%B8%B1%E0%B8%81%E0%B8%A9%E0%B8%93%E0%B8%B0%E0%B8%AA%E0%B8%B8%E0%B8%82%E0%B8%A0%E0%B8%B2%E0%B8%9E%E0%B8%94%E0%B8%B5/","200","","https://new.thrivewellnessth.com/post/8-%E0%B8%A5%E0%B8%B1%E0%B8%81%E0%B8%A9%E0%B8%93%E0%B8%B0%E0%B8%AA%E0%B8%B8%E0%B8%82%E0%B8%A0%E0%B8%B2%E0%B8%9E%E0%B8%94%E0%B8%B5/","200","noindex, nofollow, noarchive","287","1","/blog/8-%E0%B8%A5%E0%B8%B1%E0%B8%81%E0%B8%A9%E0%B8%93%E0%B8%B0%E0%B8%AA%E0%B8%B8%E0%B8%82%E0%B8%A0%E0%B8%B2%E0%B8%9E%E0%B8%94%E0%B8%B5","Redirecting to: /blog/8-%E0%B8%A5%E0%B8%B1%E0%B8%81%E0%B8%A9%E0%B8%93%E0%B8%B0%E0%B8%AA%E0%B8%B8%E0%B8%82%E0%B8%A0%E0%B8%B2%E0%B8%9E%E0%B8%94%E0%B8%B5","150","","0","noindex","https://new.thrivewellnessth.com/blog/8-%E0%B8%A5%E0%B8%B1%E0%B8%81%E0%B8%A9%E0%B8%93%E0%B8%B0%E0%B8%AA%E0%B8%B8%E0%B8%82%E0%B8%A0%E0%B8%B2%E0%B8%9E%E0%B8%94%E0%B8%B5","","","0","","","292","0","0","1","0","0"
"https://new.thrivewellnessth.com/post/abnormal-period/","200","","https://new.thrivewellnessth.com/post/abnormal-period/","200","noindex, nofollow, noarchive","292","0","/blog/abnormal-period","Redirecting to: /blog/abnormal-period","37","","0","noindex","https://new.thrivewellnessth.com/blog/abnormal-period","","","0","","","66","0","0","1","0","0"
"https://new.thrivewellnessth.com/post/adrenal-fatigue-post/","200","","https://new.thrivewellnessth.com/post/adrenal-fatigue-post/","200","noindex, nofollow, noarchive","355","0","/blog/adrenal-fatigue-post","Redirecting to: /blog/adrenal-fatigue-post","42","","0","noindex","https://new.thrivewellnessth.com/blog/adrenal-fatigue-post","","","0","","","76","0","0","1","0","0"
"https://new.thrivewellnessth.com/post/apple-benefit/","200","","https://new.thrivewellnessth.com/post/apple-benefit/","200","noindex, nofollow, noarchive","69","0","/blog/apple-benefit","Redirecting to: /blog/apple-benefit","35","","0","noindex","https://new.thrivewellnessth.com/blog/apple-benefit","","","0","","","62","0","0","1","0","0"
"https://new.thrivewellnessth.com/post/ashwagandha/","200","","https://new.thrivewellnessth.com/post/ashwagandha/","200","noindex, nofollow, noarchive","282","0","/blog/ashwagandha","Redirecting to: /blog/ashwagandha","33","","0","noindex","https://new.thrivewellnessth.com/blog/ashwagandha","","","0","","","58","0","0","1","0","0"
"https://new.thrivewellnessth.com/post/bromelain/","200","","https://new.thrivewellnessth.com/post/bromelain/","200","noindex, nofollow, noarchive","301","0","/blog/bromelain","Redirecting to: /blog/bromelain","31","","0","noindex","https://new.thrivewellnessth.com/blog/bromelain","","","0","","","54","0","0","1","0","0"
"https://new.thrivewellnessth.com/post/cbt-therapy-guide/","200","","https://new.thrivewellnessth.com/post/cbt-therapy-guide/","200","noindex, nofollow, noarchive","153","0","/blog/cbt-therapy-guide","Redirecting to: /blog/cbt-therapy-guide","39","","0","noindex","https://new.thrivewellnessth.com/blog/cbt-therapy-guide","","","0","","","70","0","0","1","0","0"
"https://new.thrivewellnessth.com/post/check-immune-system/","200","","https://new.thrivewellnessth.com/post/check-immune-system/","200","noindex, nofollow, noarchive","286","0","/blog/check-immune-system","Redirecting to: /blog/check-immune-system","41","","0","noindex","https://new.thrivewellnessth.com/blog/check-immune-system","","","0","","","74","0","0","1","0","0"
"https://new.thrivewellnessth.com/post/chili/","200","","https://new.thrivewellnessth.com/post/chili/","200","noindex, nofollow, noarchive","295","0","/blog/chili","Redirecting to: /blog/chili","27","","0","noindex","https://new.thrivewellnessth.com/blog/chili","","","0","","","46","0","0","1","0","0"
"https://new.thrivewellnessth.com/post/chromium/","200","","https://new.thrivewellnessth.com/post/chromium/","200","noindex, nofollow, noarchive","148","0","/blog/chromium","Redirecting to: /blog/chromium","30","","0","noindex","https://new.thrivewellnessth.com/blog/chromium","","","0","","","52","0","0","1","0","0"
"https://new.thrivewellnessth.com/post/cloggedarteries/","200","","https://new.thrivewellnessth.com/post/cloggedarteries/","200","noindex, nofollow, noarchive","581","0","/blog/cloggedarteries","Redirecting to: /blog/cloggedarteries","37","","0","noindex","https://new.thrivewellnessth.com/blog/cloggedarteries","","","0","","","66","0","0","1","0","0"
"https://new.thrivewellnessth.com/post/coenzyme-q10/","200","","https://new.thrivewellnessth.com/post/coenzyme-q10/","200","noindex, nofollow, noarchive","344","0","/blog/coenzyme-q10","Redirecting to: /blog/coenzyme-q10","34","","0","noindex","https://new.thrivewellnessth.com/blog/coenzyme-q10","","","0","","","60","0","0","1","0","0"
"https://new.thrivewellnessth.com/post/female-hormone-panel-age-40/","200","","https://new.thrivewellnessth.com/post/female-hormone-panel-age-40/","200","noindex, nofollow, noarchive","72","0","/blog/female-hormone-panel-age-40","Redirecting to: /blog/female-hormone-panel-age-40","49","","0","noindex","https://new.thrivewellnessth.com/blog/female-hormone-panel-age-40","","","0","","","90","0","0","1","0","0"
"https://new.thrivewellnessth.com/post/femaleshormones/","200","","https://new.thrivewellnessth.com/post/femaleshormones/","200","noindex, nofollow, noarchive","291","0","/blog/femaleshormones","Redirecting to: /blog/femaleshormones","37","","0","noindex","https://new.thrivewellnessth.com/blog/femaleshormones","","","0","","","66","0","0","1","0","0"
"https://new.thrivewellnessth.com/post/food-allergy-ige/","200","","https://new.thrivewellnessth.com/post/food-allergy-ige/","200","noindex, nofollow, noarchive","67","0","/blog/food-allergy-ige","Redirecting to: /blog/food-allergy-ige","38","","0","noindex","https://new.thrivewellnessth.com/blog/food-allergy-ige","","","0","","","68","0","0","1","0","0"
"https://new.thrivewellnessth.com/post/glutathione/","200","","https://new.thrivewellnessth.com/post/glutathione/","200","noindex, nofollow, noarchive","295","0","/blog/glutathione","Redirecting to: /blog/glutathione","33","","0","noindex","https://new.thrivewellnessth.com/blog/glutathione","","","0","","","58","0","0","1","0","0"
"https://new.thrivewellnessth.com/post/growth-factor/","200","","https://new.thrivewellnessth.com/post/growth-factor/","200","noindex, nofollow, noarchive","296","0","/blog/growth-factor","Redirecting to: /blog/growth-factor","35","","0","noindex","https://new.thrivewellnessth.com/blog/growth-factor","","","0","","","62","0","0","1","0","0"
"https://new.thrivewellnessth.com/post/growth-hormone-2/","200","","https://new.thrivewellnessth.com/post/growth-hormone-2/","200","noindex, nofollow, noarchive","67","0","/blog/growth-hormone-2","Redirecting to: /blog/growth-hormone-2","38","","0","noindex","https://new.thrivewellnessth.com/blog/growth-hormone-2","","","0","","","68","0","0","1","0","0"
"https://new.thrivewellnessth.com/post/gut-bacteria-brain-connection/","200","","https://new.thrivewellnessth.com/post/gut-bacteria-brain-connection/","200","noindex, nofollow, noarchive","3330","0","/blog/gut-bacteria-brain-connection","Redirecting to: /blog/gut-bacteria-brain-connection","51","","0","noindex","https://new.thrivewellnessth.com/blog/gut-bacteria-brain-connection","","","0","","","94","0","0","1","0","0"
"https://new.thrivewellnessth.com/post/hairloss/","200","","https://new.thrivewellnessth.com/post/hairloss/","200","noindex, nofollow, noarchive","285","0","/blog/hairloss","Redirecting to: /blog/hairloss","30","","0","noindex","https://new.thrivewellnessth.com/blog/hairloss","","","0","","","52","0","0","1","0","0"
"https://new.thrivewellnessth.com/post/hbot-after-cosmetic-surgery/","200","","https://new.thrivewellnessth.com/post/hbot-after-cosmetic-surgery/","200","noindex, nofollow, noarchive","67","0","/blog/hbot-after-cosmetic-surgery","Redirecting to: /blog/hbot-after-cosmetic-surgery","49","","0","noindex","https://new.thrivewellnessth.com/blog/hbot-after-cosmetic-surgery","","","0","","","90","0","0","1","0","0"
"https://new.thrivewellnessth.com/post/hbot-and-sleep/","200","","https://new.thrivewellnessth.com/post/hbot-and-sleep/","200","noindex, nofollow, noarchive","320","0","/blog/hbot-and-sleep","Redirecting to: /blog/hbot-and-sleep","36","","0","noindex","https://new.thrivewellnessth.com/blog/hbot-and-sleep","","","0","","","64","0","0","1","0","0"
"https://new.thrivewellnessth.com/post/herbal-compress-massage/","200","","https://new.thrivewellnessth.com/post/herbal-compress-massage/","200","noindex, nofollow, noarchive","652","0","/blog/herbal-compress-massage","Redirecting to: /blog/herbal-compress-massage","45","","0","noindex","https://new.thrivewellnessth.com/blog/herbal-compress-massage","","","0","","","82","0","0","1","0","0"
"https://new.thrivewellnessth.com/post/how-to-overcome-burn-out-syndrome/","200","","https://new.thrivewellnessth.com/post/how-to-overcome-burn-out-syndrome/","200","noindex, nofollow, noarchive","388","0","/blog/how-to-overcome-burn-out-syndrome","Redirecting to: /blog/how-to-overcome-burn-out-syndrome","55","","0","noindex","https://new.thrivewellnessth.com/blog/how-to-overcome-burn-out-syndrome","","","0","","","102","0","0","1","0","0"
"https://new.thrivewellnessth.com/post/human-growth-hormone/","200","","https://new.thrivewellnessth.com/post/human-growth-hormone/","200","noindex, nofollow, noarchive","386","0","/blog/human-growth-hormone","Redirecting to: /blog/human-growth-hormone","42","","0","noindex","https://new.thrivewellnessth.com/blog/human-growth-hormone","","","0","","","76","0","0","1","0","0"
"https://new.thrivewellnessth.com/post/hyrox-overtraining-hormone-imbalance/","200","","https://new.thrivewellnessth.com/post/hyrox-overtraining-hormone-imbalance/","200","noindex, nofollow, noarchive","346","1","/blog/hyrox-overtraining-hormone-imbalance","Redirecting to: /blog/hyrox-overtraining-hormone-imbalance","58","","0","noindex","https://new.thrivewellnessth.com/blog/hyrox-overtraining-hormone-imbalance","","","0","","","108","0","0","1","0","0"
"https://new.thrivewellnessth.com/post/immunesystem/","200","","https://new.thrivewellnessth.com/post/immunesystem/","200","noindex, nofollow, noarchive","301","0","/blog/immunesystem","Redirecting to: /blog/immunesystem","34","","0","noindex","https://new.thrivewellnessth.com/blog/immunesystem","","","0","","","60","0","0","1","0","0"
"https://new.thrivewellnessth.com/post/immunity/","200","","https://new.thrivewellnessth.com/post/immunity/","200","noindex, nofollow, noarchive","527","0","/blog/immunity","Redirecting to: /blog/immunity","30","","0","noindex","https://new.thrivewellnessth.com/blog/immunity","","","0","","","52","0","0","1","0","0"
"https://new.thrivewellnessth.com/post/insulin/","200","","https://new.thrivewellnessth.com/post/insulin/","200","noindex, nofollow, noarchive","301","0","/blog/insulin","Redirecting to: /blog/insulin","29","","0","noindex","https://new.thrivewellnessth.com/blog/insulin","","","0","","","50","0","0","1","0","0"
"https://new.thrivewellnessth.com/post/l-carnitine/","200","","https://new.thrivewellnessth.com/post/l-carnitine/","200","noindex, nofollow, noarchive","279","0","/blog/l-carnitine","Redirecting to: /blog/l-carnitine","33","","0","noindex","https://new.thrivewellnessth.com/blog/l-carnitine","","","0","","","58","0","0","1","0","0"
"https://new.thrivewellnessth.com/post/leaky-gut-immunity/","200","","https://new.thrivewellnessth.com/post/leaky-gut-immunity/","200","noindex, nofollow, noarchive","277","0","/blog/leaky-gut-immunity","Redirecting to: /blog/leaky-gut-immunity","40","","0","noindex","https://new.thrivewellnessth.com/blog/leaky-gut-immunity","","","0","","","72","0","0","1","0","0"
"https://new.thrivewellnessth.com/post/low-testosterone-heavy-exercise-men/","200","","https://new.thrivewellnessth.com/post/low-testosterone-heavy-exercise-men/","200","noindex, nofollow, noarchive","517","1","/blog/low-testosterone-heavy-exercise-men","Redirecting to: /blog/low-testosterone-heavy-exercise-men","57","","0","noindex","https://new.thrivewellnessth.com/blog/low-testosterone-heavy-exercise-men","","","0","","","106","0","0","1","0","0"
"https://new.thrivewellnessth.com/post/lower-ldl-naturally/","200","","https://new.thrivewellnessth.com/post/lower-ldl-naturally/","200","noindex, nofollow, noarchive","516","0","/blog/lower-ldl-naturally","Redirecting to: /blog/lower-ldl-naturally","41","","0","noindex","https://new.thrivewellnessth.com/blog/lower-ldl-naturally","","","0","","","74","0","0","1","0","0"
"https://new.thrivewellnessth.com/post/magnesium/","200","","https://new.thrivewellnessth.com/post/magnesium/","200","noindex, nofollow, noarchive","379","0","/blog/magnesium","Redirecting to: /blog/magnesium","31","","0","noindex","https://new.thrivewellnessth.com/blog/magnesium","","","0","","","54","0","0","1","0","0"
"https://new.thrivewellnessth.com/post/matcha-nutrients-vitamins/","200","","https://new.thrivewellnessth.com/post/matcha-nutrients-vitamins/","200","noindex, nofollow, noarchive","511","0","/blog/matcha-nutrients-vitamins","Redirecting to: /blog/matcha-nutrients-vitamins","47","","0","noindex","https://new.thrivewellnessth.com/blog/matcha-nutrients-vitamins","","","0","","","86","0","0","1","0","0"
"https://new.thrivewellnessth.com/post/menorrhagia/","200","","https://new.thrivewellnessth.com/post/menorrhagia/","200","noindex, nofollow, noarchive","290","0","/blog/menorrhagia","Redirecting to: /blog/menorrhagia","33","","0","noindex","https://new.thrivewellnessth.com/blog/menorrhagia","","","0","","","58","0","0","1","0","0"
"https://new.thrivewellnessth.com/post/menstrual-pain/","200","","https://new.thrivewellnessth.com/post/menstrual-pain/","200","noindex, nofollow, noarchive","66","0","/blog/menstrual-pain","Redirecting to: /blog/menstrual-pain","36","","0","noindex","https://new.thrivewellnessth.com/blog/menstrual-pain","","","0","","","64","0","0","1","0","0"
"https://new.thrivewellnessth.com/post/mental-health/","200","","https://new.thrivewellnessth.com/post/mental-health/","200","noindex, nofollow, noarchive","411","0","/blog/mental-health","Redirecting to: /blog/mental-health","35","","0","noindex","https://new.thrivewellnessth.com/blog/mental-health","","","0","","","62","0","0","1","0","0"
"https://new.thrivewellnessth.com/post/minerals/","200","","https://new.thrivewellnessth.com/post/minerals/","200","noindex, nofollow, noarchive","502","0","/blog/minerals","Redirecting to: /blog/minerals","30","","0","noindex","https://new.thrivewellnessth.com/blog/minerals","","","0","","","52","0","0","1","0","0"
"https://new.thrivewellnessth.com/post/mood-swings/","200","","https://new.thrivewellnessth.com/post/mood-swings/","200","noindex, nofollow, noarchive","288","0","/blog/mood-swings","Redirecting to: /blog/mood-swings","33","","0","noindex","https://new.thrivewellnessth.com/blog/mood-swings","","","0","","","58","0","0","1","0","0"
"https://new.thrivewellnessth.com/post/natural-depression-treatment/","200","","https://new.thrivewellnessth.com/post/natural-depression-treatment/","200","noindex, nofollow, noarchive","278","0","/blog/natural-depression-treatment","Redirecting to: /blog/natural-depression-treatment","50","","0","noindex","https://new.thrivewellnessth.com/blog/natural-depression-treatment","","","0","","","92","0","0","1","0","0"
"https://new.thrivewellnessth.com/post/neurotransmitter/","200","","https://new.thrivewellnessth.com/post/neurotransmitter/","200","noindex, nofollow, noarchive","335","0","/blog/neurotransmitter","Redirecting to: /blog/neurotransmitter","38","","0","noindex","https://new.thrivewellnessth.com/blog/neurotransmitter","","","0","","","68","0","0","1","0","0"
"https://new.thrivewellnessth.com/post/neurotransmitters/","200","","https://new.thrivewellnessth.com/post/neurotransmitters/","200","noindex, nofollow, noarchive","74","0","/blog/neurotransmitters","Redirecting to: /blog/neurotransmitters","39","","0","noindex","https://new.thrivewellnessth.com/blog/neurotransmitters","","","0","","","70","0","0","1","0","0"
"https://new.thrivewellnessth.com/post/nkcell/","200","","https://new.thrivewellnessth.com/post/nkcell/","200","noindex, nofollow, noarchive","344","0","/blog/nkcell","Redirecting to: /blog/nkcell","28","","0","noindex","https://new.thrivewellnessth.com/blog/nkcell","","","0","","","48","0","0","1","0","0"
"https://new.thrivewellnessth.com/post/non-alcoholic-fatty-liver-real-causes/","200","","https://new.thrivewellnessth.com/post/non-alcoholic-fatty-liver-real-causes/","200","noindex, nofollow, noarchive","67","1","/blog/non-alcoholic-fatty-liver-real-causes","Redirecting to: /blog/non-alcoholic-fatty-liver-real-causes","59","","0","noindex","https://new.thrivewellnessth.com/blog/non-alcoholic-fatty-liver-real-causes","","","0","","","110","0","0","1","0","0"
"https://new.thrivewellnessth.com/post/normal-ldl-still-at-risk-lipoprotein-a-apob/","200","","https://new.thrivewellnessth.com/post/normal-ldl-still-at-risk-lipoprotein-a-apob/","200","noindex, nofollow, noarchive","522","1","/blog/normal-ldl-still-at-risk-lipoprotein-a-apob","Redirecting to: /blog/normal-ldl-still-at-risk-lipoprotein-a-apob","65","","0","noindex","https://new.thrivewellnessth.com/blog/normal-ldl-still-at-risk-lipoprotein-a-apob","","","0","","","122","0","0","1","0","0"
"https://new.thrivewellnessth.com/post/omega-3/","200","","https://new.thrivewellnessth.com/post/omega-3/","200","noindex, nofollow, noarchive","305","0","/blog/omega-3","Redirecting to: /blog/omega-3","29","","0","noindex","https://new.thrivewellnessth.com/blog/omega-3","","","0","","","50","0","0","1","0","0"
"https://new.thrivewellnessth.com/post/panic-disorder-coping/","200","","https://new.thrivewellnessth.com/post/panic-disorder-coping/","200","noindex, nofollow, noarchive","362","0","/blog/panic-disorder-coping","Redirecting to: /blog/panic-disorder-coping","43","","0","noindex","https://new.thrivewellnessth.com/blog/panic-disorder-coping","","","0","","","78","0","0","1","0","0"
"https://new.thrivewellnessth.com/post/pelvicinflammatorydisease/","200","","https://new.thrivewellnessth.com/post/pelvicinflammatorydisease/","200","noindex, nofollow, noarchive","284","0","/blog/pelvicinflammatorydisease","Redirecting to: /blog/pelvicinflammatorydisease","47","","0","noindex","https://new.thrivewellnessth.com/blog/pelvicinflammatorydisease","","","0","","","86","0","0","1","0","0"
"https://new.thrivewellnessth.com/post/periodpain/","200","","https://new.thrivewellnessth.com/post/periodpain/","200","noindex, nofollow, noarchive","506","0","/blog/periodpain","Redirecting to: /blog/periodpain","32","","0","noindex","https://new.thrivewellnessth.com/blog/periodpain","","","0","","","56","0","0","1","0","0"
"https://new.thrivewellnessth.com/post/pms-premenstrualsyndrome/","200","","https://new.thrivewellnessth.com/post/pms-premenstrualsyndrome/","200","noindex, nofollow, noarchive","372","0","/blog/pms-premenstrualsyndrome","Redirecting to: /blog/pms-premenstrualsyndrome","46","","0","noindex","https://new.thrivewellnessth.com/blog/pms-premenstrualsyndrome","","","0","","","84","0","0","1","0","0"
"https://new.thrivewellnessth.com/post/postbiotic/","200","","https://new.thrivewellnessth.com/post/postbiotic/","200","noindex, nofollow, noarchive","361","0","/blog/postbiotic","Redirecting to: /blog/postbiotic","32","","0","noindex","https://new.thrivewellnessth.com/blog/postbiotic","","","0","","","56","0","0","1","0","0"
"https://new.thrivewellnessth.com/post/preservatives/","200","","https://new.thrivewellnessth.com/post/preservatives/","200","noindex, nofollow, noarchive","288","0","/blog/preservatives","Redirecting to: /blog/preservatives","35","","0","noindex","https://new.thrivewellnessth.com/blog/preservatives","","","0","","","62","0","0","1","0","0"
"https://new.thrivewellnessth.com/post/prevent-hormone-imbalance-heavy-training/","200","","https://new.thrivewellnessth.com/post/prevent-hormone-imbalance-heavy-training/","200","noindex, nofollow, noarchive","293","1","/blog/prevent-hormone-imbalance-heavy-training","Redirecting to: /blog/prevent-hormone-imbalance-heavy-training","62","","0","noindex","https://new.thrivewellnessth.com/blog/prevent-hormone-imbalance-heavy-training","","","0","","","116","0","0","1","0","0"
"https://new.thrivewellnessth.com/post/progesterone/","200","","https://new.thrivewellnessth.com/post/progesterone/","200","noindex, nofollow, noarchive","380","0","/blog/progesterone","Redirecting to: /blog/progesterone","34","","0","noindex","https://new.thrivewellnessth.com/blog/progesterone","","","0","","","60","0","0","1","0","0"
"https://new.thrivewellnessth.com/post/red-s-relative-energy-deficiency-sport/","200","","https://new.thrivewellnessth.com/post/red-s-relative-energy-deficiency-sport/","200","noindex, nofollow, noarchive","592","1","/blog/red-s-relative-energy-deficiency-sport","Redirecting to: /blog/red-s-relative-energy-deficiency-sport","60","","0","noindex","https://new.thrivewellnessth.com/blog/red-s-relative-energy-deficiency-sport","","","0","","","112","0","0","1","0","0"
"https://new.thrivewellnessth.com/post/silica/","200","","https://new.thrivewellnessth.com/post/silica/","200","noindex, nofollow, noarchive","67","0","/blog/silica","Redirecting to: /blog/silica","28","","0","noindex","https://new.thrivewellnessth.com/blog/silica","","","0","","","48","0","0","1","0","0"
"https://new.thrivewellnessth.com/post/sleepwalking/","200","","https://new.thrivewellnessth.com/post/sleepwalking/","200","noindex, nofollow, noarchive","354","0","/blog/sleepwalking","Redirecting to: /blog/sleepwalking","34","","0","noindex","https://new.thrivewellnessth.com/blog/sleepwalking","","","0","","","60","0","0","1","0","0"
"https://new.thrivewellnessth.com/post/smiling-depression/","200","","https://new.thrivewellnessth.com/post/smiling-depression/","200","noindex, nofollow, noarchive","293","0","/blog/smiling-depression","Redirecting to: /blog/smiling-depression","40","","0","noindex","https://new.thrivewellnessth.com/blog/smiling-depression","","","0","","","72","0","0","1","0","0"
"https://new.thrivewellnessth.com/post/social-phobia-treatment/","200","","https://new.thrivewellnessth.com/post/social-phobia-treatment/","200","noindex, nofollow, noarchive","289","0","/blog/social-phobia-treatment","Redirecting to: /blog/social-phobia-treatment","45","","0","noindex","https://new.thrivewellnessth.com/blog/social-phobia-treatment","","","0","","","82","0","0","1","0","0"
"https://new.thrivewellnessth.com/post/syncope/","200","","https://new.thrivewellnessth.com/post/syncope/","200","noindex, nofollow, noarchive","429","0","/blog/syncope","Redirecting to: /blog/syncope","29","","0","noindex","https://new.thrivewellnessth.com/blog/syncope","","","0","","","50","0","0","1","0","0"
"https://new.thrivewellnessth.com/post/testosterone-woman/","200","","https://new.thrivewellnessth.com/post/testosterone-woman/","200","noindex, nofollow, noarchive","704","0","/blog/testosterone-woman","Redirecting to: /blog/testosterone-woman","40","","0","noindex","https://new.thrivewellnessth.com/blog/testosterone-woman","","","0","","","72","0","0","1","0","0"
"https://new.thrivewellnessth.com/post/triglyceride/","200","","https://new.thrivewellnessth.com/post/triglyceride/","200","noindex, nofollow, noarchive","289","0","/blog/triglyceride","Redirecting to: /blog/triglyceride","34","","0","noindex","https://new.thrivewellnessth.com/blog/triglyceride","","","0","","","60","0","0","1","0","0"
"https://new.thrivewellnessth.com/post/tryptophan/","200","","https://new.thrivewellnessth.com/post/tryptophan/","200","noindex, nofollow, noarchive","338","0","/blog/tryptophan","Redirecting to: /blog/tryptophan","32","","0","noindex","https://new.thrivewellnessth.com/blog/tryptophan","","","0","","","56","0","0","1","0","0"
"https://new.thrivewellnessth.com/post/vitamin-a/","200","","https://new.thrivewellnessth.com/post/vitamin-a/","200","noindex, nofollow, noarchive","349","0","/blog/vitamin-a","Redirecting to: /blog/vitamin-a","31","","0","noindex","https://new.thrivewellnessth.com/blog/vitamin-a","","","0","","","54","0","0","1","0","0"
"https://new.thrivewellnessth.com/post/vitamin-b3/","200","","https://new.thrivewellnessth.com/post/vitamin-b3/","200","noindex, nofollow, noarchive","334","0","/blog/vitamin-b3","Redirecting to: /blog/vitamin-b3","32","","0","noindex","https://new.thrivewellnessth.com/blog/vitamin-b3","","","0","","","56","0","0","1","0","0"
"https://new.thrivewellnessth.com/post/vitamin-b6/","200","","https://new.thrivewellnessth.com/post/vitamin-b6/","200","noindex, nofollow, noarchive","389","0","/blog/vitamin-b6","Redirecting to: /blog/vitamin-b6","32","","0","noindex","https://new.thrivewellnessth.com/blog/vitamin-b6","","","0","","","56","0","0","1","0","0"
"https://new.thrivewellnessth.com/post/vitamin-d-immune/","200","","https://new.thrivewellnessth.com/post/vitamin-d-immune/","200","noindex, nofollow, noarchive","519","0","/blog/vitamin-d-immune","Redirecting to: /blog/vitamin-d-immune","38","","0","noindex","https://new.thrivewellnessth.com/blog/vitamin-d-immune","","","0","","","68","0","0","1","0","0"
"https://new.thrivewellnessth.com/post/zinc-checklist/","200","","https://new.thrivewellnessth.com/post/zinc-checklist/","200","noindex, nofollow, noarchive","359","0","/blog/zinc-checklist","Redirecting to: /blog/zinc-checklist","36","","0","noindex","https://new.thrivewellnessth.com/blog/zinc-checklist","","","0","","","64","0","0","1","0","0"
"https://new.thrivewellnessth.com/therapist-consult/","200","","https://new.thrivewellnessth.com/therapist-consult/","200","noindex, nofollow, noarchive","383","33","","คุยกับนักบำบัด 1:1 กรุงเทพ ราคา ขั้นตอน | Thrive Wellness","57","คุยกับนักบำบัดแบบ 1:1 ที่ Thrive Wellness ลาดพร้าว เรื่องเครียด นอนไม่หลับ อารมณ์แกว่ง Mood Swing ไม่ต้องรอให้อาการหนัก เริ่มได้วันนี้ โทร 095-934-9640","151","index, follow","https://new.thrivewellnessth.com/therapist-consult","https://new.thrivewellnessth.com/therapist-consult-hero-1200x630.jpg","th-TH=https://new.thrivewellnessth.com/therapist-consult | x-default=https://new.thrivewellnessth.com/therapist-consult","1","พื้นที่ฟังที่ปลอดภัย ไม่ตัดสิน ไม่รีบสรุป","MedicalClinic PostalAddress GeoCoordinates OpeningHoursSpecification Service FAQPage Question Answer","6023","4","0","43","2","3"
"https://new.thrivewellnessth.com/urine-organic-test/","200","","https://new.thrivewellnessth.com/urine-organic-test/","200","noindex, nofollow, noarchive","926","45","","ตรวจกรดอินทรีย์ปัสสาวะ Organic Acids | Thrive Wellness","54","ตรวจ Urine Organic Acids วิเคราะห์ไมโตคอนเดรีย ลำไส้ สารสื่อประสาท และวิตามิน จากปัสสาวะ ไม่ต้องเจาะเลือด พร้อมคำปรึกษาแพทย์ Thrive ลาดพร้าว กรุงเทพฯ","149","index, follow","https://new.thrivewellnessth.com/urine-organic-test","https://new.thrivewellnessth.com/urine-organic-test-hero-1200x630.jpg","th-TH=https://new.thrivewellnessth.com/urine-organic-test | x-default=https://new.thrivewellnessth.com/urine-organic-test","1","เหนื่อยเรื้อรัง สมองล้า ทั้งที่เลือดปกติทุกอย่าง","MedicalClinic PostalAddress Physician MedicalTest MedicalCondition FAQPage Question Answer BreadcrumbList ListItem","8969","4","0","44","3","4"
"https://new.thrivewellnessth.com/vitamin-d/","200","","https://new.thrivewellnessth.com/vitamin-d/","200","noindex, nofollow, noarchive","548","44","","ตรวจวิตามิน D ภาวะพร่อง รักษา กรุงเทพ | Thrive Wellness","55","ตรวจระดับวิตามิน D รู้ว่าขาดหรือไม่ พร้อมแผนเสริมขนาดที่เหมาะกับคุณ แก้อาการเหนื่อยง่าย ปวดกระดูก ภูมิคุ้มกันต่ำ — Thrive Wellness Clinic ลาดพร้าว","146","index, follow","https://new.thrivewellnessth.com/vitamin-d","https://new.thrivewellnessth.com/vitamin-d-hero-1200x630.jpg","th-TH=https://new.thrivewellnessth.com/vitamin-d | x-default=https://new.thrivewellnessth.com/vitamin-d","1","อยู่เมืองร้อน แต่ยังขาดวิตามิน D และไม่รู้ตัว","MedicalClinic PostalAddress Physician MedicalTest MedicalCondition FAQPage Question Answer BreadcrumbList ListItem","8609","4","0","44","3","4"
"https://new.thrivewellnessth.com/vitamins-and-micronutrients/","200","","https://new.thrivewellnessth.com/vitamins-and-micronutrients/","200","noindex, nofollow, noarchive","187","37","","วิตามินและแร่ธาตุ ขาดอะไร เช็คอย่างไร | Thrive Wellness","55","คู่มือวิตามินและแร่ธาตุที่ครบ — รู้ว่าขาดอะไร มีอาการอย่างไร และเสริมอย่างถูกวิธีด้วยการตรวจระดับจริง ไม่เดา — Thrive Wellness Clinic Crystal Park ลาดพร้าว","155","index, follow","https://new.thrivewellnessth.com/vitamins-and-micronutrients","https://new.thrivewellnessth.com/vitamins-and-micronutrients-hero-1200x630.jpg","th-TH=https://new.thrivewellnessth.com/vitamins-and-micronutrients | x-default=https://new.thrivewellnessth.com/vitamins-and-micronutrients","1","กินวิตามินมาหลายปี แต่รู้ไหมว่ากินถูกตัว?","MedicalClinic PostalAddress GeoCoordinates Physician MedicalTest MedicalCondition MedicalWebPage FAQPage Question Answer BreadcrumbList ListItem","8500","4","0","43","2","3"