url,status,redirectTo,finalUrl,finalStatus,xRobotsTag,ms,htmlKB,title,titleLen,description,descriptionLen,robotsMeta,canonical,ogImage,hreflang,h1Count,h1,jsonLdTypes,bodyChars,imgCount,imgNoAlt,internalLinks,lineLinks,telLinks
"https://www.thrivewellnessth.com","200","","https://www.thrivewellnessth.com/","200","","260","1663","คลินิกสุขภาพ | Thrive Wellness | เดอะคริสตัล กรุงเทพมหานคร","58","Thrive Wellness & Aesthetics บริการตรวจสุขภาพชะลอวัย anti-aging และความงาม ให้คำปรึกษาสุขภาพเฉพาะแต่ละบุคคล ให้บริการตรวจสุขภาพเชิงลึกถึง DNA Chelation, Personalized Vitamins, IV Drip therapy, ตรวจภูมิแพ้อาหารแฝง, HIFU, PRP, มาเด้ คอลลาเจน, Meso Fat","249","","https://www.thrivewellnessth.com","https://static.wixstatic.com/media/989780_ab875d5b54e247a68f458afe7c743a04~mv2_d_2048_1365_s_2.jpg/v1/fill/w_2500,h_1666,al_c/989780_ab875d5b54e247a68f458afe7c743a04~mv2_d_2048_1365_s_2.jpg","","0","","WebSite SearchAction EntryPoint LocalBusiness PostalAddress","7629","52","21","117","1","1"
"https://www.thrivewellnessth.com/about","200","","https://www.thrivewellnessth.com/about","200","","173","984","Thrive Wellness Center คลินิกสุขภาพ ดูแลคุณที่ต้นเหตุของปัญหา","61","ไธรฟ์ คลินิก คือคลินิกสุขภาพที่ช่วยแก้ปัญหาอาการเรื้อรัง ด้วยการค้นหาสาเหตุที่แท้จริง ไม่ใช่เพียงรักษาตามอาการ ด้วยวิถีธรรมชาติ ปรับไลฟ์สไตล์ เพื่อค้นพบตัวคุณในversionที่ดีที่สุด","178","","https://www.thrivewellnessth.com/about","https://static.wixstatic.com/media/989780_d41e687d87de43d98f0b6c07e12bd364%7Emv2.jpg/v1/fit/w_2500,h_1330,al_c/989780_d41e687d87de43d98f0b6c07e12bd364%7Emv2.jpg","","1","THRIVE WELLNESS CENTER ABOUT US","","3619","16","3","75","1","1"
"https://www.thrivewellnessth.com/absolute-immune","200","","https://www.thrivewellnessth.com/absolute-immune","200","","396","1012","เช็คระบบภูมิคุ้มกัน ด่านหน้าสำคัญที่สู้กับเชื้อโรคให้คุณ","56","ถ้าด่านหน้าป้องกันเชื้อโรคของคุณไม่แข็งแรง ก็เปรียบเสมือนเมืองที่ง่ายต่อการถูกรุกรานจากข้าศึก! โปรแกรมตรวจระดับภูมิคุ้มกันที่ครอบคลุมที่ช่วยให้คุณเข้าใจว่าระบบภูมิคุ้มกันของคุณยังแข็งแรงดีอยู่หรือไม่","199","","https://www.thrivewellnessth.com/absolute-immune","https://static.wixstatic.com/media/989780_d41e687d87de43d98f0b6c07e12bd364%7Emv2.jpg/v1/fit/w_2500,h_1330,al_c/989780_d41e687d87de43d98f0b6c07e12bd364%7Emv2.jpg","","1","THRIVE ABSOLUTE IMMUNE PACKAGE","","3754","28","2","77","1","1"
"https://www.thrivewellnessth.com/acne-solution","200","","https://www.thrivewellnessth.com/acne-solution","200","","3016","1022","สิวเรื้อรัง .. จริงๆแล้วอาจพังมาตั้งแต่ลำไส้?!?","47","คุณมีปัญหาสิวเรื้อรังไหม? สิวอาจเป็นเพียงแค่อาการที่แสดงถึงการอักเสบของระบบลำไส้ ระบบฮอร์โมน และการขาดวิตามินบางชนิด มาตรวจให้รู้ชัดๆว่าคุณควรเปลี่ยนแปลงอะไรเพื่อลาขาดกับปัญหาสิว","178","","https://www.thrivewellnessth.com/acne-solution","https://static.wixstatic.com/media/989780_d41e687d87de43d98f0b6c07e12bd364%7Emv2.jpg/v1/fit/w_2500,h_1330,al_c/989780_d41e687d87de43d98f0b6c07e12bd364%7Emv2.jpg","","1","Acne Solution Clear Skin Package","","3258","23","6","75","1","1"
"https://www.thrivewellnessth.com/activ-haircell-treatment","200","","https://www.thrivewellnessth.com/activ-haircell-treatment","200","","2918","1019","ACTIV HAIRCELL | Thrive Wellness Center","39","วิธีการแก้ปัญหาผมบางทั้งในผู้หญิงและผู้ชาย ปัญหาฮอร์โมนที่ทำให้ผมร่วง","69","","https://www.thrivewellnessth.com/activ-haircell-treatment","https://static.wixstatic.com/media/989780_336e7959d144475d9490c314a949a0cb~mv2_d_5760_3840_s_4_2.jpg/v1/fill/w_2500,h_1666,al_c/989780_336e7959d144475d9490c314a949a0cb~mv2_d_5760_3840_s_4_2.jpg","","2","THRIVE &trade;","","7215","21","2","75","1","1"
"https://www.thrivewellnessth.com/adrenal-fatigue","200","","https://www.thrivewellnessth.com/adrenal-fatigue","200","","164","1057","ต่อมหมวกไตล้า เพราะความเครียดนำพาโรคมาให้คุณ","44","ต่อมหมวกไตล้า ภาวะแฝงที่มาพร้อมกับการระบาดโควิด 19 ที่ต้องบอกเช่นนี้เพราะอาการของภาวะต่อมหมวกไตล้า มีผลมาจากพฤติกรรมในชีวิตประจำวันของเราทุกๆ คน เช่น การต้อง Work From Home ทางเลือกจำเป็นที่ทำให้ใครหลายคนต้องทำงานอยู่แต่ในบ้าน หรือห้องสี่เหลี่ยม หันไปทางไหนก็เจอแต่วิวกำแพง ห่างหายจากการออกไปเดินเล่น ช้อปปิ้งอย่างที่เคยได้ทำเป็นประจำ ดูซีรีส์เพลินจนเวลานอนผิดปกติ สภาพแวดล้อมเดิมๆ ทำให้จิตใจไม่เบิกบาน","402","","https://www.thrivewellnessth.com/adrenal-fatigue","https://static.wixstatic.com/media/989780_378ff0fa28a84932ae92cd25ef1a3426~mv2.jpg/v1/fill/w_900,h_900,al_c/989780_378ff0fa28a84932ae92cd25ef1a3426~mv2.jpg","","1","ภาวะต่อมหมวกไตล้า Adrenal Fatigue","","7016","21","2","78","1","1"
"https://www.thrivewellnessth.com/ala","200","","https://www.thrivewellnessth.com/ala","200","","3703","1476","ALA (Alpha lipoic acid)  | Thrive Wellness Center","49","หากคุณเป็นคนที่มองหาการมีผิวขาวอมชมพู กระจ่างใส คงเคยได้ยิน NAC หรือสารตั้งต้นของกลูต้าไธโอนกันอย่างแน่นอน แล้ว ALA มีส่วนช่วยอย่างไรกับกลูต้าไธโอนบ้าง เพราะหลายคนอาจไม่คุ้นเคยกับเจ้ากรดไขมันตัวนี้ ไธรฟ์ เวลเนส คลินิก จะพาคุณไปทำความรู้จักกับ ALA ตัวช่วยสำคัญที่จะช่วยบูสท์ให้คุณผิวดีจนหลายคนต้องทัก","299","","https://www.thrivewellnessth.com/ala","https://static.wixstatic.com/media/989780_bc87995c946f465c8dbb7e006ca18e5e~mv2.jpg/v1/fill/w_1200,h_800,al_c/989780_bc87995c946f465c8dbb7e006ca18e5e~mv2.jpg","","1","Essential Booster ALA","","6856","35","2","85","1","1"
"https://www.thrivewellnessth.com/allergy-ige","200","","https://www.thrivewellnessth.com/allergy-ige","200","","208","1040","แพ้กุ้ง แพ้แป้ง แพ้ยา? เช็คภูมิแพ้เฉียบพลันก่อน (IgE)","53","แพ้อาหารบางจาน? แพ้ยาบางชนิด? หรือแพ้ขนสัตว์ หญ้า เชื้อรา? อะไรกันแน่นะ? ตรวจการภูมิแพ้เฉียบพลัน (IgE) ด้วยการเจาะเลือด เพื่อป้องกันและหลีกหนีสารที่ทำให้คุณแพ้!","160","","https://www.thrivewellnessth.com/allergy-ige","https://static.wixstatic.com/media/989780_d41e687d87de43d98f0b6c07e12bd364%7Emv2.jpg/v1/fit/w_2500,h_1330,al_c/989780_d41e687d87de43d98f0b6c07e12bd364%7Emv2.jpg","","1","ตรวจภูมิแพ้แบบเฉียบพลัน IgE","","5946","22","4","76","1","1"
"https://www.thrivewellnessth.com/beautiful-aura-skin","200","","https://www.thrivewellnessth.com/beautiful-aura-skin","200","","3153","1019","ฉีดผิวขาว | Thrive Wellness | เดอะคริสตัล เอกมัย-รามอินทรา","58","เทรนด์ผิวขาวกระจ่างใส มีออร่าแบบสาวเกาหลี ยังคงเป็นที่นิยมสำหรับสาวไทยมากที่สุด หลายคนมองหาตัวช่วยที่จะทำให้ผิวดูขาวขึ้นด้วยวิธีต่างๆ ทั้งการรับประทาน การทาครีม และการฉีดผิวก็เป็นอีกหนึ่งทางเลือกที่น่าสนใจไม่น้อย","212","","https://www.thrivewellnessth.com/beautiful-aura-skin","https://static.wixstatic.com/media/989780_d41e687d87de43d98f0b6c07e12bd364%7Emv2.jpg/v1/fit/w_2500,h_1330,al_c/989780_d41e687d87de43d98f0b6c07e12bd364%7Emv2.jpg","","1","ฉีดผิวขาวเพิ่มความมั่นใจ พร้อมมีสุขภาพที่ดี","","4942","21","2","83","1","1"
"https://www.thrivewellnessth.com/blog","200","","https://www.thrivewellnessth.com/blog","200","","237","1389","Blog / บทความ | Thrivewellness","30","Blog / บทความThrivewellness","27","","https://www.thrivewellnessth.com/blog","https://static.wixstatic.com/media/989780_d41e687d87de43d98f0b6c07e12bd364%7Emv2.jpg/v1/fit/w_2500,h_1330,al_c/989780_d41e687d87de43d98f0b6c07e12bd364%7Emv2.jpg","","1","ไธรฟ์ คลินิกสุขภาพ Thrive Wellness Center","","3768","39","2","118","1","1"
"https://www.thrivewellnessth.com/blog/categories/allergy","200","","https://www.thrivewellnessth.com/blog/categories/allergy","200","","280","1356","Allergy","7","","0","index","https://www.thrivewellnessth.com/blog/categories/allergy","","","1","ไธรฟ์ คลินิกสุขภาพ Thrive Wellness Center","","3529","33","2","115","1","1"
"https://www.thrivewellnessth.com/blog/categories/blood-pressure","200","","https://www.thrivewellnessth.com/blog/categories/blood-pressure","200","","217","1303","Blood Pressure","14","","0","index","https://www.thrivewellnessth.com/blog/categories/blood-pressure","","","1","ไธรฟ์ คลินิกสุขภาพ Thrive Wellness Center","","3099","21","2","109","1","1"
"https://www.thrivewellnessth.com/blog/categories/chelation","200","","https://www.thrivewellnessth.com/blog/categories/chelation","200","","297","1320","Chelation","9","","0","index","https://www.thrivewellnessth.com/blog/categories/chelation","","","1","ไธรฟ์ คลินิกสุขภาพ Thrive Wellness Center","","3267","25","2","111","1","1"
"https://www.thrivewellnessth.com/blog/categories/detox","200","","https://www.thrivewellnessth.com/blog/categories/detox","200","","194","1343","Detox","5","","0","index","https://www.thrivewellnessth.com/blog/categories/detox","","","1","ไธรฟ์ คลินิกสุขภาพ Thrive Wellness Center","","3365","31","2","114","1","1"
"https://www.thrivewellnessth.com/blog/categories/hangover","200","","https://www.thrivewellnessth.com/blog/categories/hangover","200","","2999","1296","Hangover","8","","0","index","https://www.thrivewellnessth.com/blog/categories/hangover","","","1","ไธรฟ์ คลินิกสุขภาพ Thrive Wellness Center","","3112","21","2","109","1","1"
"https://www.thrivewellnessth.com/blog/categories/iv-drip","200","","https://www.thrivewellnessth.com/blog/categories/iv-drip","200","","3436","1466","IV Drip ดริปวิตามิน","19","IV Drip หรือ การดิปวิตาม (ดริปวิตามิน) คือการให้วิตามินรวมถึงแร่ธาตุทางหลอดเลือดดำ","82","index","https://www.thrivewellnessth.com/blog/categories/iv-drip","","","1","ไธรฟ์ คลินิกสุขภาพ Thrive Wellness Center","","4357","55","2","126","1","1"
"https://www.thrivewellnessth.com/blog/categories/mental-health","200","","https://www.thrivewellnessth.com/blog/categories/mental-health","200","","278","1375","Mental Health","13","","0","index","https://www.thrivewellnessth.com/blog/categories/mental-health","","","1","ไธรฟ์ คลินิกสุขภาพ Thrive Wellness Center","","3578","37","2","117","1","1"
"https://www.thrivewellnessth.com/blog/categories/office-syndrome","200","","https://www.thrivewellnessth.com/blog/categories/office-syndrome","200","","195","1303","Office Syndrome","15","","0","index","https://www.thrivewellnessth.com/blog/categories/office-syndrome","","","1","ไธรฟ์ คลินิกสุขภาพ Thrive Wellness Center","","3126","21","2","109","1","1"
"https://www.thrivewellnessth.com/blog/categories/weight-loss","200","","https://www.thrivewellnessth.com/blog/categories/weight-loss","200","","288","1342","Weight-Loss","11","","0","index","https://www.thrivewellnessth.com/blog/categories/weight-loss","","","1","ไธรฟ์ คลินิกสุขภาพ Thrive Wellness Center","","3434","29","2","113","1","1"
"https://www.thrivewellnessth.com/blog/categories/การนอนหลับ","200","","https://www.thrivewellnessth.com/blog/categories/%E0%B8%81%E0%B8%B2%E0%B8%A3%E0%B8%99%E0%B8%AD%E0%B8%99%E0%B8%AB%E0%B8%A5%E0%B8%B1%E0%B8%9A","200","","230","1334","การนอนหลับ","10","","0","index","https://www.thrivewellnessth.com/blog/categories/การนอนหลับ","","","1","ไธรฟ์ คลินิกสุขภาพ Thrive Wellness Center","","3429","29","2","113","1","1"
"https://www.thrivewellnessth.com/blog/categories/ไขมันอุดตัน","200","","https://www.thrivewellnessth.com/blog/categories/%E0%B9%84%E0%B8%82%E0%B8%A1%E0%B8%B1%E0%B8%99%E0%B8%AD%E0%B8%B8%E0%B8%94%E0%B8%95%E0%B8%B1%E0%B8%99","200","","198","1310","ไขมันอุดตัน","11","","0","index","https://www.thrivewellnessth.com/blog/categories/ไขมันอุดตัน","","","1","ไธรฟ์ คลินิกสุขภาพ Thrive Wellness Center","","3199","23","2","110","1","1"
"https://www.thrivewellnessth.com/blog/categories/ความเครียดสะสม","200","","https://www.thrivewellnessth.com/blog/categories/%E0%B8%84%E0%B8%A7%E0%B8%B2%E0%B8%A1%E0%B9%80%E0%B8%84%E0%B8%A3%E0%B8%B5%E0%B8%A2%E0%B8%94%E0%B8%AA%E0%B8%B0%E0%B8%AA%E0%B8%A1","200","","264","1363","ความเครียดสะสม","14","","0","index","https://www.thrivewellnessth.com/blog/categories/ความเครียดสะสม","","","1","ไธรฟ์ คลินิกสุขภาพ Thrive Wellness Center","","3431","33","2","115","1","1"
"https://www.thrivewellnessth.com/blog/categories/ความดันโลหิต","200","","https://www.thrivewellnessth.com/blog/categories/%E0%B8%84%E0%B8%A7%E0%B8%B2%E0%B8%A1%E0%B8%94%E0%B8%B1%E0%B8%99%E0%B9%82%E0%B8%A5%E0%B8%AB%E0%B8%B4%E0%B8%95","200","","249","1336","ความดันโลหิต","12","","0","index","https://www.thrivewellnessth.com/blog/categories/ความดันโลหิต","","","1","ไธรฟ์ คลินิกสุขภาพ Thrive Wellness Center","","3333","29","2","113","1","1"
"https://www.thrivewellnessth.com/blog/categories/ดูแลตัวเอง","200","","https://www.thrivewellnessth.com/blog/categories/%E0%B8%94%E0%B8%B9%E0%B9%81%E0%B8%A5%E0%B8%95%E0%B8%B1%E0%B8%A7%E0%B9%80%E0%B8%AD%E0%B8%87","200","","3262","1463","ดูแลตัวเอง","10","เคล็ดลับดูแลตัวเองในแบบของไธรฟ์คลินิก คลินิกสุขภาพ","50","index","https://www.thrivewellnessth.com/blog/categories/ดูแลตัวเอง","https://static.wixstatic.com/media/989780_32a9a9621e3a4135b1e20673ac3e1641~mv2.png/v1/fill/w_1000,h_618,al_c,q_90,usm_0.66_1.00_0.01/989780_32a9a9621e3a4135b1e20673ac3e1641~mv2.png","","1","ไธรฟ์ คลินิกสุขภาพ Thrive Wellness Center","","4080","55","2","126","1","1"
"https://www.thrivewellnessth.com/blog/categories/ดูแลสุขภาพ","200","","https://www.thrivewellnessth.com/blog/categories/%E0%B8%94%E0%B8%B9%E0%B9%81%E0%B8%A5%E0%B8%AA%E0%B8%B8%E0%B8%82%E0%B8%A0%E0%B8%B2%E0%B8%9E","200","","302","1467","ดูแลสุขภาพ","10","เคล็ดลับในการดูแลสุขภาพแบบไธรฟ์คลินิก","37","index","https://www.thrivewellnessth.com/blog/categories/ดูแลสุขภาพ","https://static.wixstatic.com/media/989780_12d89e00fdde4e278cf01269fdbffd69~mv2_d_6016_4016_s_4_2.jpeg/v1/fill/w_1000,h_668,al_c,q_85,usm_0.66_1.00_0.01/989780_12d89e00fdde4e278cf01269fdbffd69~mv2_d_6016_4016_s_4_2.jpeg","","1","ไธรฟ์ คลินิกสุขภาพ Thrive Wellness Center","","4085","55","2","126","1","1"
"https://www.thrivewellnessth.com/blog/categories/ตับ","200","","https://www.thrivewellnessth.com/blog/categories/%E0%B8%95%E0%B8%B1%E0%B8%9A","200","","3221","1296","ตับ","3","","0","index","https://www.thrivewellnessth.com/blog/categories/ตับ","","","1","ไธรฟ์ คลินิกสุขภาพ Thrive Wellness Center","","3062","21","2","109","1","1"
"https://www.thrivewellnessth.com/blog/categories/ท้องผูก","200","","https://www.thrivewellnessth.com/blog/categories/%E0%B8%97%E0%B9%89%E0%B8%AD%E0%B8%87%E0%B8%9C%E0%B8%B9%E0%B8%81","200","","315","1284","ท้องผูก","7","","0","index","https://www.thrivewellnessth.com/blog/categories/ท้องผูก","","","1","ไธรฟ์ คลินิกสุขภาพ Thrive Wellness Center","","3053","19","2","108","1","1"
"https://www.thrivewellnessth.com/blog/categories/ประจำเดือน","200","","https://www.thrivewellnessth.com/blog/categories/%E0%B8%9B%E0%B8%A3%E0%B8%B0%E0%B8%88%E0%B8%B3%E0%B9%80%E0%B8%94%E0%B8%B7%E0%B8%AD%E0%B8%99","200","","220","1351","ประจำเดือน","10","","0","index","https://www.thrivewellnessth.com/blog/categories/ประจำเดือน","","","1","ไธรฟ์ คลินิกสุขภาพ Thrive Wellness Center","","3420","31","2","114","1","1"
"https://www.thrivewellnessth.com/blog/categories/ปวดหัว","200","","https://www.thrivewellnessth.com/blog/categories/%E0%B8%9B%E0%B8%A7%E0%B8%94%E0%B8%AB%E0%B8%B1%E0%B8%A7","200","","545","1296","ปวดหัว","6","","0","index","https://www.thrivewellnessth.com/blog/categories/ปวดหัว","","","1","ไธรฟ์ คลินิกสุขภาพ Thrive Wellness Center","","3072","21","2","109","1","1"
"https://www.thrivewellnessth.com/blog/categories/ผิวพรรณ","200","","https://www.thrivewellnessth.com/blog/categories/%E0%B8%9C%E0%B8%B4%E0%B8%A7%E0%B8%9E%E0%B8%A3%E0%B8%A3%E0%B8%93","200","","448","1462","ผิวพรรณ","7","","0","index","https://www.thrivewellnessth.com/blog/categories/ผิวพรรณ","","","1","ไธรฟ์ คลินิกสุขภาพ Thrive Wellness Center","","4375","55","2","126","1","1"
"https://www.thrivewellnessth.com/blog/categories/ผื่นคัน","200","","https://www.thrivewellnessth.com/blog/categories/%E0%B8%9C%E0%B8%B7%E0%B9%88%E0%B8%99%E0%B8%84%E0%B8%B1%E0%B8%99","200","","3258","1287","ผื่นคัน","7","","0","index","https://www.thrivewellnessth.com/blog/categories/ผื่นคัน","","","1","ไธรฟ์ คลินิกสุขภาพ Thrive Wellness Center","","3070","19","2","108","1","1"
"https://www.thrivewellnessth.com/blog/categories/ผู้สูงอายุ","200","","https://www.thrivewellnessth.com/blog/categories/%E0%B8%9C%E0%B8%B9%E0%B9%89%E0%B8%AA%E0%B8%B9%E0%B8%87%E0%B8%AD%E0%B8%B2%E0%B8%A2%E0%B8%B8","200","","3274","1287","ผู้สูงอายุ","10","","0","index","https://www.thrivewellnessth.com/blog/categories/ผู้สูงอายุ","","","1","ไธรฟ์ คลินิกสุขภาพ Thrive Wellness Center","","3034","19","2","108","1","1"
"https://www.thrivewellnessth.com/blog/categories/ฝุ่น-pm2-5","200","","https://www.thrivewellnessth.com/blog/categories/%E0%B8%9D%E0%B8%B8%E0%B9%88%E0%B8%99-pm2-5","200","","1668","1312","ฝุ่น Pm2.5","10","","0","index","https://www.thrivewellnessth.com/blog/categories/ฝุ่น-pm2-5","","","1","ไธรฟ์ คลินิกสุขภาพ Thrive Wellness Center","","3196","23","2","110","1","1"
"https://www.thrivewellnessth.com/blog/categories/ภูมิแพ้","200","","https://www.thrivewellnessth.com/blog/categories/%E0%B8%A0%E0%B8%B9%E0%B8%A1%E0%B8%B4%E0%B9%81%E0%B8%9E%E0%B9%89","200","","347","1394","ภูมิแพ้","7","","0","index","https://www.thrivewellnessth.com/blog/categories/ภูมิแพ้","","","1","ไธรฟ์ คลินิกสุขภาพ Thrive Wellness Center","","3717","41","2","119","1","1"
"https://www.thrivewellnessth.com/blog/categories/ภูมิแพ้อากาศ","200","","https://www.thrivewellnessth.com/blog/categories/%E0%B8%A0%E0%B8%B9%E0%B8%A1%E0%B8%B4%E0%B9%81%E0%B8%9E%E0%B9%89%E0%B8%AD%E0%B8%B2%E0%B8%81%E0%B8%B2%E0%B8%A8","200","","3460","1357","ภูมิแพ้อากาศ","12","","0","index","https://www.thrivewellnessth.com/blog/categories/ภูมิแพ้อากาศ","","","1","ไธรฟ์ คลินิกสุขภาพ Thrive Wellness Center","","3501","33","2","115","1","1"
"https://www.thrivewellnessth.com/blog/categories/ระบบภูมิคุ้มกัน","200","","https://www.thrivewellnessth.com/blog/categories/%E0%B8%A3%E0%B8%B0%E0%B8%9A%E0%B8%9A%E0%B8%A0%E0%B8%B9%E0%B8%A1%E0%B8%B4%E0%B8%84%E0%B8%B8%E0%B9%89%E0%B8%A1%E0%B8%81%E0%B8%B1%E0%B8%99","200","","198","1464","ระบบภูมิคุ้มกัน","15","","0","index","https://www.thrivewellnessth.com/blog/categories/ระบบภูมิคุ้มกัน","","","1","ไธรฟ์ คลินิกสุขภาพ Thrive Wellness Center","","4135","55","2","126","1","1"
"https://www.thrivewellnessth.com/blog/categories/ลดน้ำหนัก","200","","https://www.thrivewellnessth.com/blog/categories/%E0%B8%A5%E0%B8%94%E0%B8%99%E0%B9%89%E0%B8%B3%E0%B8%AB%E0%B8%99%E0%B8%B1%E0%B8%81","200","","3415","1287","ลดน้ำหนัก","9","","0","index","https://www.thrivewellnessth.com/blog/categories/ลดน้ำหนัก","","","1","ไธรฟ์ คลินิกสุขภาพ Thrive Wellness Center","","3060","19","2","108","1","1"
"https://www.thrivewellnessth.com/blog/categories/ลำไส้","200","","https://www.thrivewellnessth.com/blog/categories/%E0%B8%A5%E0%B8%B3%E0%B9%84%E0%B8%AA%E0%B9%89","200","","198","1359","สมดุลลำไส้ Pro&Pre-biotic","25","","0","index","https://www.thrivewellnessth.com/blog/categories/ลำไส้","","","1","ไธรฟ์ คลินิกสุขภาพ Thrive Wellness Center","","3443","33","2","115","1","1"
"https://www.thrivewellnessth.com/blog/categories/วัยทอง","200","","https://www.thrivewellnessth.com/blog/categories/%E0%B8%A7%E0%B8%B1%E0%B8%A2%E0%B8%97%E0%B8%AD%E0%B8%87","200","","3372","1287","วัยทอง","6","","0","index","https://www.thrivewellnessth.com/blog/categories/วัยทอง","","","1","ไธรฟ์ คลินิกสุขภาพ Thrive Wellness Center","","3080","19","2","108","1","1"
"https://www.thrivewellnessth.com/blog/categories/วิตามิน","200","","https://www.thrivewellnessth.com/blog/categories/%E0%B8%A7%E0%B8%B4%E0%B8%95%E0%B8%B2%E0%B8%A1%E0%B8%B4%E0%B8%99","200","","3457","1306","วิตามิน","7","","0","index","https://www.thrivewellnessth.com/blog/categories/วิตามิน","","","1","ไธรฟ์ คลินิกสุขภาพ Thrive Wellness Center","","3134","23","2","110","1","1"
"https://www.thrivewellnessth.com/blog/categories/วิตามินและแร่ธาตุ","200","","https://www.thrivewellnessth.com/blog/categories/%E0%B8%A7%E0%B8%B4%E0%B8%95%E0%B8%B2%E0%B8%A1%E0%B8%B4%E0%B8%99%E0%B9%81%E0%B8%A5%E0%B8%B0%E0%B9%81%E0%B8%A3%E0%B9%88%E0%B8%98%E0%B8%B2%E0%B8%95%E0%B8%B8","200","","281","1463","วิตามินและแร่ธาตุ","17","","0","index","https://www.thrivewellnessth.com/blog/categories/วิตามินและแร่ธาตุ","","","1","ไธรฟ์ คลินิกสุขภาพ Thrive Wellness Center","","4283","55","2","126","1","1"
"https://www.thrivewellnessth.com/blog/categories/สารสื่อประสาท","200","","https://www.thrivewellnessth.com/blog/categories/%E0%B8%AA%E0%B8%B2%E0%B8%A3%E0%B8%AA%E0%B8%B7%E0%B9%88%E0%B8%AD%E0%B8%9B%E0%B8%A3%E0%B8%B0%E0%B8%AA%E0%B8%B2%E0%B8%97","200","","3244","1327","สารสื่อประสาท","13","","0","index","https://www.thrivewellnessth.com/blog/categories/สารสื่อประสาท","","","1","ไธรฟ์ คลินิกสุขภาพ Thrive Wellness Center","","3294","27","2","112","1","1"
"https://www.thrivewellnessth.com/blog/categories/สุขภาพผู้หญิง","200","","https://www.thrivewellnessth.com/blog/categories/%E0%B8%AA%E0%B8%B8%E0%B8%82%E0%B8%A0%E0%B8%B2%E0%B8%9E%E0%B8%9C%E0%B8%B9%E0%B9%89%E0%B8%AB%E0%B8%8D%E0%B8%B4%E0%B8%87","200","","222","1429","สุขภาพผู้หญิง","13","","0","index","https://www.thrivewellnessth.com/blog/categories/สุขภาพผู้หญิง","","","1","ไธรฟ์ คลินิกสุขภาพ Thrive Wellness Center","","3868","47","2","122","1","1"
"https://www.thrivewellnessth.com/blog/categories/สุขภาพผู้หญิง-1","200","","https://www.thrivewellnessth.com/blog/categories/%E0%B8%AA%E0%B8%B8%E0%B8%82%E0%B8%A0%E0%B8%B2%E0%B8%9E%E0%B8%9C%E0%B8%B9%E0%B9%89%E0%B8%AB%E0%B8%8D%E0%B8%B4%E0%B8%87-1","200","","185","1285","สุขภาพผู้หญิง","13","","0","index","https://www.thrivewellnessth.com/blog/categories/สุขภาพผู้หญิง-1","","","1","ไธรฟ์ คลินิกสุขภาพ Thrive Wellness Center","","3053","19","2","108","1","1"
"https://www.thrivewellnessth.com/blog/categories/ออกกำลังกาย","200","","https://www.thrivewellnessth.com/blog/categories/%E0%B8%AD%E0%B8%AD%E0%B8%81%E0%B8%81%E0%B8%B3%E0%B8%A5%E0%B8%B1%E0%B8%87%E0%B8%81%E0%B8%B2%E0%B8%A2","200","","213","1293","ออกกำลังกาย","11","","0","index","https://www.thrivewellnessth.com/blog/categories/ออกกำลังกาย","","","1","ไธรฟ์ คลินิกสุขภาพ Thrive Wellness Center","","3076","19","2","108","1","1"
"https://www.thrivewellnessth.com/blog/categories/อาหาร","200","","https://www.thrivewellnessth.com/blog/categories/%E0%B8%AD%E0%B8%B2%E0%B8%AB%E0%B8%B2%E0%B8%A3","200","","3674","1434","อาหาร","5","","0","index","https://www.thrivewellnessth.com/blog/categories/อาหาร","","","1","ไธรฟ์ คลินิกสุขภาพ Thrive Wellness Center","","4078","49","2","123","1","1"
"https://www.thrivewellnessth.com/blog/categories/อาหารเสริม","200","","https://www.thrivewellnessth.com/blog/categories/%E0%B8%AD%E0%B8%B2%E0%B8%AB%E0%B8%B2%E0%B8%A3%E0%B9%80%E0%B8%AA%E0%B8%A3%E0%B8%B4%E0%B8%A1","200","","3254","1296","อาหารเสริม","10","","0","index","https://www.thrivewellnessth.com/blog/categories/อาหารเสริม","","","1","ไธรฟ์ คลินิกสุขภาพ Thrive Wellness Center","","3153","21","2","109","1","1"
"https://www.thrivewellnessth.com/blog/categories/ฮอร์โมน","200","","https://www.thrivewellnessth.com/blog/categories/%E0%B8%AE%E0%B8%AD%E0%B8%A3%E0%B9%8C%E0%B9%82%E0%B8%A1%E0%B8%99","200","","3464","1463","ฮอร์โมน","7","","0","index","https://www.thrivewellnessth.com/blog/categories/ฮอร์โมน","","","1","ไธรฟ์ คลินิกสุขภาพ Thrive Wellness Center","","4156","55","2","126","1","1"
"https://www.thrivewellnessth.com/blog/categories/ฮอร์โมนเพศ","200","","https://www.thrivewellnessth.com/blog/categories/%E0%B8%AE%E0%B8%AD%E0%B8%A3%E0%B9%8C%E0%B9%82%E0%B8%A1%E0%B8%99%E0%B9%80%E0%B8%9E%E0%B8%A8","200","","285","1388","ฮอร์โมนเพศ","10","","0","index","https://www.thrivewellnessth.com/blog/categories/ฮอร์โมนเพศ","","","1","ไธรฟ์ คลินิกสุขภาพ Thrive Wellness Center","","3732","39","2","118","1","1"
"https://www.thrivewellnessth.com/book-online","301","https://www.thrivewellnessth.com/","https://www.thrivewellnessth.com/","200","","499","1663","คลินิกสุขภาพ | Thrive Wellness | เดอะคริสตัล กรุงเทพมหานคร","58","Thrive Wellness & Aesthetics บริการตรวจสุขภาพชะลอวัย anti-aging และความงาม ให้คำปรึกษาสุขภาพเฉพาะแต่ละบุคคล ให้บริการตรวจสุขภาพเชิงลึกถึง DNA Chelation, Personalized Vitamins, IV Drip therapy, ตรวจภูมิแพ้อาหารแฝง, HIFU, PRP, มาเด้ คอลลาเจน, Meso Fat","249","","https://www.thrivewellnessth.com","https://static.wixstatic.com/media/989780_ab875d5b54e247a68f458afe7c743a04~mv2_d_2048_1365_s_2.jpg/v1/fill/w_2500,h_1666,al_c/989780_ab875d5b54e247a68f458afe7c743a04~mv2_d_2048_1365_s_2.jpg","","0","","WebSite SearchAction EntryPoint LocalBusiness PostalAddress","7629","52","21","117","1","1"
"https://www.thrivewellnessth.com/cancer-screening","200","","https://www.thrivewellnessth.com/cancer-screening","200","","262","1008","สกรีนโรคมะเร็ง รู้ก่อน ป้องกันได้ ก่อนลุกลามจนกลายเป็นเนื้อร้าย!","64","ตรวจหามะเร็งระยะแรก 51 ชนิด! ป้องกันก่อนมะเร็งลุกลามกระจาย ตรวจหามะเร็งระยะแรกด้วยการเจาะเลือด สามารถตรวจคัดกรองการเกิดเนื้องอกหรือมะเร็ง ตรวจติดตามหลังการรักษาและตรวจเฝ้าระวังการเกิดซ้ำ","186","","https://www.thrivewellnessth.com/cancer-screening","https://static.wixstatic.com/media/989780_d98cff9f37944209894162f5102ab293~mv2.jpg/v1/fill/w_2500,h_2500,al_c/989780_d98cff9f37944209894162f5102ab293~mv2.jpg","","1","Thrive Cancer Screening  ตรวจหาเซลล์มะเร็ง 51 ชนิด เชิงป้องกันก่อนลุกลาม","","3848","20","2","75","1","1"
"https://www.thrivewellnessth.com/check-up","200","","https://www.thrivewellnessth.com/check-up","200","","184","1102","ตรวจสุขภาพเชิงลึก อย่ามองข้าม! สำคัญกับทุกช่วงวัย","49","ตรวจเลือดทั่วไป ทำไมผลปกติดีแต่ยังไม่หายป่วย? เพราะการตรวจสุขภาพเชิงลึกที่มุ่งเน้นไปที่การหาต้นตอสาเหตุ และป้องกันโรคก่อนที่ร่างกายคุณจะเกิดปัญหาอย่างถูกจุดจึงจะช่วยคุณค้นหาต้อตอที่แท้จริงของโรคได้","197","","https://www.thrivewellnessth.com/check-up","https://static.wixstatic.com/media/77f5caab3f7d42d0ba0e174c88d9eac7.jpeg/v1/fill/w_5760,h_3840,al_c/77f5caab3f7d42d0ba0e174c88d9eac7.jpeg","","1","โปรแกรมตรวจสุขภาพเชิงลึก  Thrive Wellness Check-up Program","","5908","33","7","110","1","1"
"https://www.thrivewellnessth.com/chelation","200","","https://www.thrivewellnessth.com/chelation","200","","245","1121","กำจัดโลหะหนักกับคีเลชั่น เคลียร์สารพิษออกจากหลอดเลือดคุณ","56","ถ้าคุณมีโลหะหนักสะสม คุณจะกำจัดมันออกได้อย่างไร? โลหะหนักนั้นเป็นตัวการก่อให้เกิดอาการโรคเรื้อรังต่างๆ เช่น โรคอ้วน ปวดหัวไมเกรน ผื่นแพ้ผิวหนัง และแม้แต่โรคหัวใจ","161","","https://www.thrivewellnessth.com/chelation","https://static.wixstatic.com/media/8a2520_3f0b450496bc4ad0a6923e1a16c48e17~mv2.png/v1/fill/w_1080,h_1080,al_c/8a2520_3f0b450496bc4ad0a6923e1a16c48e17~mv2.png","","1","คีเลชั่นบำบัด Chelation Therapy","","7759","24","6","75","1","1"
"https://www.thrivewellnessth.com/dna-health-life","200","","https://www.thrivewellnessth.com/dna-health-life","200","","216","1066","ตรวจเช็ค DNA บอกได้ว่าคุณเหมาะกับอาหารแบบใด ออกกำลังแบบไหน","58","เคยเห็นพิมพ์เขียวร่างกายของตัวคุณเองไหม? อยากรู้หรือไม่ว่าคุณควรออกกำลังกายแบบใด อาหารแบบไหนเหมาะกับยันของคุณ ผิวของเป็นแบบไหน? ทั้งหมดนี้สามารถบอกได้ด้วยการตรวจ DNA!","166","","https://www.thrivewellnessth.com/dna-health-life","https://static.wixstatic.com/media/989780_c52278678e324155a62766777df53889~mv2.png/v1/fill/w_1559,h_872,al_c/989780_c52278678e324155a62766777df53889~mv2.png","","1","ตรวจรหัส DNA เพื่อสุขภาพที่ดีกว่า","","7867","23","4","75","1","1"
"https://www.thrivewellnessth.com/dna-test","200","","https://www.thrivewellnessth.com/dna-test","200","","2887","1011","ตรวจรหัสชีวิต พิมพ์เขียวพันธุกรรมของตัวคุณเองด้วย DNA Test","58","คุณมีมรดกความรักจากพ่อและแม่เป็นยังไง ออกกำลังกายแบบไหน กินอาหารยังไง หรือแม้แต่มรกดความเสี่ยง.. มีความเสี่ยงโรคร้ายอะไร มะเร็ง หรือหัวใจบ้างไหม?","145","","https://www.thrivewellnessth.com/dna-test","https://static.wixstatic.com/media/989780_427124f727704478841f5258d90532ef~mv2.jpg/v1/fill/w_2500,h_1406,al_c/989780_427124f727704478841f5258d90532ef~mv2.jpg","","1","การตรวจยีนพันธุกรรมเพื่อปรับสมดุลสุขภาพ DNA","","5132","20","3","75","1","1"
"https://www.thrivewellnessth.com/doctors","200","","https://www.thrivewellnessth.com/doctors","200","","2208","996","Doctors | Thrivewellness","24","แนะนำคุณหมอที่ไธรฟ์ เวลเนส คลินิก ที่มีความเชี่ยวชาญในด้านเวชศาสตร์ป้องกัน, การปรับสมดุลฮอร์โมน, การลดนำ้หนักแบบองค์รวม, การปรับเปลี่ยนพฤติกรรม, เวชศาสตร์ฟื้นฟูสภาวะเสื่อม, การรักษาด้วยเซลล์บำบัด, คีเลชั่นบำบัด รวมทั้งการแพทย์มนุษยปรัชญา","237","","https://www.thrivewellnessth.com/doctors","https://static.wixstatic.com/media/989780_923e37c6c90c408bb8e26cbd102b90f3~mv2.jpg/v1/fill/w_1280,h_505,al_c/989780_923e37c6c90c408bb8e26cbd102b90f3~mv2.jpg","","1","Meet the Doctors","","3826","19","6","75","1","1"
"https://www.thrivewellnessth.com/essential-booster","200","","https://www.thrivewellnessth.com/essential-booster","200","","350","995","Essential booster วิตามินสูตรพิเศษเสริมผลลัพธ์สุดว้าว","53","วิตามินและสารอาหารที่ช่วยเพิ่มประสิทธิภาพของวิตามินดริป ทั้งขับสารพิษ เพิ่มพลังงาน เร่งการเผาผลาญ เพิ่มโปรตีน  เสริมสร้างกล้ามเนื้อรวมไปจนถึงชะลอวัย โดยวิตามินและสารอาหารเหล่านี้จะช่วยฟื้นฟูร่างกายอย่างเร่งด่วนเนื่องจากดูดซึมนำไปใช้ได้ในทันที​","243","","https://www.thrivewellnessth.com/essential-booster","https://static.wixstatic.com/media/989780_d41e687d87de43d98f0b6c07e12bd364%7Emv2.jpg/v1/fit/w_2500,h_1330,al_c/989780_d41e687d87de43d98f0b6c07e12bd364%7Emv2.jpg","","1","Essential Booster","","5250","17","2","77","1","1"
"https://www.thrivewellnessth.com/facial-cell-therapy","200","","https://www.thrivewellnessth.com/facial-cell-therapy","200","","997","999","วิทยาการขั้นสุดของความงามผ่าน ""สเต็มเซลล์""","42","สเต็มเซลล์ ความงามที่เกิดจากเซลล์ต้นกำเนิด ฟื้นฟผิวพรรณของคุณจากภายในอย่างแท้จริง เพราะสเต็มเซลล์จะไปสร้างเซลล์ใหม่ๆขึ้นมา ช่วยให้คุณย้อนวัยผิวอย่างเห็นได้ชัดเจน","161","","https://www.thrivewellnessth.com/facial-cell-therapy","https://static.wixstatic.com/media/989780_25ba1d45f0604a18859c004a51cb6015~mv2.jpg/v1/fill/w_1040,h_1040,al_c/989780_25ba1d45f0604a18859c004a51cb6015~mv2.jpg","","1","Facial Cell Therapy","","4152","21","2","75","1","1"
"https://www.thrivewellnessth.com/faq-iv-drip","200","","https://www.thrivewellnessth.com/faq-iv-drip","200","","749","1765","FAQ กับวิตามินดริป IV drip การเติมวิตามินเข้าร่างกาย 100%","57","ถาม-ตอบ IV drip ดริปวิตามิน คืออะไร เหมาะกับใคร อันตรายไหม ทำบ่อยๆได้หรือไม่ เลือกสูตรอย่างไรให้เหมาะกับตัวเอง","110","","https://www.thrivewellnessth.com/faq-iv-drip","https://static.wixstatic.com/media/8a2520_8402d1896fd44059afb21ed2e212a745~mv2.jpg/v1/fill/w_2500,h_1646,al_c/8a2520_8402d1896fd44059afb21ed2e212a745~mv2.jpg","","1","FREQUENTLY ASKED QUESTIONS คำถามที่พบบ่อย","","5060","27","14","78","1","1"
"https://www.thrivewellnessth.com/fit132","200","","https://www.thrivewellnessth.com/fit132","200","","3138","1030","FIT132 ตรวจแพ้อาหารแฝงเชิงลึก เช็คว่าคุณแพ้อะไรกันแน่?","54","ผิวแพ้ ผื่นคัน ภูมิแพ้ คันจมูก หอบหืด ท้องอืด? การตรวจแพ้อาหารแฝงแบบ FIT132 จะช่วยให้เรารู้และหลีกเลี่ยงอาหารที่ก่อให้เกิดอาการแพ้อย่างจำเพาะเจาะจง","147","","https://www.thrivewellnessth.com/fit132","https://static.wixstatic.com/media/989780_d41e687d87de43d98f0b6c07e12bd364%7Emv2.jpg/v1/fit/w_2500,h_1330,al_c/989780_d41e687d87de43d98f0b6c07e12bd364%7Emv2.jpg","","1","การตรวจภูมิแพ้อาหารแฝงแบบ FIT 132","","9826","26","2","75","1","1"
"https://www.thrivewellnessth.com/food-intolerance","200","","https://www.thrivewellnessth.com/food-intolerance","200","","548","1361","คุณแพ้อาหารเรื้อรังแต่ไม่รู้ตัวอยู่หรือเปล่า? เช็คให้ชัวร์!","59","คัดจมูก น้ำมูกไหล ไมเกรน ผื่นแพ้ ลมพิษ หรือแม้แต่ลดน้ำหนักยังไงก็ไม่ลง! ถ้าลองทุกทางแล้วยังแก้ไม่ได้ อาจจะเป็นเพราะอาหารที่ทำให้คุณแพ้! ตรวจภูมิแพ้อาหารแฝงหาสาเหตุที่แท้จริง ตัวการที่ทำให้คุณไม่หายซักที","202","","https://www.thrivewellnessth.com/food-intolerance","https://static.wixstatic.com/media/989780_80527d2c533d4297a4f33adaea0058b8~mv2.jpg/v1/fill/w_1040,h_694,al_c/989780_80527d2c533d4297a4f33adaea0058b8~mv2.jpg","","1","ภูมิแพ้อาหารแฝง FOOD SENSITIVITY คืออะไร?","","10590","33","9","93","1","1"
"https://www.thrivewellnessth.com/gluta","200","","https://www.thrivewellnessth.com/gluta","200","","254","1301","กลูต้า สารต้านอนุมูลอิสระสุดสำคัญที่ร่างกายขาดไม่ได้","52","กลูต้าไธโอน สารต้านอนุมูลอิสระที่สำคัญของร่างกายแต่ถูกเข้าใจผิดว่าเป็นอันตราย! แท้จริงแล้วร่างกายเราต้องใช้กลูต้าในการขจัดสารพิษที่ตับ และมีผลพลอยได้ช่วยให้เม็ดสีผิวเปลี่ยนเป็นสีขาวอมชมพู","187","","https://www.thrivewellnessth.com/gluta","https://static.wixstatic.com/media/989780_bc87995c946f465c8dbb7e006ca18e5e~mv2.jpg/v1/fill/w_1200,h_800,al_c/989780_bc87995c946f465c8dbb7e006ca18e5e~mv2.jpg","","1","Glutathione กลูตาไธโอน ตัวช่วยผิวขาวและขับสารพิษในตับ","","7530","40","2","83","1","1"
"https://www.thrivewellnessth.com/growth-factor","200","","https://www.thrivewellnessth.com/growth-factor","200","","3130","982","ย้อนวัยผิวให้กลับไปอ่อนเยาว์ด้วย Growth Factor","46","ฟื้นฟูสภาพผิวหน้าให้เปล่งประกายสดใสพร้อมช่วยปกป้องผิวจากมลภาวะ ด้วย Growth factor","81","","https://www.thrivewellnessth.com/growth-factor","https://static.wixstatic.com/media/8a2520_ab69b615151c4009bbc3acef93974db1~mv2.png/v1/fill/w_900,h_480,al_c/8a2520_ab69b615151c4009bbc3acef93974db1~mv2.png","","1","PLACENTA GROWTH FACTOR","","4579","16","2","75","1","1"
"https://www.thrivewellnessth.com/hbot","200","","https://www.thrivewellnessth.com/hbot","200","","3254","1136","Hyperbaric Oxygen Therapy (HBOT) | ออกซิเจนบำบัดในห้องความดัน เพื่อสุขภาพและอายุยืน","83","Hyperbaric Oxygen Therapy (HBOT) คือการบำบัดด้วยออกซิเจนบริสุทธิ์ในห้องความดัน ช่วยฟื้นฟูระดับเซลล์ ลดการอักเสบ เสริมสุขภาพ ชะลอวัย และสนับสนุน Longevity ภายใต้การดูแลทางการแพทย์","178","","https://www.thrivewellnessth.com/hbot","https://static.wixstatic.com/media/8a2520_e602f4d349784f2299e52f4e6c584a8a~mv2_d_4528_3016_s_4_2.jpg/v1/fill/w_2500,h_1665,al_c/8a2520_e602f4d349784f2299e52f4e6c584a8a~mv2_d_4528_3016_s_4_2.jpg","","1","Hyperbaric Oxygen Therapy (HBOT): ออกซิเจนบำบัดในห้องความดัน เพื่อสุขภาพและอายุยืนอย่างยั่งยืน","","9612","29","6","81","2","1"
"https://www.thrivewellnessth.com/health-concerns","200","","https://www.thrivewellnessth.com/health-concerns","200","","3413","1090","Health Concerns ปัญหาสุขภาพที่พบบ่อย | Thrive Wellness Center","61","ปัญหาสุขภาพที่พบบ่อยแต่ตรวจพบไม่ได้บ่อยในแพคเกจตรวจสุขภาพประจำปี อาการเรื้อรังและสาเหตุของอาการต่างๆ รวมทั้งแนวทางรักษา","119","","https://www.thrivewellnessth.com/health-concerns","https://static.wixstatic.com/media/989780_d41e687d87de43d98f0b6c07e12bd364%7Emv2.jpg/v1/fit/w_2500,h_1330,al_c/989780_d41e687d87de43d98f0b6c07e12bd364%7Emv2.jpg","","1","Health Concerns ปัญหาสุขภาพ","","8916","26","13","119","1","1"
"https://www.thrivewellnessth.com/health-concerns/brain-health","200","","https://www.thrivewellnessth.com/health-concerns/brain-health","200","","2968","1072","Brain Health | คลินิกสุขภาพ | Thrive Wellness","45","Brain Health","12","","https://www.thrivewellnessth.com/health-concerns/brain-health","https://static.wixstatic.com/media/989780_45450b94341f4dee8889d6ca12366179~mv2.jpg/v1/fill/w_6000,h_4000,al_c,q_90/Brain.jpg","","1","Brain Health","ImageObject","5603","24","3","78","1","1"
"https://www.thrivewellnessth.com/health-concerns/hair-loss","200","","https://www.thrivewellnessth.com/health-concerns/hair-loss","200","","2794","1076","Hair Loss | คลินิกสุขภาพ | Thrive Wellness","42","Hair Loss","9","","https://www.thrivewellnessth.com/health-concerns/hair-loss","https://static.wixstatic.com/media/989780_f9076644b8ce469cb56921244d8ec36b~mv2.jpg/v1/fill/w_6000,h_4000,al_c,q_90/Hairloss%20(1).jpg","","1","Hair Loss","ImageObject","7571","24","3","79","1","1"
"https://www.thrivewellnessth.com/health-concerns/hormones-imbalance","200","","https://www.thrivewellnessth.com/health-concerns/hormones-imbalance","200","","2549","1074","Hormones Imbalance | คลินิกสุขภาพ | Thrive Wellness","51","Hormones Imbalance","18","","https://www.thrivewellnessth.com/health-concerns/hormones-imbalance","","","1","Hormones Imbalance","ImageObject","7304","24","3","79","1","1"
"https://www.thrivewellnessth.com/health-concerns/insomnia","200","","https://www.thrivewellnessth.com/health-concerns/insomnia","200","","2888","1074","Insomnia | คลินิกสุขภาพ | Thrive Wellness","41","Insomnia","8","","https://www.thrivewellnessth.com/health-concerns/insomnia","https://static.wixstatic.com/media/989780_89f95f20de604a8daf15fa8d2c78b029~mv2.jpg/v1/fill/w_6016,h_4016,al_c,q_90/Insomnia.jpg","","1","Insomnia","ImageObject","6331","24","3","79","1","1"
"https://www.thrivewellnessth.com/health-concerns/irritable-bowel-syndrome","200","","https://www.thrivewellnessth.com/health-concerns/irritable-bowel-syndrome","200","","2736","1075","Irritable bowel syndrome | คลินิกสุขภาพ | Thrive Wellness","57","Irritable bowel syndrome","24","","https://www.thrivewellnessth.com/health-concerns/irritable-bowel-syndrome","https://static.wixstatic.com/media/989780_509cd6022fb94fa784f5a30607414f85~mv2.jpg/v1/fill/w_7952,h_5304,al_c,q_90/Bowel.jpg","","1","Irritable bowel syndrome","ImageObject","6339","24","3","79","1","1"
"https://www.thrivewellnessth.com/health-concerns/leaky-gut","200","","https://www.thrivewellnessth.com/health-concerns/leaky-gut","200","","3259","1078","Leaky Gut | คลินิกสุขภาพ | Thrive Wellness","42","Leaky Gut","9","","https://www.thrivewellnessth.com/health-concerns/leaky-gut","https://static.wixstatic.com/media/989780_f66f3ecd14344f00bf79bf254d2b6108~mv2.jpg/v1/fill/w_5184,h_3456,al_c,q_90/Leaky%20Gut.jpg","","1","Leaky Gut","ImageObject","7163","24","3","80","1","1"
"https://www.thrivewellnessth.com/health-concerns/migraine","200","","https://www.thrivewellnessth.com/health-concerns/migraine","200","","3139","1075","Migraine | คลินิกสุขภาพ | Thrive Wellness","41","Migraine","8","","https://www.thrivewellnessth.com/health-concerns/migraine","https://static.wixstatic.com/media/989780_0933cee4cb2148ee9f5538075895b310~mv2.jpg/v1/fill/w_5403,h_3602,al_c,q_90/Migraine.jpg","","1","Migraine","ImageObject","5736","24","3","80","1","1"
"https://www.thrivewellnessth.com/health-concerns/mood-swings","200","","https://www.thrivewellnessth.com/health-concerns/mood-swings","200","","237","1077","Mood Swings | คลินิกสุขภาพ | Thrive Wellness","44","Mood Swings","11","","https://www.thrivewellnessth.com/health-concerns/mood-swings","https://static.wixstatic.com/media/989780_f7d63b59413c4b9792c9727513256d8c~mv2.jpg/v1/fill/w_3000,h_1687,al_c,q_90/Mood-swing_edited.jpg","","1","Mood Swings","ImageObject","6401","24","3","80","1","1"
"https://www.thrivewellnessth.com/health-concerns/overweigh","200","","https://www.thrivewellnessth.com/health-concerns/overweigh","200","","3133","1072","Overweigh | คลินิกสุขภาพ | Thrive Wellness","42","Overweigh","9","","https://www.thrivewellnessth.com/health-concerns/overweigh","https://static.wixstatic.com/media/989780_46a9cb2485044e38a49a1df0f4b6a893~mv2.jpg/v1/fill/w_6720,h_4480,al_c,q_90/Overweigh.jpg","","1","Overweigh","ImageObject","5178","24","3","79","1","1"
"https://www.thrivewellnessth.com/health-concerns/toxic-contaminated","200","","https://www.thrivewellnessth.com/health-concerns/toxic-contaminated","200","","2739","1072","Toxic Contaminated | คลินิกสุขภาพ | Thrive Wellness","51","Toxic Contaminated","18","","https://www.thrivewellnessth.com/health-concerns/toxic-contaminated","","","1","Toxic Contaminated","ImageObject","5465","24","3","79","1","1"
"https://www.thrivewellnessth.com/health-concerns/vitamin-deficiency","200","","https://www.thrivewellnessth.com/health-concerns/vitamin-deficiency","200","","221","1071","Vitamin Deficiency | คลินิกสุขภาพ | Thrive Wellness","51","Vitamin Deficiency","18","","https://www.thrivewellnessth.com/health-concerns/vitamin-deficiency","","","1","Vitamin Deficiency","ImageObject","4424","24","3","79","1","1"
"https://www.thrivewellnessth.com/healthy-balance-check-up","200","","https://www.thrivewellnessth.com/healthy-balance-check-up","200","","2362","986","THRIVE Healthy Balance | Thrive Wellness Center","47","โปรแกรม Healthy Balance ที่ไธรฟ์จะมีการตรวจเลือดขั้นพื้นฐาน ตรวจระดับวิตามิน (Vitamin D3) ตรวจระดับฮอร์โมนพื้นฐาน ตรวจวัดระดับการอักเสบภายในร่างกาย โดยการตรวจระบบการขับของเสียและสารพิษในร่างกาย (Detoxification)","210","","https://www.thrivewellnessth.com/healthy-balance-check-up","https://static.wixstatic.com/media/989780_d41e687d87de43d98f0b6c07e12bd364%7Emv2.jpg/v1/fit/w_2500,h_1330,al_c/989780_d41e687d87de43d98f0b6c07e12bd364%7Emv2.jpg","","1","THRIVE Healthy Balance&trade;","","4193","18","2","76","1","1"
"https://www.thrivewellnessth.com/heavy-metal-trace-elements-test","200","","https://www.thrivewellnessth.com/heavy-metal-trace-elements-test","200","","2534","1034","ยุค PM2.5 แน่ใจนะว่าคุณไม่มีโลหะหนักสะสม?","41","ปวดหัวไมเกรนเป็นประจำ ลดน้ำหนักมาตั้งนานก็ไม่ลง? หรือว่าคุณมีโลหะหนักตกค้างในร่างกาย? ตรวจโลหะหนัก สารพิษตกค้างในร่างการ เพื่อออกแบบโปรแกรมดีทอกซ์ Detoxification","161","","https://www.thrivewellnessth.com/heavy-metal-trace-elements-test","https://static.wixstatic.com/media/989780_d41e687d87de43d98f0b6c07e12bd364%7Emv2.jpg/v1/fit/w_2500,h_1330,al_c/989780_d41e687d87de43d98f0b6c07e12bd364%7Emv2.jpg","","1","Heavy Metal & Trace Elements สารพิษที่เกิดจากโลหะหนัก","","4739","24","3","82","1","1"
"https://www.thrivewellnessth.com/hifu-treatment","200","","https://www.thrivewellnessth.com/hifu-treatment","200","","171","988","HIFU ไฮฟู ยกกระชับกรอบหน้าด้วยคลื่นอัลตร้าซาวน์ความเข้มข้นสูง","61","HIFU หรือ High Intensity Focus Ultrasound เป็นการใช้คลื่นอัลตร้าซาวด์ความเข้มข้นสูง โดยส่งเข้าไปทำลายเนื้อเยื่อในชั้นผิวหนังระดับลึกถึงชั้นกล้ามเนื้อ","149","","https://www.thrivewellnessth.com/hifu-treatment","https://static.wixstatic.com/media/f963d2b6f4a949d6869164eabd786c38.jpg/v1/fill/w_1146,h_876,al_c/f963d2b6f4a949d6869164eabd786c38.jpg","","1","HIFU ไฮฟู ยกกระชับ สร้างกรอบหน้า","","5071","17","2","75","1","1"
"https://www.thrivewellnessth.com/hormones-check-up","301","https://www.thrivewellnessth.com/hormones-quiz","https://www.thrivewellnessth.com/hormones-quiz","200","","908","1146","ร้อนๆหนาวๆ เหวี่ยง ซึมเศร้าไม่ทราบสาเหตุ หรือว่าฮอร์โมนไม่สมดุล?","64","ร้อนๆหนาวๆ อารมณ์เปลี่ยนแปลงฉับพลัน ซึมเศร้าไม่ทราบสาเหตุ .. หากคุณสงสัยว่าเรามีฮอร์โมนที่ผิดปกติหรือไม่ ไธรฟ์มีแบบทดสอบออนไลน์เพื่อประเมินความสมดุลของฮอร์โมนในร่างกายเบื้องต้น","176","","https://www.thrivewellnessth.com/hormones-quiz","https://static.wixstatic.com/media/989780_bfe9cea90925404280b7bd5a43e25d45~mv2.jpg/v1/fill/w_1200,h_675,al_c/989780_bfe9cea90925404280b7bd5a43e25d45~mv2.jpg","","1","ฮอร์โมนกับสุขภาพเกี่ยวข้องกันอย่างไร","","8219","25","6","81","2","1"
"https://www.thrivewellnessth.com/hormones-quiz","200","","https://www.thrivewellnessth.com/hormones-quiz","200","","178","1146","ร้อนๆหนาวๆ เหวี่ยง ซึมเศร้าไม่ทราบสาเหตุ หรือว่าฮอร์โมนไม่สมดุล?","64","ร้อนๆหนาวๆ อารมณ์เปลี่ยนแปลงฉับพลัน ซึมเศร้าไม่ทราบสาเหตุ .. หากคุณสงสัยว่าเรามีฮอร์โมนที่ผิดปกติหรือไม่ ไธรฟ์มีแบบทดสอบออนไลน์เพื่อประเมินความสมดุลของฮอร์โมนในร่างกายเบื้องต้น","176","","https://www.thrivewellnessth.com/hormones-quiz","https://static.wixstatic.com/media/989780_bfe9cea90925404280b7bd5a43e25d45~mv2.jpg/v1/fill/w_1200,h_675,al_c/989780_bfe9cea90925404280b7bd5a43e25d45~mv2.jpg","","1","ฮอร์โมนกับสุขภาพเกี่ยวข้องกันอย่างไร","","8219","25","6","81","2","1"
"https://www.thrivewellnessth.com/how-to-overcome-burn-out-syndrome","200","","https://www.thrivewellnessth.com/how-to-overcome-burn-out-syndrome","200","","221","1237","Burn Out, หมดไฟ, ไม่มี passion คุณอาจอยู่ในภาวะนี้โดยไม่รู้ตัว!","63","คุณเคยได้ยินคำว่า Burnout ไหม? จากที่เป็นคนชื่นชอบการออกไปข้างนอก ทำงานทุกอย่างด้วยความกระปรี้กระเปร่า มีความสุขได้ง่ายแม้แต่กับเรื่องเล็กน้อย แต่ทุกวันนี้เวลาจะออกไปข้างนอกแต่ละทีต้องแพลนเตรียมตัวเป็นวันๆ พอกลับถึงห้องก็รู้สึกเหมือนโดนใช้พลังงานในชีวิตไปจนหมด passion ในชีวิตเริ่มน้อยลง ภาวะ Burnout เริ่มกลืนกินเข้าไปเรื่อยๆ คุณกำลังสงสัยว่าตัวเองอยู่ในภาวะนี้หรือเปล่า ถ้าใช่ละก็เตรียมยกมือนับนิ้วเช็คอาการดูกัน","414","","https://www.thrivewellnessth.com/how-to-overcome-burn-out-syndrome","https://static.wixstatic.com/media/989780_b1dfbbc24e6c42c6859647a93ccf0237~mv2.jpg/v1/fill/w_2500,h_1875,al_c/989780_b1dfbbc24e6c42c6859647a93ccf0237~mv2.jpg","","3","Checklist อาการ Burn Out","","4621","27","8","75","1","1"
"https://www.thrivewellnessth.com/iconic-balance-check-up","200","","https://www.thrivewellnessth.com/iconic-balance-check-up","200","","393","987","THRIVE Iconic Balance | Thrive Wellness Center","46","ตรวจสุขภาพแบบครบทุกด้าน คัดกรองมะเร็งตับ มะเร็งลำไส้ มะเร็งเต้านม และมะเร็งรังไข่ในผู้หญิง มะเร็งต่อมลูกหมากในผู้ชาย การประเมินภาวะโภชนาการ ระดับวิตามินต่าง ๆ เช่น วิตามินอี วิตามินเอ วิตามินซี เกลือแร่และแร่ธาตุจำเป็น เช่น โครเมียม สังกะสี เซเลเนียม ทองแดง สารต้านอนุมูลอิสระ ที่ป้องกันมะเร็ง เช่น ระดับไลโคปีน สารอาหารที่ใช้เป็นพลังงานระดับเซลล์ เช่น CoQ10 และสารอาหารที่สำคัญต่อระบบการทำงานที่ปกติของร่างกาย อื่นๆ เช่น เบต้า แคโรทีน เป็นต้น","443","","https://www.thrivewellnessth.com/iconic-balance-check-up","https://static.wixstatic.com/media/989780_d41e687d87de43d98f0b6c07e12bd364%7Emv2.jpg/v1/fit/w_2500,h_1330,al_c/989780_d41e687d87de43d98f0b6c07e12bd364%7Emv2.jpg","","1","THRIVE ICONIC BALANCE&trade;","","4015","18","2","75","1","1"
"https://www.thrivewellnessth.com/igg-antibody-covid","200","","https://www.thrivewellnessth.com/igg-antibody-covid","200","","159","1016","ตรวจภูมิโควิด ฉีดเข็ม booster แล้วอยากรู้ไหมภูมิคุณขึ้นเท่าไหร?","63","บูสเข็ม 3 ตามด้วยเข็ม 4 แล้ว! อยากรู้ไหมว่าภูมิต้านทานขึ้นมาเท่าไหร? พอไหมกับการป้องกันโควิด? ตรวจภูมิคุ้มกันแอนติบอดี้หรือ IgG มีคำตอบให้คุณ","141","","https://www.thrivewellnessth.com/igg-antibody-covid","https://static.wixstatic.com/media/989780_4ccf72354f4046498b81275315e210aa~mv2.jpg/v1/fill/w_1200,h_800,al_c/989780_4ccf72354f4046498b81275315e210aa~mv2.jpg","","1","ตรวจภูมิคุ้มกันแอนติบอดี้ (Antibody Level Test)","","6711","19","2","75","1","1"
"https://www.thrivewellnessth.com/immunesystem","200","","https://www.thrivewellnessth.com/immunesystem","200","","3017","1008","ระบบภูมิคุ้มกันคืออะไร? สำคัญแค่ไหน? ทำไมต้องดูแล? มาหาคำตอบกัน","63","รู้ไหมว่าปราการด่านหน้าที่ป้องกันคุณจากเชื้อโรคคืออะไร? ระบบภูมิคุ้มกันของเรานี่แหละคือพระเอก ทำความเข้าใจกับระบบภูมิคุ้มกันของคุณเพื่อป้องกันโรคร้ายแรงต่างๆที่อาจเล่นงานคุณได้","176","","https://www.thrivewellnessth.com/immunesystem","https://static.wixstatic.com/media/989780_d41e687d87de43d98f0b6c07e12bd364%7Emv2.jpg/v1/fit/w_2500,h_1330,al_c/989780_d41e687d87de43d98f0b6c07e12bd364%7Emv2.jpg","","1","ระบบภูมิคุ้มกัน ด่านป้องกันเชื้อโรค Immune System","","4189","21","3","78","1","1"
"https://www.thrivewellnessth.com/iv-drip","200","","https://www.thrivewellnessth.com/iv-drip","200","","334","1968","IV Drip วิตามินดริป เติมวิตามิน 100% ให้คุณพร้อมออกงานได้ทันที","62","Boost up วิตามิน 100% แบบเร่งด่วน ให้คุณรู้สึกสดชื่น recovery จากการเหนื่อยล้า หรือเผยผิวสว่างสวยปังๆแบบทันใจด้วย IV Drip หรือวิตามินดริป ให้สารอาหารวิตามินผ่านทางสายน้ำเกลือที่่ช่วยให้ร่างกายคุณดูดซึมวิตามินได้ทันที 100%","221","","https://www.thrivewellnessth.com/iv-drip","https://static.wixstatic.com/media/8a2520_8402d1896fd44059afb21ed2e212a745~mv2.jpg/v1/fill/w_2500,h_1646,al_c/8a2520_8402d1896fd44059afb21ed2e212a745~mv2.jpg","","1","วิตามินดริป IV DRIP","","8968","37","16","79","1","1"
"https://www.thrivewellnessth.com/l-carnitine","200","","https://www.thrivewellnessth.com/l-carnitine","200","","3545","1461","L-carnitine แอลคาร์นิทีน | คลินิกสุขภาพ The Crystal","51","หลายคนเริ่มต้นรู้จักแอลคาร์นิทีน เพราะเป็นอาหารเสริมช่วยเรื่องการลดน้ำหนักใช่มั้ยคะ จริงที่แอลคาร์นิทีนสามารถช่วยเรื่องลดน้ำหนักได้ เพราะL-carnitine เป็นรถขนส่งไขมันเข้าสู่กระบวนการการเผาผลาญ ดังนั้นเพื่อให้การลดน้ำหนักได้ผลสูงสุด จึงควรออกกำลังกายควบคู่ไปด้วยค่ะ","263","","https://www.thrivewellnessth.com/l-carnitine","https://static.wixstatic.com/media/989780_bc87995c946f465c8dbb7e006ca18e5e~mv2.jpg/v1/fill/w_1200,h_800,al_c/989780_bc87995c946f465c8dbb7e006ca18e5e~mv2.jpg","","1","IV Drip แอลคาร์นิทีน ตัวช่วยเบิร์นไขมันและผิวสวยสุขภาพดีที่คุณอาจไม่รู้","","7530","31","2","79","1","1"
"https://www.thrivewellnessth.com/made-collagen","200","","https://www.thrivewellnessth.com/made-collagen","200","","2444","988","Made มาเด้ ฟื้นฟูผิวเยาว์วัยธรรมชาติด้วย Homeopathy","51","Made’ collagen จัดเป็นนวัตกรรมเพื่อการฟื้นฟูความเยาว์วัยแบบธรรมชาติ จัดอยู่ในศาสตร์การแพทย์แนวธรรมชาติบำบัด Homeopath","117","","https://www.thrivewellnessth.com/made-collagen","https://static.wixstatic.com/media/1f1fbc8e08b24747acc9d7e409092f22.jpg/v1/fill/w_5184,h_3456,al_c/1f1fbc8e08b24747acc9d7e409092f22.jpg","","1","MADE' มาเด้คอลลาเจน","","6051","18","2","75","1","1"
"https://www.thrivewellnessth.com/meso-therapy","200","","https://www.thrivewellnessth.com/meso-therapy","200","","168","991","ลดกระชับสัดส่วน ปรับเชปคางเรียวด้วย Meso Fat","44","Meso FAT คือ เทคนิคการผลักวิตามินเข้าสู่ชั้นไขมัน เพื่อประโยชน์ในการลดกระชับสัดส่วนให้ได้รูปตามต้องการ เป็นวิธีการลดไขมันและลดเซลลูไลต์เฉพาะที่ แบบไม่ใช้วิธีการผ่าตัด","166","","https://www.thrivewellnessth.com/meso-therapy","https://static.wixstatic.com/media/7bca2a9c81734484bebfe3e86c205d74.jpg/v1/fill/w_1248,h_832,al_c/7bca2a9c81734484bebfe3e86c205d74.jpg","","1","MESO FAT","","6314","18","2","75","1","1"
"https://www.thrivewellnessth.com/mistletoe","200","","https://www.thrivewellnessth.com/mistletoe","200","","271","1007","มิสเซิลโท Mistletoe พืชสมุนไพรต้านมะเร็ง การรักษาทางเลือก","57","ทางเลือกในการใช้สมุนไพรต้านมะเร็ง! มิสเซิลโทเป็นที่รู้จักและใช้กันอย่างแพร่หลายในเยอรมัน ช่วยกระตุ้นภูมิคุ้มกัน ต้านการอักเสบและต้านเซลล์มะเร็ง ลดผลข้างเคียงของการฉายรังสีและเคมีบำบัด ช่วยให้ NK Cell ทำงานได้ดีขึ้น","214","","https://www.thrivewellnessth.com/mistletoe","https://static.wixstatic.com/media/989780_ea4ffaaf1d854b829b849d095a4f3b0a~mv2.jpg/v1/fill/w_1200,h_800,al_c/989780_ea4ffaaf1d854b829b849d095a4f3b0a~mv2.jpg","","1","มิสเซิลโท(Mistletoe) พืชสมุนไพรต้านมะเร็ง","","6177","23","2","75","1","1"
"https://www.thrivewellnessth.com/my-life-my-thrive","200","","https://www.thrivewellnessth.com/my-life-my-thrive","200","","2954","1004","ค้นหาวิตามินที่ใช่ IV drip สูตรไหนที่เหมาะกับคุณ เช็ค!","54","ค้นหาสูตรวิตามินและสารอาหารสำหรับ IV Drip ที่เหมาะกับไลฟ์สไตล์ของคุณ เพราะการใช้ชีวิตแต่ละรูปแบบส่งผลให้คุณต้องการสารอาหารที่ต่างกัน","132","","https://www.thrivewellnessth.com/my-life-my-thrive","https://static.wixstatic.com/media/989780_d41e687d87de43d98f0b6c07e12bd364%7Emv2.jpg/v1/fit/w_2500,h_1330,al_c/989780_d41e687d87de43d98f0b6c07e12bd364%7Emv2.jpg","","1","ค้นหาว่าสูตรไหน ที่ 'ใช่' สำหรับคุณ","","3431","16","2","77","1","1"
"https://www.thrivewellnessth.com/nad","200","","https://www.thrivewellnessth.com/nad","200","","253","1068","NAD+ ชะลอวัย ลดความเสื่อม บูสท์อัพสมองและร่างคุณให้กลับมามีพลัง!","64","NAD+ อนุพันธ์ของวิตามินบี3 และโคเอ็นไซม์ที่สำคัญของทุกๆเซลล์ในร่างกาย เกี่ยวข้องขบวนการเมตาบอลิซึมของเซลล์มากกว่า 5,000 ชนิด","124","","https://www.thrivewellnessth.com/nad","https://static.wixstatic.com/media/989780_a01b1594ff2d4c069597987a29dd94fa~mv2.png/v1/fill/w_1080,h_810,al_c/989780_a01b1594ff2d4c069597987a29dd94fa~mv2.png","","1","NAD Plus Therapy","","8425","24","3","84","1","1"
"https://www.thrivewellnessth.com/nk-cell","200","","https://www.thrivewellnessth.com/nk-cell","200","","198","1059","การตรวจเซลล์เพชรฆาต NK Cell ด่านหน้าที่ป้องกันคุณจากโรคมะเร็ง!","62","ร่างกายของคุณมีทหารที่คอยทำลายเซลล์มะเร็งที่ชื่อว่า Natural Killer Cell หรือ NK Cell แล้วคุณอยากรู้ไหมว่าเจ้าทหารตัวนี้ยังมีจำนวนมากพอจะสู้กับมะเร็งรึเปล่า?","156","","https://www.thrivewellnessth.com/nk-cell","https://static.wixstatic.com/media/989780_d41e687d87de43d98f0b6c07e12bd364%7Emv2.jpg/v1/fit/w_2500,h_1330,al_c/989780_d41e687d87de43d98f0b6c07e12bd364%7Emv2.jpg","","1","NK Cell เม็ดเลือดขาว Lymphocyte ตัวจัดการเซลล์มะเร็งในร่างกาย เร็วและแกร่งในการฆ่าเซลล์มะเร็ง","","9924","26","9","75","1","1"
"https://www.thrivewellnessth.com/oligoscan","200","","https://www.thrivewellnessth.com/oligoscan","200","","178","1029","scan โลหะหนักและแร่ธาตุด้วยเทคโนโลยีใหม่ ไม่ต้องเจาะเลือด!","58","เทคโนโลยีใหม่ในการตรวจสารพิษโลหะหนักตกค้าง 14 ชนิดในเนื้อเยื่อภายในร่างกายโดยไม่ต้องเจาะเลือด ลองทำchecklist ว่าคุณมี 7 พฤติกรรมเสี่ยง Toxic Overload หรือไม่","157","","https://www.thrivewellnessth.com/oligoscan","https://static.wixstatic.com/media/989780_d41e687d87de43d98f0b6c07e12bd364%7Emv2.jpg/v1/fit/w_2500,h_1330,al_c/989780_d41e687d87de43d98f0b6c07e12bd364%7Emv2.jpg","","1","การตรวจสารพิษโลหะหนักด้วย Oligoscan","","6257","23","5","77","1","1"
"https://www.thrivewellnessth.com/optimum-balance-check-up","200","","https://www.thrivewellnessth.com/optimum-balance-check-up","200","","2716","985","แพคเกจตรวจสุขภาพ Optimum Balance | Thrive Wellness Center","57","การตรวจการทำงานของร่างกายเชิงลึก ค่าทางเคมีของเลือดจะถูกวิเคราะห์ลงลึกในระดับสูง เพื่อให้ได้ข้อมูลแบบองค์รวม (Holistic and comprehensive analysis) ตรวจระดับการอักเสบและประเมินความเสี่ยงโรคหัวใจ แพคเกจนี้จะตรวจฮอร์โมนชุดใหญ่ ครบชุด ไทรอยด์ ต่อมหมวกไต อินซูลิน ฮอร์โมนเพศครบชุด เช่น เอสโตรเจนในผู้หญิง เทสโทสเตอโรนในผู้ชาย รวมถึงระดับโกรทฮอร์โมน ต้านความชรา","355","","https://www.thrivewellnessth.com/optimum-balance-check-up","https://static.wixstatic.com/media/989780_d41e687d87de43d98f0b6c07e12bd364%7Emv2.jpg/v1/fit/w_2500,h_1330,al_c/989780_d41e687d87de43d98f0b6c07e12bd364%7Emv2.jpg","","1","THRIVE Optimum Balance&trade;","","4280","18","2","75","1","1"
"https://www.thrivewellnessth.com/package-immune-screening","200","","https://www.thrivewellnessth.com/package-immune-screening","200","","227","1013","Immune Status Screening | Thrive Wellness Center","48","ที่เห็นว่าร่างกายยังแข็งแรงดี แต่ในใจหรือว่าแข็งแรงพอสู้กับเชื้อโรค? หากเกิดความผิดปกติที่เป็นสัญญาณว่าระบบภูมิคุ้มกันเริ่มอ่อนแอลงอาจทำให้คุณป่วยหนักได้ อย่าปล่อยปละละเลย เช็ตระบบภูมิคุ้มกันของคุณว่ายังแข็งแรงดีอยู่ไหมในภาวะเสี่ยงกับไวรัสตัวฉกาจมากมายที่เกิดขึ้นในโลกเรา!","272","","https://www.thrivewellnessth.com/package-immune-screening","https://static.wixstatic.com/media/989780_d41e687d87de43d98f0b6c07e12bd364%7Emv2.jpg/v1/fit/w_2500,h_1330,al_c/989780_d41e687d87de43d98f0b6c07e12bd364%7Emv2.jpg","","1","Immune Status Screening ตรวจระดับภูมิต้านของร่างกาย สำหรับการป้องกันโรค","","3698","22","2","77","1","1"
"https://www.thrivewellnessth.com/personalized-vitamins","200","","https://www.thrivewellnessth.com/personalized-vitamins","200","","2141","1015","วิตามินเฉพาะบุคคลที่ออกแบบมาเพื่อคุณเท่านั้น Personalized Vitamin","65","เพราะเราแต่ละคนนั้นแตกต่างกัน ความต้องการวิตามินของแต่ละคนจึงไม่เหมือนกัน ไธรฟ์มีบริการตรวจสุขภาพเชิงลึกเพื่อนำมาออกแบบวิตามินเฉพาะบุคคล tailor made ที่เหมาะกับคุณเพียงคนเดียวเท่านั้น","183","","https://www.thrivewellnessth.com/personalized-vitamins","https://static.wixstatic.com/media/989780_c30bedf0e2064dbbb5bc71dc9a85a402~mv2.jpg/v1/fill/w_578,h_462,al_c/989780_c30bedf0e2064dbbb5bc71dc9a85a402~mv2.jpg","","1","วิตามินเฉพาะบุคคล PERSONALIZED VITAMINS","","4458","21","2","76","1","1"
"https://www.thrivewellnessth.com/plan-customization","200","","https://www.thrivewellnessth.com/plan-customization","200","","2409","1007","404 Error Page | Thrivewellness","31","404 Error PageThrivewellness","28","noindex","https://www.thrivewellnessth.com/plan-customization","https://static.wixstatic.com/media/989780_d41e687d87de43d98f0b6c07e12bd364%7Emv2.jpg/v1/fit/w_2500,h_1330,al_c/989780_d41e687d87de43d98f0b6c07e12bd364%7Emv2.jpg","","0","","","2374","15","2","76","1","1"
"https://www.thrivewellnessth.com/post/__hug","200","","https://www.thrivewellnessth.com/post/__hug","200","","166","1174","การกอดที่มากกว่าการบอกรัก","25","การกอดนอกจากจะเป็นการแสดงถึงความรักความห่วงใยแล้ว ยังสามารถช่วยบำบัดโรคที่เกิดจากความรู้สึก จิตใจ หรือสำหรับผู้ที่ต้องการกำลังใจ หรือตอนนั้นคุณกำลังรู้สึกอ่อนแอ การกอดจะช่วยปลอบประโลมได้อย่างดีอีกด้วย","200","","https://www.thrivewellnessth.com/post/__hug","https://static.wixstatic.com/media/0828cb_9602b4d3970346c7a0642cd495811079~mv2.jpg/v1/fill/w_1000,h_563,al_c,q_85,usm_0.66_1.00_0.01/0828cb_9602b4d3970346c7a0642cd495811079~mv2.jpg","","1","การกอดที่มากกว่าการบอกรัก","BlogPosting Person itemPage ImageObject Organization","4578","20","2","116","1","1"
"https://www.thrivewellnessth.com/post/__pms","200","","https://www.thrivewellnessth.com/post/__pms","200","","3244","1187","ชวนรู้จักอาการ Premenstrual syndrome (PMS)","42","ร้านโปรดปิด แฟนไม่ตามใจ อาการนอยด์ วีนเหวี่ยงง่ายทั้งที่ไม่ใช่นิสัยเราแบบนี้ เกิดขึ้นเพราะอาการ PMS สภาวะอารมณ์แปรปรวน ช่วงก่อนเป็นประจำเดือน ที่เหล่าผู้หญิงทุกคนล้วนพบเจอ และผ่านไปได้ยาก","187","","https://www.thrivewellnessth.com/post/__pms","https://static.wixstatic.com/media/d03445_96b0ff4933574913b4a883ff63c9778c~mv2.jpg/v1/fill/w_1000,h_563,al_c,q_85,usm_0.66_1.00_0.01/d03445_96b0ff4933574913b4a883ff63c9778c~mv2.jpg","","1","ชวนรู้จักอาการ Premenstrual syndrome (PMS)","BlogPosting Person itemPage ImageObject Organization","7423","19","2","120","1","1"
"https://www.thrivewellnessth.com/post/_gaba","200","","https://www.thrivewellnessth.com/post/_gaba","200","","256","1166","GABA สารสกัดจากจมูกข้าวช่วยลดอาการหลับๆตื่นๆ","44","กาบา (GABA) คือ สารสื่อประสาทที่มีความสำคัญในระบบประสาทส่วนกลาง (Central Nervous System : CNS) ซึ่งทำหน้าที่ลดการกระตุ้นการทำงานของเซลล์สมอง และรักษาสมดุลในสมองให้เกิดความผ่อนคลาย ลดความวิตกกังวล และยังช่วยควบคุมการเกร็งตัวของกล้ามเนื้อต่างๆ","241","","https://www.thrivewellnessth.com/post/_gaba","https://static.wixstatic.com/media/0828cb_6c0d1feb1bb94b7db587b61d45cc8f90~mv2.jpg/v1/fill/w_1000,h_563,al_c,q_85,usm_0.66_1.00_0.01/0828cb_6c0d1feb1bb94b7db587b61d45cc8f90~mv2.jpg","","1","GABA สารสกัดจากจมูกข้าวช่วยลดอาการหลับๆตื่นๆ","BlogPosting Person itemPage ImageObject Organization","4490","20","2","114","1","1"
"https://www.thrivewellnessth.com/post/_pcos","200","","https://www.thrivewellnessth.com/post/_pcos","200","","3049","1176","สาเหตุและอาการ PCOS โรคยอดฮิต! ที่เกิดภาวะถุงน้ำในรังไข่หลายใบ","62","สาว ๆ ต้องระวัง! ปัญหาผิวหน้ามัน รูขุมขนกว้าง ผมร่วง เป็นสิวเรื้อรังตั้งแต่เด็ก รักษาวิธีไหนก็ไม่หาย ประจำเดือนมาผิดปกติ อาจเป็นเพราะภาวะถุงน้ำในรังไข่หลายใบ หรือที่เรียกว่า PCOS หากปล่อยไว้ส่งผลต่อภาวะมีบุตรยาก หรือครรภ์เป็นพิษ","228","","https://www.thrivewellnessth.com/post/_pcos","https://static.wixstatic.com/media/d03445_d086784b8c204be991939abd1e19026d~mv2.jpg/v1/fill/w_1000,h_563,al_c,q_85,usm_0.66_1.00_0.01/d03445_d086784b8c204be991939abd1e19026d~mv2.jpg","","1","สาเหตุและอาการ PCOS โรคยอดฮิต! ที่เกิดภาวะถุงน้ำในรังไข่หลายใบ","BlogPosting Person itemPage ImageObject Organization","5776","22","2","123","1","1"
"https://www.thrivewellnessth.com/post/10toxics","200","","https://www.thrivewellnessth.com/post/10toxics","200","","3441","1171","10 อันดับสารเคมีที่คุกคามสุขภาพของคุณ","37","สารเคมีนั้นปะปนอยู่ในสิ่งของต่างๆในชีวิตประจำวันของเรา เช่น ผงซักฟอก, แชมพู, สบู่, เฟอร์นิเจอร์และเสื้อผ้า สารเคมีเหล่านี้มีผลต่อการเกิดโรคและข้อบกพร่องต่างๆเช่น โรคมะเร็ง, โรคต่อมไทรอยด์ และปัญหาสุขภาพหลายๆประเภท ต่อไปนี้คือ 10 อันดับสารเคมีสำคัญที่มีความเสี่ยงในวงกว้างและกำลังได้รับการตรวจสอบควบคุม","301","","https://www.thrivewellnessth.com/post/10toxics","https://static.wixstatic.com/media/nsplsh_74523050504c754e365077~mv2_d_5616_3744_s_4_2.jpg/v1/fill/w_1000,h_667,al_c,q_85,usm_0.66_1.00_0.01/nsplsh_74523050504c754e365077~mv2_d_5616_3744_s_4_2.jpg","","1","10 อันดับสารเคมีที่คุกคามสุขภาพของคุณ","BlogPosting Person itemPage ImageObject Organization","5344","19","2","114","1","1"
"https://www.thrivewellnessth.com/post/10vitaminfightsvirusandimprovebodyimmunity","200","","https://www.thrivewellnessth.com/post/10vitaminfightsvirusandimprovebodyimmunity","200","","3535","1178","10 Vitamin Fights Virus and Improve Body Immunity","49","","0","","https://www.thrivewellnessth.com/post/10vitaminfightsvirusandimprovebodyimmunity","https://static.wixstatic.com/media/11062b_4b5b7c99a9c746dcadc737701c1e6e91~mv2.jpg/v1/fill/w_1000,h_667,al_c,q_85,usm_0.66_1.00_0.01/11062b_4b5b7c99a9c746dcadc737701c1e6e91~mv2.jpg","","1","10 Vitamin Fights Virus and Improve Body Immunity","BlogPosting Person itemPage ImageObject Organization","6554","19","3","114","1","1"
"https://www.thrivewellnessth.com/post/13-อาการภูมิแพ้อากาศ","200","","https://www.thrivewellnessth.com/post/13-%E0%B8%AD%E0%B8%B2%E0%B8%81%E0%B8%B2%E0%B8%A3%E0%B8%A0%E0%B8%B9%E0%B8%A1%E0%B8%B4%E0%B9%81%E0%B8%9E%E0%B9%89%E0%B8%AD%E0%B8%B2%E0%B8%81%E0%B8%B2%E0%B8%A8","200","","3035","1187","13 อาการภูมิแพ้อากาศ สังเกตให้ดีอาการแบบนี้ไม่ใช่หวัด","53","13 เช็กลิสต์! อาการลักษณะไหนบ้างที่เสี่ยงเป็นอาการภูมิแพ้อากาศ ในช่วงสภาพอากาศแปรปรวน พายุ ฝนตกหนัก ฝุ่น ควัน Pm2.5","115","","https://www.thrivewellnessth.com/post/13-อาการภูมิแพ้อากาศ","https://static.wixstatic.com/media/d03445_26c30d18ea3741739f1849736e0337bb~mv2.jpg/v1/fill/w_1000,h_563,al_c,q_85,usm_0.66_1.00_0.01/d03445_26c30d18ea3741739f1849736e0337bb~mv2.jpg","","1","13 อาการภูมิแพ้อากาศ สังเกตให้ดีอาการแบบนี้ไม่ใช่หวัด","BlogPosting Person itemPage ImageObject Organization","4929","25","2","120","1","1"
"https://www.thrivewellnessth.com/post/2d-ร่างกายจะดี","200","","https://www.thrivewellnessth.com/post/2d-%E0%B8%A3%E0%B9%88%E0%B8%B2%E0%B8%87%E0%B8%81%E0%B8%B2%E0%B8%A2%E0%B8%88%E0%B8%B0%E0%B8%94%E0%B8%B5","200","","3462","1186","ร่างกายจะดีหรือไม่ ต้องเช็ค 2D นี้!","35","","0","","https://www.thrivewellnessth.com/post/2d-ร่างกายจะดี","https://static.wixstatic.com/media/07052e_f34abe5b1b474e598025ec4cf81b58db~mv2.png/v1/fill/w_776,h_520,al_c,lg_1,q_90/07052e_f34abe5b1b474e598025ec4cf81b58db~mv2.png","","1","ร่างกายจะดีหรือไม่ ต้องเช็ค 2D นี้!","BlogPosting Person itemPage ImageObject Organization","7079","24","6","117","1","1"
"https://www.thrivewellnessth.com/post/3-secret-of-sleeping","200","","https://www.thrivewellnessth.com/post/3-secret-of-sleeping","200","","3718","1162","3 ความลับที่คุณอาจไม่รู้เกี่ยวกับการนอน","39","","0","","https://www.thrivewellnessth.com/post/3-secret-of-sleeping","https://static.wixstatic.com/media/d03445_a205a7bd26994f5587e04bad5d8f1bb8~mv2.jpg/v1/fill/w_1000,h_563,al_c,q_85,usm_0.66_1.00_0.01/d03445_a205a7bd26994f5587e04bad5d8f1bb8~mv2.jpg","","1","3 ความลับที่คุณอาจไม่รู้เกี่ยวกับการนอน","BlogPosting Person itemPage ImageObject Organization","3997","20","3","114","1","1"
"https://www.thrivewellnessth.com/post/3-วิธี-ตรวจเช็กเต้านมด้วยตนเอง","200","","https://www.thrivewellnessth.com/post/3-%E0%B8%A7%E0%B8%B4%E0%B8%98%E0%B8%B5-%E0%B8%95%E0%B8%A3%E0%B8%A7%E0%B8%88%E0%B9%80%E0%B8%8A%E0%B9%87%E0%B8%81%E0%B9%80%E0%B8%95%E0%B9%89%E0%B8%B2%E0%B8%99%E0%B8%A1%E0%B8%94%E0%B9%89%E0%B8%A7%E0%B8%A2%E0%B8%95%E0%B8%99%E0%B9%80%E0%B8%AD%E0%B8%87","200","","3981","1185","3 วิธี ตรวจเช็กเต้านมด้วยตนเอง","30","ก้อนเนื้อที่เต้านม (Breast Cancer) อาจไม่ได้บ่งบอกถึงการเป็นโรคมะเร็งเต้านมแค่เพียงอย่างเดียว แต่อาจเป็นก้อนเนื้อที่ไม่ได้ทำให้เกิดอันตราย จึงจำเป็นต้องได้รับการตรวจอย่างละเอียดเพื่อหาวิธีดูแลและแก้ไขอย่างถูกต้อง แต่อย่างไรก็ตามผู้หญิงทุกคนล้วนมีความเสี่ยงในการเป็นมะเร็งเต้านมได้ เพราะมะเร็งเต้านมยังปัญหาเรื่องสุขภาพอันดับ 1 ของผู้หญิงไทย","340","","https://www.thrivewellnessth.com/post/3-วิธี-ตรวจเช็กเต้านมด้วยตนเอง","https://static.wixstatic.com/media/d03445_bb8cd45699f642ec8f0eca1343861434~mv2.jpg/v1/fill/w_1000,h_563,al_c,q_85,usm_0.66_1.00_0.01/d03445_bb8cd45699f642ec8f0eca1343861434~mv2.jpg","","1","3 วิธี ตรวจเช็กเต้านมด้วยตนเอง","BlogPosting Person itemPage ImageObject Organization","5500","21","2","123","1","1"
"https://www.thrivewellnessth.com/post/5-health-tips-ในการด-แลต-วเอง-เพ-อหล-กเล-ยงความเส-ยงให-เก-ดการอ-กเสบของร-างกายจนเก-ดส-ว","200","","https://www.thrivewellnessth.com/post/5-health-tips-%E0%B9%83%E0%B8%99%E0%B8%81%E0%B8%B2%E0%B8%A3%E0%B8%94-%E0%B9%81%E0%B8%A5%E0%B8%95-%E0%B8%A7%E0%B9%80%E0%B8%AD%E0%B8%87-%E0%B9%80%E0%B8%9E-%E0%B8%AD%E0%B8%AB%E0%B8%A5-%E0%B8%81%E0%B9%80%E0%B8%A5-%E0%B8%A2%E0%B8%87%E0%B8%84%E0%B8%A7%E0%B8%B2%E0%B8%A1%E0%B9%80%E0%B8%AA-%E0%B8%A2%E0%B8%87%E0%B9%83%E0%B8%AB-%E0%B9%80%E0%B8%81-%E0%B8%94%E0%B8%81%E0%B8%B2%E0%B8%A3%E0%B8%AD-%E0%B8%81%E0%B9%80%E0%B8%AA%E0%B8%9A%E0%B8%82%E0%B8%AD%E0%B8%87%E0%B8%A3-%E0%B8%B2%E0%B8%87%E0%B8%81%E0%B8%B2%E0%B8%A2%E0%B8%88%E0%B8%99%E0%B9%80%E0%B8%81-%E0%B8%94%E0%B8%AA-%E0%B8%A7","200","","3725","1182","5 Health Tips ในการดูแลตัวเอง ลดอักเสบร่างกายจนเป็นสิว","54","","0","","https://www.thrivewellnessth.com/post/5-health-tips-ในการด-แลต-วเอง-เพ-อหล-กเล-ยงความเส-ยงให-เก-ดการอ-กเสบของร-างกายจนเก-ดส-ว","https://static.wixstatic.com/media/d03445_1685ade68f7043c09f99974bdba621a8~mv2.jpg/v1/fill/w_1000,h_563,al_c,q_85,usm_0.66_1.00_0.01/d03445_1685ade68f7043c09f99974bdba621a8~mv2.jpg","","1","5 Health Tips ในการดูแลตัวเอง เพื่อหลีกเลี่ยงความเสี่ยงให้เกิดการอักเสบของร่างกายจนเกิดสิว","BlogPosting Person itemPage ImageObject Organization","5187","24","8","115","1","1"
"https://www.thrivewellnessth.com/post/5application-for-health","200","","https://www.thrivewellnessth.com/post/5application-for-health","200","","4312","1181","แนะนํา 5 APP เสริมสุขภาพดี ที่ต้องมีติดโทรศัพท์","47","ชี้เป้า 5 APP เกี่ยวกับสุขภาพ ที่ต้องมีติดโทรศัพท์ ในยุคที่ทุกอย่างออนไลน์อยู่ในโซเชียล แม้แต่เรื่องของสุขภาพก็เช่นกัน ไธรฟ์ เวลเนส คลินิก ขอแนะนํา 5 แอพ เกี่ยวกับสุขภาพที่ต้องมีติดโทรศัพท์ไว้ พร้อมพิกัดดาวน์โหลดทั้ง IOS และ Android ที่โพสต์นี้เลยค่ะ","250","","https://www.thrivewellnessth.com/post/5application-for-health","https://static.wixstatic.com/media/d03445_71f11e2dc188424eae8381442375c8ab~mv2.jpg/v1/fill/w_1000,h_563,al_c,q_85,usm_0.66_1.00_0.01/d03445_71f11e2dc188424eae8381442375c8ab~mv2.jpg","","1","แนะนํา 5 APP เสริมสุขภาพดี ที่ต้องมีติดโทรศัพท์","BlogPosting Person itemPage ImageObject Organization","5267","19","2","120","1","1"
"https://www.thrivewellnessth.com/post/5พฤติกรรมเสี่ยงทำลายตับ","200","","https://www.thrivewellnessth.com/post/5%E0%B8%9E%E0%B8%A4%E0%B8%95%E0%B8%B4%E0%B8%81%E0%B8%A3%E0%B8%A3%E0%B8%A1%E0%B9%80%E0%B8%AA%E0%B8%B5%E0%B9%88%E0%B8%A2%E0%B8%87%E0%B8%97%E0%B8%B3%E0%B8%A5%E0%B8%B2%E0%B8%A2%E0%B8%95%E0%B8%B1%E0%B8%9A","200","","3658","1157","5 พฤติกรรมเสี่ยงทำลายตับ ตับอาจพังไม่ได้พักหากไม่เบาเรื่องนี้","61","ตับ คืออวัยวะที่ทำหน้าที่สำคัญ ได้แก่ ช่วยขจัดสารพิษ ผลิตน้ำย่อยอาหารประเภทโปรตีน และผลิตสารสำคัญอีกหลายชนิด เราจึงอยากให้คุณหันมาให้ความสนใจอวัยวะที่ชื่อว่า “ตับ” กันหน่อยค่ะ","175","","https://www.thrivewellnessth.com/post/5พฤติกรรมเสี่ยงทำลายตับ","https://static.wixstatic.com/media/8a2520_d490aa02a3004e2bac0e008b97b8375e~mv2.jpg/v1/fill/w_940,h_788,al_c,q_85/8a2520_d490aa02a3004e2bac0e008b97b8375e~mv2.jpg","","1","5 พฤติกรรมเสี่ยงทำลายตับ","BlogPosting Person itemPage ImageObject Organization","4670","19","3","114","1","1"
"https://www.thrivewellnessth.com/post/6_benefits_kombucha","200","","https://www.thrivewellnessth.com/post/6_benefits_kombucha","200","","3325","1160","6 คุณประโยชน์ของKombucha ทำไมชาหมักนี้ถึงมีคนดื่มเป็นพันปี","58","","0","","https://www.thrivewellnessth.com/post/6_benefits_kombucha","https://static.wixstatic.com/media/989780_9e0242b88bb34ab397619a8377e29808~mv2.jpg/v1/fill/w_1000,h_667,al_c,q_85,usm_0.66_1.00_0.01/989780_9e0242b88bb34ab397619a8377e29808~mv2.jpg","","1","6 คุณประโยชน์ของ Kombucha","BlogPosting Person itemPage ImageObject Organization","4192","19","3","113","1","1"
"https://www.thrivewellnessth.com/post/6-วิธีกำจัดความเครียดง่ายๆ-stress-killer","200","","https://www.thrivewellnessth.com/post/6-%E0%B8%A7%E0%B8%B4%E0%B8%98%E0%B8%B5%E0%B8%81%E0%B8%B3%E0%B8%88%E0%B8%B1%E0%B8%94%E0%B8%84%E0%B8%A7%E0%B8%B2%E0%B8%A1%E0%B9%80%E0%B8%84%E0%B8%A3%E0%B8%B5%E0%B8%A2%E0%B8%94%E0%B8%87%E0%B9%88%E0%B8%B2%E0%B8%A2%E0%B9%86-stress-killer","200","","3217","1176","6 วิธีง่ายๆ ฆ่าความเครียด ""Stress Killer""","41","","0","","https://www.thrivewellnessth.com/post/6-วิธีกำจัดความเครียดง่ายๆ-stress-killer","https://static.wixstatic.com/media/d03445_c926ec06e20c48b4a2aae7ec3e18aee8~mv2.jpg/v1/fill/w_1000,h_563,al_c,q_85,usm_0.66_1.00_0.01/d03445_c926ec06e20c48b4a2aae7ec3e18aee8~mv2.jpg","","1","6 วิธีง่ายๆ ฆ่าความเครียด ""Stress Killer""","BlogPosting Person itemPage ImageObject Organization","3782","25","9","114","1","1"
"https://www.thrivewellnessth.com/post/6สูตรbuffet-iv-drip-vitamin","200","","https://www.thrivewellnessth.com/post/6%E0%B8%AA%E0%B8%B9%E0%B8%95%E0%B8%A3buffet-iv-drip-vitamin","200","","3142","1155","รวม 6 สูตร Buffet IV Drip Vitamin ฟื้นฟูสุขภาพแบบเร่งด่วน","57","","0","","https://www.thrivewellnessth.com/post/6สูตรbuffet-iv-drip-vitamin","https://static.wixstatic.com/media/d03445_c4104010818f4d6e99a1c8357d8a6ea6~mv2.jpg/v1/fill/w_595,h_842,al_c/d03445_c4104010818f4d6e99a1c8357d8a6ea6~mv2.jpg","","1","รวม 6 สูตร Buffet IV Drip Vitamin ฟื้นฟูสุขภาพแบบเร่งด่วน","BlogPosting Person itemPage ImageObject Organization","2929","21","2","116","1","1"
"https://www.thrivewellnessth.com/post/7-วิตามินเสริมภูมิคุ้มกัน","200","","https://www.thrivewellnessth.com/post/7-%E0%B8%A7%E0%B8%B4%E0%B8%95%E0%B8%B2%E0%B8%A1%E0%B8%B4%E0%B8%99%E0%B9%80%E0%B8%AA%E0%B8%A3%E0%B8%B4%E0%B8%A1%E0%B8%A0%E0%B8%B9%E0%B8%A1%E0%B8%B4%E0%B8%84%E0%B8%B8%E0%B9%89%E0%B8%A1%E0%B8%81%E0%B8%B1%E0%B8%99","200","","2901","1161","7 วิตามินเสริมภูมิคุ้มกันให้กับร่างกาย","38","โดยปกติร่างกายคนเราต้องการวิตามินมาเพื่อซ่อมแซมและปรับสมดุล ป้องกันและลดโอกาสการเกิดโรคต่างๆได้ และที่สำคัญวิตามินยังสามารถช่วยเสริมสร้างภูมิคุ้มกันให้กับร่างกายอีกด้วย วันนี้เราจะมาพูดถึง 5 วิตามินเสริมภูมิคุ้มกันทำให้ร่างกายกลับมาแข็งแรง ไม่ป่วยง่ายกันค่ะ","257","","https://www.thrivewellnessth.com/post/7-วิตามินเสริมภูมิคุ้มกัน","https://static.wixstatic.com/media/0828cb_74d2dbabb4804c98b9a751d15c606d09~mv2.jpg/v1/fill/w_1000,h_563,al_c,q_85,usm_0.66_1.00_0.01/0828cb_74d2dbabb4804c98b9a751d15c606d09~mv2.jpg","","1","7 วิตามินเสริมภูมิคุ้มกันให้กับร่างกาย","BlogPosting Person itemPage ImageObject Organization","6153","20","2","117","1","1"
"https://www.thrivewellnessth.com/post/7-วิตามินเสริมภูมิคุ้มกัน-มีอะไรบ้าง","200","","https://www.thrivewellnessth.com/post/7-%E0%B8%A7%E0%B8%B4%E0%B8%95%E0%B8%B2%E0%B8%A1%E0%B8%B4%E0%B8%99%E0%B9%80%E0%B8%AA%E0%B8%A3%E0%B8%B4%E0%B8%A1%E0%B8%A0%E0%B8%B9%E0%B8%A1%E0%B8%B4%E0%B8%84%E0%B8%B8%E0%B9%89%E0%B8%A1%E0%B8%81%E0%B8%B1%E0%B8%99-%E0%B8%A1%E0%B8%B5%E0%B8%AD%E0%B8%B0%E0%B9%84%E0%B8%A3%E0%B8%9A%E0%B9%89%E0%B8%B2%E0%B8%87","200","","3682","1201","7 วิตามินเสริมภูมิคุ้มกัน มีอะไรบ้าง?","37","เสริมสร้างกำแพงด่านแรกให้ร่างกายแข็งแรง โดยไม่ต้องรอทานยาเพื่อให้ร่างกายหายป่วย แต่เลือกทานวิตามินจากผัก ผลไม้เพื่อเสริมภูมิคุ้มกันได้ง่ายๆ จากอาหารในครัว","154","","https://www.thrivewellnessth.com/post/7-วิตามินเสริมภูมิคุ้มกัน-มีอะไรบ้าง","https://static.wixstatic.com/media/d03445_7e02330b17094cdd86e9ec05459a2f26~mv2.jpg/v1/fill/w_1000,h_563,al_c,q_85,usm_0.66_1.00_0.01/d03445_7e02330b17094cdd86e9ec05459a2f26~mv2.jpg","","1","7 วิตามินเสริมภูมิคุ้มกัน มีอะไรบ้าง?","BlogPosting Person itemPage ImageObject Organization","6596","27","2","119","1","1"
"https://www.thrivewellnessth.com/post/7ปัจจัยเชิงลึกลดน้ำหนักยาก","200","","https://www.thrivewellnessth.com/post/7%E0%B8%9B%E0%B8%B1%E0%B8%88%E0%B8%88%E0%B8%B1%E0%B8%A2%E0%B9%80%E0%B8%8A%E0%B8%B4%E0%B8%87%E0%B8%A5%E0%B8%B6%E0%B8%81%E0%B8%A5%E0%B8%94%E0%B8%99%E0%B9%89%E0%B8%B3%E0%B8%AB%E0%B8%99%E0%B8%B1%E0%B8%81%E0%B8%A2%E0%B8%B2%E0%B8%81","200","","174","1194","ทำไมลดน้ำหนักจึงไม่ใช่เรื่องง่ายสำหรับคุณ เพราะ 7 ปัจจัยเชิงลึกสำคัญเหล่านี้","76","คุณกำลังลดน้ำหนักยากอยู่หรือเปล่า? ทำไมการลดน้ำหนักจึงไม่ใช่เรื่องง่ายๆ สำหรับคุณ อาจเพราะปัจจัยทางร่างกายเชิงลึกเหล่านี้","121","","https://www.thrivewellnessth.com/post/7ปัจจัยเชิงลึกลดน้ำหนักยาก","https://static.wixstatic.com/media/d03445_6c1d47e9e4a74868ba61ebd8b12aae06~mv2.jpg/v1/fill/w_1000,h_563,al_c,q_85,usm_0.66_1.00_0.01/d03445_6c1d47e9e4a74868ba61ebd8b12aae06~mv2.jpg","","1","ทำไมลดน้ำหนักจึงไม่ใช่เรื่องง่ายสำหรับคุณ เพราะ 7 ปัจจัยเชิงลึกสำคัญเหล่านี้","BlogPosting Person itemPage ImageObject Organization","5846","26","2","117","1","1"
"https://www.thrivewellnessth.com/post/8-ลักษณะสุขภาพดี-มีอะไรบ้าง","200","","https://www.thrivewellnessth.com/post/8-%E0%B8%A5%E0%B8%B1%E0%B8%81%E0%B8%A9%E0%B8%93%E0%B8%B0%E0%B8%AA%E0%B8%B8%E0%B8%82%E0%B8%A0%E0%B8%B2%E0%B8%9E%E0%B8%94%E0%B8%B5-%E0%B8%A1%E0%B8%B5%E0%B8%AD%E0%B8%B0%E0%B9%84%E0%B8%A3%E0%B8%9A%E0%B9%89%E0%B8%B2%E0%B8%87","200","","1296","1203","8 ลักษณะสุขภาพดี มีอะไรบ้าง?","28","อยากดูมีออร่าเปล่งประกาย มองจากภายนอกแล้วว้าว! เสน่ห์ง่ายๆ ที่มาพร้อมการบ่งบอกสุขภาพดีๆ 8 ข้อนี้","96","","https://www.thrivewellnessth.com/post/8-ลักษณะสุขภาพดี-มีอะไรบ้าง","https://static.wixstatic.com/media/d03445_616e6290e80d4c57a5c27d0d58cc0fff~mv2.jpg/v1/fill/w_1000,h_563,al_c,q_85,usm_0.66_1.00_0.01/d03445_616e6290e80d4c57a5c27d0d58cc0fff~mv2.jpg","","1","8 ลักษณะสุขภาพดี มีอะไรบ้าง?","BlogPosting Person itemPage ImageObject Organization","4828","30","5","118","1","1"
"https://www.thrivewellnessth.com/post/abnormal-period","200","","https://www.thrivewellnessth.com/post/abnormal-period","200","","223","1208","ประจำเดือนไม่มาเกิน 3 เดือน? นั่นคือสัญญาณฮอร์โมนไม่สมดุล","57","เพราะฮอร์โมนไม่สมดุลจึงมีอาการปวดท้องประจำเดือน และประจำเดือนขาดจนคาดเดาไม่ได้ ทั้งที่มันควรจะมาเป็น “ประจำ” การตรวจเช็กฮอร์โมนไม่ใช่เรื่องยากและไกลตัว","151","","https://www.thrivewellnessth.com/post/abnormal-period","https://static.wixstatic.com/media/d03445_a87855ee44524b7086869fc14070cef2~mv2.jpg/v1/fill/w_1000,h_563,al_c,q_85,usm_0.66_1.00_0.01/d03445_a87855ee44524b7086869fc14070cef2~mv2.jpg","","1","ประจำเดือนไม่มา เกิน 3 เดือน เพราะฮอร์โมนไม่สมดุล","BlogPosting Person itemPage ImageObject Organization","7945","22","4","116","1","1"
"https://www.thrivewellnessth.com/post/accum-stress","200","","https://www.thrivewellnessth.com/post/accum-stress","200","","3312","1160","เครียดสะสมเพิ่มอันตราย 12 ประการ","32","เมื่อเราเข้าสู่ภาวะความเครียด ร่างกายของเราก็จะเกิดความผิดปกติในการทำงาน ทำให้ร่างกายทำงานด้อยประสิทธิภาพลง ซึ่งอาจจะสังเกตให้เห็นได้ตั้งแต่อาการเพียงเล็กน้อย จนถึงอาการที่หนักหนา ยิ่งความเครียดสะสมเพิ่มมากขึ้นเรือยๆ ก็ยิ่งส่งผลต่อร่างกายมากขึ้นเท่านั้น","253","","https://www.thrivewellnessth.com/post/accum-stress","https://static.wixstatic.com/media/599d5afdcec7458e9a131b2189cfd232.jpg/v1/fill/w_1000,h_667,al_c,q_85,usm_0.66_1.00_0.01/599d5afdcec7458e9a131b2189cfd232.jpg","","1","อันตราย 12 ประการหากมีความเครียดสะสม","BlogPosting Person itemPage ImageObject Organization","6850","19","3","114","1","1"
"https://www.thrivewellnessth.com/post/acne-intestinalproblems","200","","https://www.thrivewellnessth.com/post/acne-intestinalproblems","200","","228","1173","สิวอักเสบในผู้ใหญ่ ปัญหาที่เกิดจากลำไส้","39","ปัญหาสิวอักเสบหรือสิวเรื้อรังอาจไม่ได้เกิดจากฮอร์โมนเพียงอย่างเดียวแต่สามารถมีผลมาจากภาวะลำไส้รั่วได้อีกด้วย เนื่องจากเยื่อบุผนังลำไส้จะมีลักษณะเรียงชิดติดกันเพื่อป้องกัน คัดกรอง ควบคุมสารพิษ และเชื้อโรคที่จะเข้าสู้กระแสเลือด","225","","https://www.thrivewellnessth.com/post/acne-intestinalproblems","https://static.wixstatic.com/media/0828cb_b74698b5940c4c528e5ea676aba6c15e~mv2.jpg/v1/fill/w_1000,h_563,al_c,q_85,usm_0.66_1.00_0.01/0828cb_b74698b5940c4c528e5ea676aba6c15e~mv2.jpg","","1","สิวอักเสบในผู้ใหญ่ ปัญหาที่เกิดจากลำไส้","BlogPosting Person itemPage ImageObject Organization","6889","22","2","116","2","1"
"https://www.thrivewellnessth.com/post/activelifestyle","200","","https://www.thrivewellnessth.com/post/activelifestyle","200","","277","1161","อายุมากขึ้นไม่ได้แปลว่าแก่ ถ้าคุณมี ACTIVE LIFESTYLE","52","การทำกิจกรรม Active Lifestyle เป็นอีกหนึ่งวิธีที่จะช่วยป้องกันและชะลอความเสื่อมของสุขภาพร่างกายและจิตใจให้แข็งแรงขึ้นอีกด้วย","124","","https://www.thrivewellnessth.com/post/activelifestyle","https://static.wixstatic.com/media/0828cb_b00619ec089840c9af9b2d236d3aa4ed~mv2.jpg/v1/fill/w_1000,h_563,al_c,q_85,usm_0.66_1.00_0.01/0828cb_b00619ec089840c9af9b2d236d3aa4ed~mv2.jpg","","1","อายุมากขึ้นไม่ได้แปลว่าแก่ ถ้าคุณมี ACTIVE LIFESTYLE","BlogPosting Person itemPage ImageObject Organization","5201","19","2","117","1","1"
"https://www.thrivewellnessth.com/post/adrenal-fatigue-ภาวะต่อมหมวกไตล้า","200","","https://www.thrivewellnessth.com/post/adrenal-fatigue-%E0%B8%A0%E0%B8%B2%E0%B8%A7%E0%B8%B0%E0%B8%95%E0%B9%88%E0%B8%AD%E0%B8%A1%E0%B8%AB%E0%B8%A1%E0%B8%A7%E0%B8%81%E0%B9%84%E0%B8%95%E0%B8%A5%E0%B9%89%E0%B8%B2","200","","3455","1167","Adrenal Fatigue หรือ ภาวะต่อมหมวกไตล้า","38","คุณมีอาการอย่างนี้อยู่หรือไม่?? · ขี้เกียจ ไม่อยากตื่นตอนเช้าๆถึงสายๆ · บ่ายๆก็อยากงีบหลับ · ไม่มีแพสชั่นในการทำงาน · อยากกินอาหารเค็มมันตลอดเวลา","145","","https://www.thrivewellnessth.com/post/adrenal-fatigue-ภาวะต่อมหมวกไตล้า","https://static.wixstatic.com/media/8a2520_67b170eb90df4f6997394ac663c1249c~mv2.jpg/v1/fill/w_960,h_960,al_c,q_85/8a2520_67b170eb90df4f6997394ac663c1249c~mv2.jpg","","1","Adrenal Fatigue หรือ ภาวะต่อมหมวกไตล้า","BlogPosting Person itemPage ImageObject Organization","6893","20","3","115","1","1"
"https://www.thrivewellnessth.com/post/amenorrhea","200","","https://www.thrivewellnessth.com/post/amenorrhea","200","","328","1170","ประจำเดือนขาด ประจำเดือนมาไม่ปกติ ควรทำอย่างไร","46","ประจำเดือนขาด (Amenorrhea) คือ ภาวะที่เลือดประจำเดือนไหลออกมาไม่ปกติ เนื่องจากความผิดปกติของฮอร์โมน","99","","https://www.thrivewellnessth.com/post/amenorrhea","https://static.wixstatic.com/media/0828cb_721480e2091c4e28a4538fbef7d29161~mv2.jpg/v1/fill/w_1000,h_563,al_c,q_85,usm_0.66_1.00_0.01/0828cb_721480e2091c4e28a4538fbef7d29161~mv2.jpg","","1","ประจำเดือนขาด ประจำเดือนมาไม่ปกติ ควรทำอย่างไร","BlogPosting Person itemPage ImageObject Organization","5882","21","2","115","1","1"
"https://www.thrivewellnessth.com/post/anemia","200","","https://www.thrivewellnessth.com/post/anemia","200","","3372","1172","ภาวะเลือดจาง ส่งผลให้มีลูกยากจริงไหม!!","38","หลายๆคนอาจเคยได้ยินเกี่ยวกับเรื่องภาวะเลือดจาง (Anemia) หรือตัวซีด แต่ก็ยังไม่ทราบว่าอันตรายมากน้อยแค่ไหน สำหรับผู้วางแผนในการมีบุตร ลูกอาจจะกำลังคิดว่าถ้าคนใดคนนึงเป็นจะส่งผลมาถึงลูกน้อยไหม","190","","https://www.thrivewellnessth.com/post/anemia","https://static.wixstatic.com/media/0828cb_5526880579ec4bf9bd290227960a1f38~mv2.jpg/v1/fill/w_1000,h_563,al_c,q_85,usm_0.66_1.00_0.01/0828cb_5526880579ec4bf9bd290227960a1f38~mv2.jpg","","1","ภาวะเลือดจาง ส่งผลให้มีลูกยากจริงไหม!!","BlogPosting Person itemPage ImageObject Organization","5662","23","2","116","1","1"
"https://www.thrivewellnessth.com/post/anti-ageing-exercise","200","","https://www.thrivewellnessth.com/post/anti-ageing-exercise","200","","3429","1161","ออกกำลังกายต้านแก่ 3 Steps Anti-aging Exercise","46","","0","","https://www.thrivewellnessth.com/post/anti-ageing-exercise","https://static.wixstatic.com/media/b0f2ed9644674066869aed20bc97948e.jpg/v1/fill/w_1000,h_667,al_c,q_85,usm_0.66_1.00_0.01/b0f2ed9644674066869aed20bc97948e.jpg","","1","ออกกำลังกายต้านแก่","BlogPosting Person itemPage ImageObject Organization","4168","21","5","114","1","1"
"https://www.thrivewellnessth.com/post/apple-benefit","200","","https://www.thrivewellnessth.com/post/apple-benefit","200","","207","1167","แอปเปิ้ลแดง Vs แอปเปิ้ลเขียว ประโยชน์ดีๆ ที่ไม่เหมือนกัน","56","ทำไมแอปเปิ้ลถึงมี 2 สี? ความแตกต่างของแอปเปิ้ลสีเขียว และสีแดงเป็นอย่างไร นอกจากรสชาติและความชอบแล้ว เราควรเลือกประโยชน์จากอะไรอีกบ้าง ในวันที่ต้องการสารอาหารให้ร่างกาย","168","","https://www.thrivewellnessth.com/post/apple-benefit","https://static.wixstatic.com/media/d03445_eee75672b9694ae0893ad6f4092f78fc~mv2.jpg/v1/fill/w_1000,h_563,al_c,q_85,usm_0.66_1.00_0.01/d03445_eee75672b9694ae0893ad6f4092f78fc~mv2.jpg","","1","แอปเปิ้ลแดง Vs แอปเปิ้ลเขียว ประโยชน์ดีๆ ที่ไม่เหมือนกัน","BlogPosting Person itemPage ImageObject Organization","4890","20","2","117","1","1"
"https://www.thrivewellnessth.com/post/ashwagandha","200","","https://www.thrivewellnessth.com/post/ashwagandha","200","","187","1198","Ashwagandha คืออะไร ลดความเครียด คลายซึมเศร้า ได้อย่างไร?","57","Ashwagandha ที่ถูกบรรจุอยู่ในวิตามินอาหารเสริม คืออะไร? ทำไมจึงถูกเรียกว่าเป็นวิตามินลดความเครียดได้ มาทำความรู้จักเรื่อง Ashwagandha ถึงประโยชน์ที่ดีต่อสุขภาพกันค่ะ","165","","https://www.thrivewellnessth.com/post/ashwagandha","https://static.wixstatic.com/media/d03445_162f93520c124be9a832f069129ae8fc~mv2.jpg/v1/fill/w_1000,h_563,al_c,q_85,usm_0.66_1.00_0.01/d03445_162f93520c124be9a832f069129ae8fc~mv2.jpg","","1","Ashwagandha คืออะไร ลดความเครียด คลายซึมเศร้า ได้อย่างไร?","BlogPosting Person itemPage ImageObject Organization","8855","19","2","118","1","1"
"https://www.thrivewellnessth.com/post/baby-blues","200","","https://www.thrivewellnessth.com/post/baby-blues","200","","3577","1191","ซึมเศร้าหลังคลอด ภัยร้ายที่อาจพรากชีวิตคนที่คุณรัก","50","ภาวะซึมเศร้าหลังคลอด เรื่องของฮอร์โมนที่คุณยากจะควบคุม ซึมเศร้าหลังคลอด หรือ อาการ Baby Blues เป็นผลมาจากการเปลี่ยนแปลงของฮอร์โมน Estrogen อย่างรวดเร็ว บวกกับความกังวลใจและความรับผิดชอบหลังคลอด","193","","https://www.thrivewellnessth.com/post/baby-blues","https://static.wixstatic.com/media/d03445_3896b7e727ae41bfbb43117bf8c9a7c3~mv2.jpg/v1/fill/w_1000,h_563,al_c,q_85,usm_0.66_1.00_0.01/d03445_3896b7e727ae41bfbb43117bf8c9a7c3~mv2.jpg","","1","เรียนรู้และรับมือกับภาวะซึมเศร้าหลังคลอดเรื่องของฮอร์โมนที่คุณยากจะควบคุม","BlogPosting Person itemPage ImageObject Organization","7840","22","6","113","1","1"
"https://www.thrivewellnessth.com/post/bachflower","200","","https://www.thrivewellnessth.com/post/bachflower","200","","3269","1206","ชวนรู้จักทางเลือกการบำบัดใจด้วยศาสตร์แห่งดอกไม้จากประเทศอังกฤษ  Bach Flower Remedies","84","ไธรฟ์ เวลเนส คลินิก ชวนรู้จักดอกไม้รักษาใจที่ถูกสกัดขึ้นจนเกิดเป็น Bach Flower Therapy สมุนไพรบำบัด ศาสตร์แห่งการปรับสมดุลทางจิตที่ถูกวิจัยมามากกว่าร้อยปี ทำไมเขาคนนั้นถึงมองโลกสวยงามขนาดนี้? แต่ฉันสิแค่จะปฏิเสธออกไปยังไม่กล้า ตัดปัญหาที่เข้ามาไม่เคยขาดสักที ลังเลใจสุดๆ ไม่กล้าตัดสินใจ ภาวะที่ไม่อาจสั่งจิตใจได้ จนนำไปสู่ความเครียด ย้ำคิดย้ำทำไปมา Dr.Bach แพทย์ชาวอังกฤษ กล่าวว่า สภาวะจิตใจและอารมณ์มีผลต่อการเจ็บป่วยทางร่างกายของมนุษย์ หรือ Psychoanalytic Theory ของ ซิกมันด์ ฟรอยด์ นักประสาทวิทยา","499","","https://www.thrivewellnessth.com/post/bachflower","https://static.wixstatic.com/media/8a2520_ed8a6bfa615b43f59a15e3ab485a65c6~mv2.jpg/v1/fill/w_1000,h_563,al_c,q_85,usm_0.66_1.00_0.01/8a2520_ed8a6bfa615b43f59a15e3ab485a65c6~mv2.jpg","","1","ชวนรู้จักทางเลือกการบำบัดใจด้วยศาสตร์แห่งดอกไม้จากประเทศอังกฤษ Bach Flower Remedies","BlogPosting Person itemPage ImageObject Organization","9372","26","7","116","1","1"
"https://www.thrivewellnessth.com/post/barbecue","200","","https://www.thrivewellnessth.com/post/barbecue","200","","486","1162","สาวกหมูกะทะต้องสะพรึง ถ้ารู้ว่าคุณทานอะไรแถมเข้าไปบ้าง","54","หมูกระทะถือเป็นอาหารปิ้งย่างในดวงใจสำหรับใครหลายๆคน แต่จะมีใครทราบบ้างว่าแท้จริงแล้วหมูกระทะส่งผลเสียต่อสุขภาพและอันตรายกว่าที่เราคิด แถมยังมีความเสี่ยงได้รับของแถมยอดแย่ ดังนี้...","180","","https://www.thrivewellnessth.com/post/barbecue","https://static.wixstatic.com/media/0828cb_c8d5d731ef8545f584ee0bd74e6c47ad~mv2.jpg/v1/fill/w_1000,h_563,al_c,q_85,usm_0.66_1.00_0.01/0828cb_c8d5d731ef8545f584ee0bd74e6c47ad~mv2.jpg","","1","สาวกหมูกะทะต้องสะพรึง ถ้ารู้ว่าคุณทานอะไรแถมเข้าไปบ้าง","BlogPosting Person itemPage ImageObject Organization","4388","20","3","116","1","1"
"https://www.thrivewellnessth.com/post/bcaa-essential","200","","https://www.thrivewellnessth.com/post/bcaa-essential","200","","3413","1197","BCAA เพิ่มกล้ามเนื้อด้วยกรดอะมิโนจำเป็น","39","BCAA มีสัดส่วนในร่างกายเรามากถึง 35% ในกล้ามเนื้อ และมีสัดส่วนถึง 40% ของกรดอะมิโนที่ร่างกายต้องการ หากขาด BCAA อาการสลายของกล้ามเนื้อก็จะยิ่งรวดเร็วมากขึ้น","156","","https://www.thrivewellnessth.com/post/bcaa-essential","https://static.wixstatic.com/media/d03445_ca33422a8c0340b8936cc6256cdc4967~mv2.jpg/v1/fill/w_1000,h_563,al_c,q_85,usm_0.66_1.00_0.01/d03445_ca33422a8c0340b8936cc6256cdc4967~mv2.jpg","","1","เพิ่มกล้ามเนื้ออย่างรวดเร็วแต่สุขภาพดี ด้วย BCAA กรดอะมิโนเสริม ทางเลือกที่มากกว่าแค่อกไก่ หรือ ไข่","BlogPosting Person itemPage ImageObject Organization","7066","22","7","114","1","1"
"https://www.thrivewellnessth.com/post/bloodpressure","200","","https://www.thrivewellnessth.com/post/bloodpressure","200","","697","1214","ไม่ตรวจก็ไม่รู้ กับโรคความดันสูง ที่เราทุกคนมีความเสี่ยง","56","ระบบการไหลเวียนโลหิตที่ผิดปกติและทำงานหนักจนเกิดเป็น ‘โรคความดัน’ ปัญหาสุขภาพจากโรคร้ายแรงทั้ง โรคหัวใจ โรคหลอดเลือดสมอง โรคไต โรคเบาหวาน ล้วนมาจากระบบการทำงานในร่างกายมีภาวะไม่สมดุลต่อการทำงาน","193","","https://www.thrivewellnessth.com/post/bloodpressure","https://static.wixstatic.com/media/d03445_0735dd80598d4cb289b0cced3d2fb77b~mv2.jpg/v1/fill/w_1000,h_563,al_c,q_85,usm_0.66_1.00_0.01/d03445_0735dd80598d4cb289b0cced3d2fb77b~mv2.jpg","","1","ไม่ตรวจก็ไม่รู้ กับโรคความดันสูง ที่เราทุกคนมีความเสี่ยง","BlogPosting Person itemPage ImageObject Organization","7442","26","4","119","1","1"
"https://www.thrivewellnessth.com/post/bluelight","200","","https://www.thrivewellnessth.com/post/bluelight","200","","213","1174","ผลกระทบต่อการนอนหลับ ของแสงสีฟ้า จากมือถือ แท็บเลต","50","รู้ไหมว่า แสงสีฟ้าจากจอมือถือ แท็บเล็ต ส่งผลให้ คุณภาพการนอนหลับที่ไม่ดี เปลี่ยนแปลง Cycle การนอน ทำให้สมองไม่รู้เวลานอน นอนหลับยาก ตื่นมามึนงง สมองเบลอ ส่งผลระยะยาว เกิดอาการหลงลืม กระทบกับการใช้ชีวิตประจำวัน","209","","https://www.thrivewellnessth.com/post/bluelight","https://static.wixstatic.com/media/d03445_2621de82942e46b880d8be6b19a4b7b2~mv2.jpg/v1/fill/w_1000,h_563,al_c,q_85,usm_0.66_1.00_0.01/d03445_2621de82942e46b880d8be6b19a4b7b2~mv2.jpg","","1","ผลกระทบต่อการนอนหลับ ของแสงสีฟ้า จากมือถือ แท็บเลต","BlogPosting Person itemPage ImageObject Organization","6271","19","2","122","1","1"
"https://www.thrivewellnessth.com/post/booster-to-quercetin","200","","https://www.thrivewellnessth.com/post/booster-to-quercetin","200","","3391","1183","เปลี่ยนจาก Booster เข็ม 4 มาเพิ่ม Quercetin ต้านไวรัสกัน!","57","","0","","https://www.thrivewellnessth.com/post/booster-to-quercetin","https://static.wixstatic.com/media/8a2520_fe9a0327f44c471aae5d413e55242931~mv2.jpg/v1/fill/w_1000,h_563,al_c,q_85,usm_0.66_1.00_0.01/8a2520_fe9a0327f44c471aae5d413e55242931~mv2.jpg","","1","เปลี่ยนจาก Booster เข็ม 4 มาเพิ่ม Quercetin ต้านไวรัสกัน!","BlogPosting Person itemPage ImageObject Organization","5496","23","7","114","1","1"
"https://www.thrivewellnessth.com/post/bromelain","200","","https://www.thrivewellnessth.com/post/bromelain","200","","194","1169","ชวนรู้จักเอนไซม์ช่วยย่อย ‘โบรมีเลน’ จากสับปะรด","46","รู้ไหมว่าในสับปะรดก็มีเอนไซม์ช่วยย่อยอาหารมื้อหนักๆ จากปิ้งย่าง หมูกะทะ อยู่ด้วย อาการท้องอืด ท้องเฟ้อ อาหารไม่ย่อย “โบรมีเลน” ที่มีอยู่ในสับปะรด จะช่วยย่อยโปรตีนให้เล็กลง เสริมการทำงานของลำไส้","193","","https://www.thrivewellnessth.com/post/bromelain","https://static.wixstatic.com/media/d03445_ccadd50de3f64d70bc433c162adc1230~mv2.jpg/v1/fill/w_1000,h_563,al_c,q_85,usm_0.66_1.00_0.01/d03445_ccadd50de3f64d70bc433c162adc1230~mv2.jpg","","1","ชวนรู้จักเอนไซม์ช่วยย่อย ‘โบรมีเลน’ จากสับปะรด","BlogPosting Person itemPage ImageObject Organization","6292","20","2","118","1","1"
"https://www.thrivewellnessth.com/post/caffeineกับการนอน","200","","https://www.thrivewellnessth.com/post/caffeine%E0%B8%81%E0%B8%B1%E0%B8%9A%E0%B8%81%E0%B8%B2%E0%B8%A3%E0%B8%99%E0%B8%AD%E0%B8%99","200","","3276","1171","caffeine กับการนอน คาเฟอีนเป็นที่รู้กันว่าช่วยทำให้แอคทีฟขึ้น","61","","0","","https://www.thrivewellnessth.com/post/caffeineกับการนอน","https://static.wixstatic.com/media/0df0927d01d641338d1e0c59bbbabfde.jpg/v1/fill/w_667,h_1000,al_c,q_85,usm_0.66_1.00_0.01/0df0927d01d641338d1e0c59bbbabfde.jpg","","1","caffeine กับการนอน","BlogPosting Person itemPage ImageObject Organization","4597","21","2","114","1","1"
"https://www.thrivewellnessth.com/post/celery-detox","200","","https://www.thrivewellnessth.com/post/celery-detox","200","","3968","1163","น้ำปั่น Celery Detox ช่วยให้ระบบย่อยอาหารทำงานดี แต่กินยังไงจะดี","64","","0","","https://www.thrivewellnessth.com/post/celery-detox","https://static.wixstatic.com/media/8a2520_102af3272d124cfb8926730b327c2960~mv2.png/v1/fill/w_1000,h_563,al_c,q_90,usm_0.66_1.00_0.01/8a2520_102af3272d124cfb8926730b327c2960~mv2.png","","1","น้ำปั่น Celery Detox","BlogPosting Person itemPage ImageObject Organization","4834","19","3","114","1","1"
"https://www.thrivewellnessth.com/post/check-immune-system","200","","https://www.thrivewellnessth.com/post/check-immune-system","200","","3477","1195","เช็คภูมิคุ้มกัน แบบไหนเรียกภูมิตก!","34","ภูมิคุ้มกัน ด่านหน้าที่สำคัญที่สุดที่ช่วยคุณจัดการกับไวรัสตัวร้าย PM2.5 หรือแม้แต่อนุมูลอิสระในร่างกาย ไปจนถึงเซลล์ร้ายที่อาจกลายร่างเป็นมะเร็ง! ภูมิคุ้มกันของคุณสำคัญขนาดนี้ มาทำความรู้จักกันลึกๆดีกว่าค่ะ","205","","https://www.thrivewellnessth.com/post/check-immune-system","https://static.wixstatic.com/media/d03445_9f78e2568b554b718ce7a17cbb799be4~mv2.jpg/v1/fill/w_1000,h_563,al_c,q_85,usm_0.66_1.00_0.01/d03445_9f78e2568b554b718ce7a17cbb799be4~mv2.jpg","","1","ชวนเช็กภูมิคุ้มกัน แบบไหนเรียกภูมิตก! พร้อมวิธี Boost up! ร่างกายแบบไม่พึ่งวัคซีน","BlogPosting Person itemPage ImageObject Organization","6859","24","3","113","1","1"
"https://www.thrivewellnessth.com/post/chelation-therapy","200","","https://www.thrivewellnessth.com/post/chelation-therapy","200","","3332","1164","Chelation Therapy ตัวช่วยดีๆที่กำจัดล้างสารพิษในหลอดเลือด","57","Chelation มีสารประกอบทางเคมีที่ให้เป็นประเภทกรดอะมิโนที่เรียกว่า EDTA ผสมกับวิตามินและแร่ธาตุ ซึ่ง EDTA ทำหน้าที่หลักในการเข้าไปจับสารโลหะหนักในกระแสเลือด เช่น อลูมิเนียม ตะกั่ว แคดเมียม สังกะสี เซเลเนียม ทองแดง สารหนู โครเมียม หรือแม้แต่แคลเซียมส่วนเกิน แล้วขจัดสารโลหะหนักเหล่านี้ออกผ่านระบบปัสสาวะ","300","","https://www.thrivewellnessth.com/post/chelation-therapy","https://static.wixstatic.com/media/0828cb_61a29a5fc078443ebfe394d3e8fb9287~mv2.jpg/v1/fill/w_1000,h_563,al_c,q_85,usm_0.66_1.00_0.01/0828cb_61a29a5fc078443ebfe394d3e8fb9287~mv2.jpg","","1","Chelation Therapy ตัวช่วยดีๆที่กำจัดล้างสารพิษในหลอดเลือด","BlogPosting Person itemPage ImageObject Organization","6246","20","2","117","1","1"
"https://www.thrivewellnessth.com/post/chemistry-of-sleep-melatonin-and-adenosine","200","","https://www.thrivewellnessth.com/post/chemistry-of-sleep-melatonin-and-adenosine","200","","243","1161","Chemistry of sleep - melatonin and adenosine","44","ฮอร์โมนในร่างกายของเราที่จะส่งผลต่อการนอนคือเมลาโทนินและอะดรีโนซีน ซึ่งอะดรีโนซีนเราอาจจะเคยได้ยินมาบ้างเพราะมันเป็นส่วนหนึ่งของโมเลกุลที่ซับซ้อนที่เรียกว่า ATP ที่จำเป็นต่อกระบวนการย่อยนำ้ตาลและสร้างพลังงาน ATP ก็เปรียบเสมือนเชื้อเพลิง ส่วนอะดรีโนซีนก็เปรียบเสมือนผลพลอยได้ของกระบวนการเมทาโบลิซึ่ม และมีส่วนสำคัญต่อการ","319","","https://www.thrivewellnessth.com/post/chemistry-of-sleep-melatonin-and-adenosine","https://static.wixstatic.com/media/47d6ab44742547bcbb3f97318dcd7c4b.jpg/v1/fill/w_1000,h_664,al_c,q_85,usm_0.66_1.00_0.01/47d6ab44742547bcbb3f97318dcd7c4b.jpg","","1","Chemistry of sleep - melatonin and adenosine","BlogPosting Person itemPage ImageObject Organization","4881","20","4","114","1","1"
"https://www.thrivewellnessth.com/post/chili","200","","https://www.thrivewellnessth.com/post/chili","200","","197","1190","ประโยชน์ของพริก","15","เคยลองสังเกตไหมคะ วันไหนที่รู้สึกสมองตื้อๆ ไม่ตื่นตัว อ่อนเพลีย รู้สึกไม่อยากทานอะไรเลย แต่พอนึกถึงเมนูส้มตำ ก็อดใจไม่ไหว เจริญอาหารทันที แถมยังรู้สึกกระปรี้กระเปร่า โล่งคอ นั่นเป็นเพราะส้มตำ มีพริกเพิ่มความแซ่บ ช่วยหลั่งสารให้คุณรู้สึกผ่อนคลาย มีความสุข อยากอาหาร บรรเทาปวดได้นั่นเอง","284","","https://www.thrivewellnessth.com/post/chili","https://static.wixstatic.com/media/d03445_4120c3ba1bce41a79122c338753d159e~mv2.jpg/v1/fill/w_1000,h_563,al_c,q_85,usm_0.66_1.00_0.01/d03445_4120c3ba1bce41a79122c338753d159e~mv2.jpg","","1","ประโยชน์ของพริก","BlogPosting Person itemPage ImageObject Organization","7276","19","2","121","1","1"
"https://www.thrivewellnessth.com/post/chocolatecyst","200","","https://www.thrivewellnessth.com/post/chocolatecyst","200","","3269","1171","ทำไมถึงเรียก “ช็อกโกแลตซีสต์’’ โรคนี้อันตรายอย่างไร","51","ปวดท้องประจำเดือนหนักขึ้นเรื่อย ๆ จนไม่สามารถทำอะไรได้ ต้องนอนพักไปยาว ๆ บางครั้งสาเหตุการปวดท้องประจำเดือนอาจไม่ใช่เพียงแค่เพราะมดลูกบีบตัว แต่อาจเป็นภาวะเยื่อบุโพรงมดลูกอักเสบ จนอาจเกิดเป็นโรค “ช็อกโกแลตซีสต์”","211","","https://www.thrivewellnessth.com/post/chocolatecyst","https://static.wixstatic.com/media/d03445_947930cb0a114a2783c9a512eddc882a~mv2.jpg/v1/fill/w_1000,h_563,al_c,q_85,usm_0.66_1.00_0.01/d03445_947930cb0a114a2783c9a512eddc882a~mv2.jpg","","1","ทำไมถึงเรียก “ช็อกโกแลตซีสต์’’ โรคนี้อันตรายอย่างไร","BlogPosting Person itemPage ImageObject Organization","5153","20","2","121","1","1"
"https://www.thrivewellnessth.com/post/chromium","200","","https://www.thrivewellnessth.com/post/chromium","200","","201","1221","โครเมียม อีกหนึ่งแร่ธาตุสำคัญที่อาจช่วยคุณลดความอยากน้ำตาลได้","61","","0","","https://www.thrivewellnessth.com/post/chromium","https://static.wixstatic.com/media/d03445_dc788c5bfedf40ae9285ac7470203c58~mv2.jpg/v1/fill/w_1000,h_563,al_c,q_85,usm_0.66_1.00_0.01/d03445_dc788c5bfedf40ae9285ac7470203c58~mv2.jpg","","1","ลดน้ำตาลในเลือดสูงจากชาไข่มุกแก้วโปรดได้ง่ายๆ ด้วยการเสริมแร่ธาตุ ‘โครเมียม’ จากไก่ กล้วย ส้ม","BlogPosting Person itemPage ImageObject Organization","9339","25","3","118","1","1"
"https://www.thrivewellnessth.com/post/cloggedarteries","200","","https://www.thrivewellnessth.com/post/cloggedarteries","200","","225","1184","จะเกิดอะไรขึ้น? หากเส้นเลือดตีบ หรืออุดตัน","42","หลอดเลือดที่ทำหน้าที่ นำเลือดไปเลี้ยงอวัยวะทุกส่วนทั่วร่างกาย จะเกิดอะไรขึ้น หากเลือดไหลเวียนไม่สะดวก ขนส่งสารอาหาร นำออกซิเจนไปเลี้ยงเซลล์ นำของเสียออกจากร่างกายไม่ได้ เพราะหลอดเลือดตีบตัน","189","","https://www.thrivewellnessth.com/post/cloggedarteries","https://static.wixstatic.com/media/d03445_d75ece2e747648de8b430bc4e0fa2f95~mv2.jpg/v1/fill/w_1000,h_563,al_c,q_85,usm_0.66_1.00_0.01/d03445_d75ece2e747648de8b430bc4e0fa2f95~mv2.jpg","","1","จะเกิดอะไรขึ้น? หากเส้นเลือดตีบ หรืออุดตัน","BlogPosting Person itemPage ImageObject Organization","8761","21","2","121","1","1"
"https://www.thrivewellnessth.com/post/coenzyme-q10","200","","https://www.thrivewellnessth.com/post/coenzyme-q10","200","","3619","1170","Coenzyme Q10 สารต้านอนุมูลอิสระที่ช่วย""หัวใจ""","45","","0","","https://www.thrivewellnessth.com/post/coenzyme-q10","https://static.wixstatic.com/media/8a2520_38cfff548dc940d1b8cae97bb03826a7~mv2.jpg/v1/fill/w_960,h_960,al_c,q_85/8a2520_38cfff548dc940d1b8cae97bb03826a7~mv2.jpg","","1","Coenzyme Q10","BlogPosting Person itemPage ImageObject Organization","9213","19","3","115","1","1"
"https://www.thrivewellnessth.com/post/complete-bดีอย่างไร","200","","https://www.thrivewellnessth.com/post/complete-b%E0%B8%94%E0%B8%B5%E0%B8%AD%E0%B8%A2%E0%B9%88%E0%B8%B2%E0%B8%87%E0%B9%84%E0%B8%A3","200","","3466","1166","Complete B วิตามินบี แต่ละตัวช่วยอะไร","37","Vitamin B วิตามินสำคัญที่สริมสร้างร่างกายแทบทุกด้าน ตัวช่วย Complete แต่ละ B ดีอย่างไรบ้าง","90","","https://www.thrivewellnessth.com/post/complete-bดีอย่างไร","https://static.wixstatic.com/media/d03445_0491762325624001b489a15348503a28~mv2.jpg/v1/fill/w_1000,h_563,al_c,q_85,usm_0.66_1.00_0.01/d03445_0491762325624001b489a15348503a28~mv2.jpg","","1","Complete B วิตามินบี แต่ละตัวช่วยอะไร","BlogPosting Person itemPage ImageObject Organization","4408","19","2","120","1","1"
"https://www.thrivewellnessth.com/post/constipation","200","","https://www.thrivewellnessth.com/post/constipation","200","","3153","1195","ท้องผูก เกิดจากอะไร ทำอย่างไรถึงกลับมาถ่ายปกติ?","47","อึดอัดท้องอยู่บ่อยๆ หลังทานอาหารไม่สบายท้องอีกต่อไป เพราะอาการท้องผูกที่แก้ไม่หาย จนร่างกายไม่สามารถขับของเสียออกไปได้อย่างปกติ เกิดเอฟเฟกต์ต่อไปถึงปัญหา ปอด ลมหายใจ ผิวหนัง สิวเริ่มเกิดเพราะสมดุลของร่างกายรวน ปัญหาท้องผูกที่ไม่ใช่เรื่องเล็กๆ ต้องเริ่มแก้ไขอย่างไร โดยไม่ต้องพึ่งยาระบายแถมกลับมาขับถ่ายอย่างปกติ","311","","https://www.thrivewellnessth.com/post/constipation","https://static.wixstatic.com/media/d03445_7b1dfe33479742c4ae65536d0dd257ad~mv2.jpg/v1/fill/w_1000,h_563,al_c,q_85,usm_0.66_1.00_0.01/d03445_7b1dfe33479742c4ae65536d0dd257ad~mv2.jpg","","1","ท้องผูก เกิดจากอะไร ทำอย่างไรถึงกลับมาถ่ายปกติ?","BlogPosting Person itemPage ImageObject Organization","7461","24","2","122","1","1"
"https://www.thrivewellnessth.com/post/cortisol","200","","https://www.thrivewellnessth.com/post/cortisol","200","","205","1207","โหมงานหนัก เตรียมสอบ หรือติดซีรีส์ดึกๆ Cortisol ถูกเรียกใช้แล้ว!","64","ทำงานหนัก ปากไม่ว่าง ต้องหาขนม ของหวานทันที อาการเช่นนี้เพราะร่างกายคุณเครียดไม่รู้ตัวจนหลั่งฮอร์โมนคอร์ติซอลออกมาให้คุณอยากอาหาร จนอาจก่อให้เกิด ‘โรคกินไม่หยุด’","161","","https://www.thrivewellnessth.com/post/cortisol","https://static.wixstatic.com/media/d03445_0ecec84d243a41ef9bf72f7af5d1bdf7~mv2.jpg/v1/fill/w_1000,h_563,al_c,q_85,usm_0.66_1.00_0.01/d03445_0ecec84d243a41ef9bf72f7af5d1bdf7~mv2.jpg","","1","Cortisol ฮอร์โมนที่ดูซีรีส์พระรองไม่ถูกเลือก หรือเหยียบเบรครถกระทันหัน ก็ถูกร่างกายเรียกใช้ซะแล้ว","BlogPosting Person itemPage ImageObject Organization","7577","23","3","116","1","1"
"https://www.thrivewellnessth.com/post/depressed-support","200","","https://www.thrivewellnessth.com/post/depressed-support","200","","3245","1159","เปลี่ยนซึมเศร้าเป็นสดใส ด้วย IV Drip สูตร Depressed Support","59","อีกหนึ่งทางเลือกสำหรับผู้ป่วยโรคซึมเศร้า หรือมีภาวะเครียดสะสม คือ IV Drip สูตร Depressed Support
วิตามินสูตรเฉพาะสำหรับผู้ที่มีภาวะซึมเศร้า หดหู่ วิตกกังวล","155","","https://www.thrivewellnessth.com/post/depressed-support","https://static.wixstatic.com/media/0828cb_cea11cae3edb44c79b53ed8bcddf4906~mv2.jpg/v1/fill/w_1000,h_563,al_c,q_85,usm_0.66_1.00_0.01/0828cb_cea11cae3edb44c79b53ed8bcddf4906~mv2.jpg","","1","เปลี่ยนซึมเศร้าเป็นสดใส ด้วย IV Drip สูตร Depressed Support","BlogPosting Person itemPage ImageObject Organization","5082","20","2","114","1","1"
"https://www.thrivewellnessth.com/post/depression","200","","https://www.thrivewellnessth.com/post/depression","200","","3138","1167","คุณกําลังเป็นโรคซึมเศร้าอยู่หรือเปล่า","37","โรคซึมเศร้า (Depression) คือโรคที่เกิดจากความไม่สมดุลของสารสื่อประสาททั้งหมด 3 ชนิด ได้แก่ ซีโรโตนิน(Serotonin), นอร์เอพิเนฟริน (norepinephrine) และ โดปามีน (dopamine) ซึ่งส่งผลต่ออาการผิดปกติทางด้านอารมณ์ และกระทบต่อความคิด ความรู้สึก","235","","https://www.thrivewellnessth.com/post/depression","https://static.wixstatic.com/media/0828cb_978f1d43683a47479552d623f59097fe~mv2.jpg/v1/fill/w_1000,h_563,al_c,q_85,usm_0.66_1.00_0.01/0828cb_978f1d43683a47479552d623f59097fe~mv2.jpg","","1","คุณกําลังเป็นโรคซึมเศร้าอยู่หรือเปล่า","BlogPosting Person itemPage ImageObject Organization","5248","22","2","115","1","1"
"https://www.thrivewellnessth.com/post/depression-vitamin","200","","https://www.thrivewellnessth.com/post/depression-vitamin","200","","558","1157","วิตามินที่ช่วยบรรเทาภาวะซึมเศร้า","32","สำหรับคนเป็นภาวะซึมเศร้านอกจากจะบำบัดผู้ป่วยทางด้านจิตใจและปัญหาทางอารมณ์แล้ว การเสริมวิตามินก็สำคัญเพราะคนที่เป็นโรคซึมเศร้าส่วนใหญ่มักพบว่าร่างกายขาดวิตามินที่ทำให้อาการของผู้ป่วยแย่ลง","186","","https://www.thrivewellnessth.com/post/depression-vitamin","https://static.wixstatic.com/media/0828cb_f9e3c09af3a84f89a92bc094486959d2~mv2.jpg/v1/fill/w_1000,h_563,al_c,q_85,usm_0.66_1.00_0.01/0828cb_f9e3c09af3a84f89a92bc094486959d2~mv2.jpg","","1","วิตามินที่ช่วยบรรเทาภาวะซึมเศร้า","BlogPosting Person itemPage ImageObject Organization","5411","20","2","116","1","1"
"https://www.thrivewellnessth.com/post/detox","200","","https://www.thrivewellnessth.com/post/detox","200","","3206","1192","ทางเลือกการดีท็อกซ์ ที่ไม่จำเป็นต้องสวนล้างให้น่ากลัว","53","ปัญหาถ่ายไม่ออก ท้องผูก ขับถ่ายไม่เป็นเวลามักวนเวียนและกวนใจอยู่เป็นประจำ การหาทานยาระบายก็ไม่เป็นผล ลองทางเลือกของการดีท็อกซ์ลำไส้ ที่ช่วยเสริมสร้างสุขภาพลำไส้ให้สมดุลและลดปัญหาผิวได้ด้วยค่ะ","191","","https://www.thrivewellnessth.com/post/detox","https://static.wixstatic.com/media/d03445_ccfb7cb67e4d4f1eab780b2f630d4eda~mv2.jpg/v1/fill/w_1000,h_667,al_c,q_85,usm_0.66_1.00_0.01/d03445_ccfb7cb67e4d4f1eab780b2f630d4eda~mv2.jpg","","1","ทางเลือกการดีท็อกซ์ ที่ไม่จำเป็นต้องสวนล้างให้น่ากลัว","BlogPosting Person itemPage ImageObject Organization","6804","24","2","122","1","1"
"https://www.thrivewellnessth.com/post/detox-boost-brain","200","","https://www.thrivewellnessth.com/post/detox-boost-brain","200","","240","1159","Detox และ Boost สมองได้ด้วยการออกกำลังกาย","41","ปัจจุบันประโยชน์ที่ได้รับจากการออกกำลังกายนั้นมีมากมาย นอกจากช่วยให้สุขภาพดีขึ้น ควบคุมน้ำหนักแล้ว ยังมีประโยชน์มากต่อสมองอีกด้วย ทันทีที่เราออกกำลังกายคือเราจะมีอารมณ์ที่ดีขึ้นและรับมือกับความเครียดได้ดียิ่งขึ้น จากการศึกษาของนักประสาทวิทยาพบว่าการออกกำลังกายจะช่วยเพิ่มสารสื่อประสาท (Neurotransmitter)","303","","https://www.thrivewellnessth.com/post/detox-boost-brain","https://static.wixstatic.com/media/11062b_fa515a607d3d4d2fbfb804657ee345ad~mv2_d_7360_4912_s_4_2.jpg/v1/fill/w_1000,h_667,al_c,q_85,usm_0.66_1.00_0.01/11062b_fa515a607d3d4d2fbfb804657ee345ad~mv2_d_7360_4912_s_4_2.jpg","","1","Detox และ Boost สมองได้ด้วยการออกกำลังกาย","BlogPosting Person itemPage ImageObject Organization","4461","19","2","114","1","1"
"https://www.thrivewellnessth.com/post/detoxและboostสมองด้วยการออกกำลังกาย","200","","https://www.thrivewellnessth.com/post/detox%E0%B9%81%E0%B8%A5%E0%B8%B0boost%E0%B8%AA%E0%B8%A1%E0%B8%AD%E0%B8%87%E0%B8%94%E0%B9%89%E0%B8%A7%E0%B8%A2%E0%B8%81%E0%B8%B2%E0%B8%A3%E0%B8%AD%E0%B8%AD%E0%B8%81%E0%B8%81%E0%B8%B3%E0%B8%A5%E0%B8%B1%E0%B8%87%E0%B8%81%E0%B8%B2%E0%B8%A2","200","","3475","1161","Detox และ Boost สมองด้วยการออกกำลังกาย","38","","0","","https://www.thrivewellnessth.com/post/detoxและboostสมองด้วยการออกกำลังกาย","https://static.wixstatic.com/media/989780_12d89e00fdde4e278cf01269fdbffd69~mv2_d_6016_4016_s_4_2.jpeg/v1/fill/w_1000,h_668,al_c,q_85,usm_0.66_1.00_0.01/989780_12d89e00fdde4e278cf01269fdbffd69~mv2_d_6016_4016_s_4_2.jpeg","","1","Detox และ Boost สมองด้วยการออกกำลังกาย","BlogPosting Person itemPage ImageObject Organization","4184","19","3","114","1","1"
"https://www.thrivewellnessth.com/post/diabetes-mellitus","200","","https://www.thrivewellnessth.com/post/diabetes-mellitus","200","","3449","1180","ชวนรู้จักโรคเบาหวาน เพราะอะไรทำไมถึงควรเบา","42","โรคเบาหวาน (Diabetes mellitus) คือ โรคที่มีระดับน้ำตาลในกระแสเลือดสูงกว่าปกติ ซ้ำยังตับอ่อนทำงานผิดปกติฮอร์โมนอินซูลินบกพร่อง ทำให้ร่างกายไม่สามารถเปลี่ยนน้ำตาลไปเผาผลาญเป็นพลังงานได้","183","","https://www.thrivewellnessth.com/post/diabetes-mellitus","https://static.wixstatic.com/media/8a2520_e131cb08ea63437799359728a015ba4f~mv2.jpg/v1/fill/w_1000,h_563,al_c,q_85,usm_0.66_1.00_0.01/8a2520_e131cb08ea63437799359728a015ba4f~mv2.jpg","","1","ชวนรู้จักโรคเบาหวาน เพราะอะไรทำไมถึงควรเบา","BlogPosting Person itemPage ImageObject Organization","6306","20","4","116","1","1"
"https://www.thrivewellnessth.com/post/dryskin","200","","https://www.thrivewellnessth.com/post/dryskin","200","","2300","1180","การดูแลผิวสำหรับคนผิวแห้ง พร้อมเคล็บลับคงความชุ่มชื้นให้กับผิว","62","ผิวแห้ง คือ ผิวที่มีความแห้งตึงหลังจากอาบน้ำหรือล้างหน้า เนื่องจากผิวไม่มีความมันเกาะบริเวณชั้นผิวทำให้ผิวขาดความชุ่มชื้น เป็นผลทำให้สภาพผิวเกิดความแห้งกร้าน ผิวลอกเป็นขุยจนเห็นได้ชัดเจน","186","","https://www.thrivewellnessth.com/post/dryskin","https://static.wixstatic.com/media/0828cb_00b740668c204179818fd845b5c19f59~mv2.jpg/v1/fill/w_1000,h_563,al_c,q_85,usm_0.66_1.00_0.01/0828cb_00b740668c204179818fd845b5c19f59~mv2.jpg","","1","การดูแลผิวสำหรับคนผิวแห้ง พร้อมเคล็บลับคงความชุ่มชื้นให้กับผิว","BlogPosting Person itemPage ImageObject Organization","7367","23","2","117","2","1"
"https://www.thrivewellnessth.com/post/dullface-stress","200","","https://www.thrivewellnessth.com/post/dullface-stress","200","","3805","1176","หน้าดำ หน้าหมองคล้ำ เพราะเครียดเกินไปหรือเปล่า","46","หลายๆคนอาจจะกำลังเจอกับปัญหาหน้าหมองคล้ำแบบไม่ทราบสาเหตุ ทั้งที่ดูแลร่างกายอย่างดีใช้ครีมบำรุงเป็นประจำแต่หน้ากลับดูไม่สดใส อาจเป็นสัญญาณที่บ่งบอกถึงความผิดปกติหรือการใช้ชีวิตประจำวันแบบผิดๆ เช่น","195","","https://www.thrivewellnessth.com/post/dullface-stress","https://static.wixstatic.com/media/0828cb_4bd1925450e1401fb79801a2b523a5f8~mv2.jpg/v1/fill/w_1000,h_563,al_c,q_85,usm_0.66_1.00_0.01/0828cb_4bd1925450e1401fb79801a2b523a5f8~mv2.jpg","","1","หน้าดำ หน้าหมองคล้ำ เพราะเครียดเกินไปหรือเปล่า","BlogPosting Person itemPage ImageObject Organization","8758","22","2","117","1","1"
"https://www.thrivewellnessth.com/post/epigenetics-การควบคุมเหนือ-dna","200","","https://www.thrivewellnessth.com/post/epigenetics-%E0%B8%81%E0%B8%B2%E0%B8%A3%E0%B8%84%E0%B8%A7%E0%B8%9A%E0%B8%84%E0%B8%B8%E0%B8%A1%E0%B9%80%E0%B8%AB%E0%B8%99%E0%B8%B7%E0%B8%AD-dna","200","","3153","1163","Epigenetics การควบคุมเหนือ DNA","30","","0","","https://www.thrivewellnessth.com/post/epigenetics-การควบคุมเหนือ-dna","https://static.wixstatic.com/media/4f0e22_47c88883f012467eac22e62cbce61a47~mv2.png/v1/fill/w_744,h_1000,al_c,q_90,usm_0.66_1.00_0.01/4f0e22_47c88883f012467eac22e62cbce61a47~mv2.png","","1","Epigenetics การควบคุมเหนือ DNA","BlogPosting Person itemPage ImageObject Organization","5310","19","4","114","1","1"
"https://www.thrivewellnessth.com/post/estrogen","200","","https://www.thrivewellnessth.com/post/estrogen","200","","4009","1200","ใช้ฮอร์โมนเสี่ยงมะเร็ง?! ทำความเข้าใจ Estrogen กันดีกว่าค่ะ","59","Estrogen (เอสโตรเจน) เป็นฮอร์โมนสำคัญแห่งความเป็นผู้หญิง รวทั้งดูแลการทำงานของกระดูก กล้ามเนื้อ สมอง และหัวใจอีกด้วย ในเพศชายเองก็มีเอสโตรเจนด้วยเช่นกัน","152","","https://www.thrivewellnessth.com/post/estrogen","https://static.wixstatic.com/media/d03445_9d8bb85f44424d34b4aefdde774d7e1d~mv2.jpg/v1/fill/w_1000,h_563,al_c,q_85,usm_0.66_1.00_0.01/d03445_9d8bb85f44424d34b4aefdde774d7e1d~mv2.jpg","","1","Estrogen ฮอร์โมนความเป็นหญิง ที่ไม่ได้สำคัญแค่เพศหญิง","BlogPosting Person itemPage ImageObject Organization","9007","23","3","117","1","1"
"https://www.thrivewellnessth.com/post/fasting","200","","https://www.thrivewellnessth.com/post/fasting","200","","3946","1171","ทานอาหาร 3 มื้อ จำเป็นไหม? ในเมื่อ Intermittent Fasting (IF) อดอาหาร ดีกับร่างกายเรา?","85","","0","","https://www.thrivewellnessth.com/post/fasting","https://static.wixstatic.com/media/8a2520_1ceaaa13e38a497abfa300d561bacaa0~mv2.jpg/v1/fill/w_1000,h_563,al_c,q_85,usm_0.66_1.00_0.01/8a2520_1ceaaa13e38a497abfa300d561bacaa0~mv2.jpg","","1","ทานอาหาร 3 มื้อ จำเป็นไหม? ในเมื่อ Fasting อดอาหาร ดีกับร่างกายเรา?","BlogPosting Person itemPage ImageObject Organization","6924","20","4","115","1","1"
"https://www.thrivewellnessth.com/post/fatty-liver","200","","https://www.thrivewellnessth.com/post/fatty-liver","200","","450","1176","ไขมันพอกตับ โรคที่ไม่ทันรู้ตัว","30","สายดื่มหนัก รักของทอด ของหวานเลิฟเวอร์ เมื่อรับประทานบ่อย ๆ เสี่ยงไขมันสูง ยิ่งเมื่ออายุเยอะการเผาผลาญไขมันยิ่งทำได้ไม่ดี จนอาจเกิดภาวะไขมันพอกตับที่ไม่มีอาการเจ็บป่วยเป็นสัญญาณเตือน","182","","https://www.thrivewellnessth.com/post/fatty-liver","https://static.wixstatic.com/media/d03445_fc06b863087a4f2c9f02a7cde1f2fb36~mv2.jpg/v1/fill/w_1000,h_563,al_c,q_85,usm_0.66_1.00_0.01/d03445_fc06b863087a4f2c9f02a7cde1f2fb36~mv2.jpg","","1","ไขมันพอกตับ โรคที่ไม่ทันรู้ตัว","BlogPosting Person itemPage ImageObject Organization","5982","21","2","118","1","1"
"https://www.thrivewellnessth.com/post/femaleshormones","200","","https://www.thrivewellnessth.com/post/femaleshormones","200","","225","1194","ฮอร์โมนเพศหญิง ที่ผู้หญิงทุกคนต้องรู้จัก","40","ไธรฟ์ เวลเนส คลินิก พามาทำความรู้จัก 4 ฮอร์โมนที่สำคัญต่อเพศหญิง ว่ามีการทำงานที่ส่งผลต่อกันอย่างไรบ้าง ถึงจะทำให้ร่างกายคุณสุขภาพดี","132","","https://www.thrivewellnessth.com/post/femaleshormones","https://static.wixstatic.com/media/d03445_bf6f23dd4eaa4494a524741f80d87dd5~mv2.jpg/v1/fill/w_1000,h_563,al_c,q_85,usm_0.66_1.00_0.01/d03445_bf6f23dd4eaa4494a524741f80d87dd5~mv2.jpg","","1","ฮอร์โมนเพศหญิง ที่ผู้หญิงทุกคนต้องรู้จัก","BlogPosting Person itemPage ImageObject Organization","7446","23","2","119","1","1"
"https://www.thrivewellnessth.com/post/fiber","200","","https://www.thrivewellnessth.com/post/fiber","200","","3578","1198","ไฟเบอร์ อาหารกินง่ายแถมได้ 0 แคลฯ","33","ร่างกายย่อย ไฟเบอร์ ไม่ได้ จึงทำให้ไฟเบอร์                              แทบจะให้พลังงานเป็น 0 แคลอรี่!!”","104","","https://www.thrivewellnessth.com/post/fiber","https://static.wixstatic.com/media/d03445_7d4dcad28a7044d2820ff33487fd4b45~mv2.jpg/v1/fill/w_1000,h_563,al_c,q_85,usm_0.66_1.00_0.01/d03445_7d4dcad28a7044d2820ff33487fd4b45~mv2.jpg","","1","ไฟเบอร์ อาหารกินง่ายแถมได้ 0 แคลฯ","BlogPosting Person itemPage ImageObject Organization","7162","20","3","113","1","1"
"https://www.thrivewellnessth.com/post/filorgaorfiller","200","","https://www.thrivewellnessth.com/post/filorgaorfiller","200","","321","1178","Filorga หรือ Filler ฉีดแบบไหน? ตอบโจทย์คนใต้ตาคล้ำ จากนอนไม่พอ","62","ใต้ตาคล้ำแบบนี้ แก้ปัญหาอย่างไรดี เพราะหัตถการที่ฉีดมีหลากหลาย Filorga & Filler ใต้ตาคล้ำตัวไหนถึงเหมาะสมและเข้ากับคุณมากที่สุด ไธรฟ์ เวลเนส คลินิก มีคำตอบ","155","","https://www.thrivewellnessth.com/post/filorgaorfiller","https://static.wixstatic.com/media/d03445_45beed3ebedb4a5b8b5b7b9df09dc814~mv2.jpg/v1/fill/w_1000,h_500,al_c,q_85,usm_0.66_1.00_0.01/d03445_45beed3ebedb4a5b8b5b7b9df09dc814~mv2.jpg","","1","Filorga หรือ Filler ฉีดแบบไหน? ตอบโจทย์คนใต้ตาคล้ำ จากนอนไม่พอ","BlogPosting Person itemPage ImageObject Organization","5518","21","2","118","1","1"
"https://www.thrivewellnessth.com/post/fit-test-ตรวจภูมิแพ้อาหารแฝง-advanced","200","","https://www.thrivewellnessth.com/post/fit-test-%E0%B8%95%E0%B8%A3%E0%B8%A7%E0%B8%88%E0%B8%A0%E0%B8%B9%E0%B8%A1%E0%B8%B4%E0%B9%81%E0%B8%9E%E0%B9%89%E0%B8%AD%E0%B8%B2%E0%B8%AB%E0%B8%B2%E0%B8%A3%E0%B9%81%E0%B8%9D%E0%B8%87-advanced","200","","4202","1164","FIT TEST การตรวจภูมิแพ้อาหารแฝงแบบAdvanced ด้วยเทคโนโลยีใหม่","60","","0","","https://www.thrivewellnessth.com/post/fit-test-ตรวจภูมิแพ้อาหารแฝง-advanced","https://static.wixstatic.com/media/4f0e22_b1b95d248d254c66a2be5fafb33a2def~mv2.png/v1/fill/w_799,h_450,al_c,lg_1,q_85/4f0e22_b1b95d248d254c66a2be5fafb33a2def~mv2.png","","1","FIT TEST การตรวจภูมิแพ้อาหารแฝงแบบAdvanced ด้วยเทคโนโลยีใหม่","BlogPosting Person itemPage ImageObject Organization","3958","20","4","115","1","1"
"https://www.thrivewellnessth.com/post/food-allergy-vs-food-intolerance","200","","https://www.thrivewellnessth.com/post/food-allergy-vs-food-intolerance","200","","3821","1160","โรคภูมิแพ้หรือภูมิแพ้อาหารแฝง ต่างกันอย่างไร?","45","","0","","https://www.thrivewellnessth.com/post/food-allergy-vs-food-intolerance","https://static.wixstatic.com/media/d03445_48a0bcccf35140aab45ad1f11885337e~mv2.jpg/v1/fill/w_1000,h_563,al_c,q_85,usm_0.66_1.00_0.01/d03445_48a0bcccf35140aab45ad1f11885337e~mv2.jpg","","1","โรคภูมิแพ้หรือ ภูมิแพ้อาหารแฝง ต่างกันอย่างไร?","BlogPosting Person itemPage ImageObject Organization","5204","19","2","114","1","1"
"https://www.thrivewellnessth.com/post/food-burn-fat","200","","https://www.thrivewellnessth.com/post/food-burn-fat","200","","455","1178","อาหารสำหรับ Burn Fat","20","อ้วนไม่ไหว รู้สึกตัวแน่นๆ เพราะชาบู หมูกะทะ แน่ๆ แต่รู้หรือไม่? การลดน้ำหนักที่ดีก็เริ่มต้นได้จากอาหารที่ทาน ทั้งเสริมการเผาผลาญให้ร่างกาย Burn Fat ออกไป มาเลือกเมนู #วันนี้กินไรดี ที่เหมาะกับคนไม่มีเวลาออกกำลังกายกันค่ะ","220","","https://www.thrivewellnessth.com/post/food-burn-fat","https://static.wixstatic.com/media/d03445_749716c8d6cb49b3a8d8174e294568c6~mv2.jpg/v1/fill/w_1000,h_563,al_c,q_85,usm_0.66_1.00_0.01/d03445_749716c8d6cb49b3a8d8174e294568c6~mv2.jpg","","1","อาหารสำหรับ Burn Fat","BlogPosting Person itemPage ImageObject Organization","6346","19","2","127","1","1"
"https://www.thrivewellnessth.com/post/food-intolerance","200","","https://www.thrivewellnessth.com/post/food-intolerance","200","","3448","1174","ความแตกต่าง ภูมิแพ้อาหารแฝง กับ ภูมิแพ้เฉียบพลัน","48","แพ้แบบไหนคืออะไรกันแน่ สับสนไปหมด เพราะมีอาการผื่นแพ้ ปวดท้อง คันตา แล้วก็ไม่รู้เกิดจากอาหารหรืออะไร มาทำความเข้าใจความแต่งต่างระหว่าง ภูมิแพ้อาหารแฝง (Food Intolerance) กับ ภูมิแพ้เฉียบพลัน (Food Allergy) กันก่อน จะได้เลือกตรวจถูกค่ะ","234","","https://www.thrivewellnessth.com/post/food-intolerance","https://static.wixstatic.com/media/0828cb_3bc43d41185f4596871ec7d221c90927~mv2.jpg/v1/fill/w_1000,h_563,al_c,q_85,usm_0.66_1.00_0.01/0828cb_3bc43d41185f4596871ec7d221c90927~mv2.jpg","","1","ความแตกต่าง ภูมิแพ้อาหารแฝง กับ ภูมิแพ้เฉียบพลัน","BlogPosting Person itemPage ImageObject Organization","7494","21","2","114","2","1"
"https://www.thrivewellnessth.com/post/fruit-with-happiness","200","","https://www.thrivewellnessth.com/post/fruit-with-happiness","200","","211","1172","ทานผลไม้ก็สร้างความสุขได้ เพราะมีสารแห่งความสุข","47","ไม่มีความสุขเลยทำอย่างไรดี? ซึม เพลีย เครียดๆ อย่าเพิ่งเติมความสดชื่นด้วยน้ำหวานแก้วโปรด เพราะอาจไม่ช่วยและยังเสี่ยงเบาหวาน โรคอ้วน ความดัน มาเพิ่มความสุข คลายเครียด ด้วยการทานผลไม้ พร้อมรับ Summer แถมดีต่อจิตใจ","211","","https://www.thrivewellnessth.com/post/fruit-with-happiness","https://static.wixstatic.com/media/d03445_b407113b44574deaac94d4f70a902fb8~mv2.jpg/v1/fill/w_1000,h_563,al_c,q_85,usm_0.66_1.00_0.01/d03445_b407113b44574deaac94d4f70a902fb8~mv2.jpg","","1","ทานผลไม้ก็สร้างความสุขได้ เพราะมีสารแห่งความสุข","BlogPosting Person itemPage ImageObject Organization","4733","22","2","124","1","1"
"https://www.thrivewellnessth.com/post/gos-fiber","200","","https://www.thrivewellnessth.com/post/gos-fiber","200","","257","1180","GOS ไฟเบอร์สำคัญที่เด็กต้องใช้ ผู้ใหญ่ก็ต้องการ","47","Gos คือ Galacto-Oligosaccharides เป็นไฟเบอร์ชนิดหนึ่ง ที่ได้จากน้ำตาลและนม ร่างกายไม่สามารถย่อยสลายได้ เป็นอาหารให้แก่จุลินทรีย์ที่ดีให้กับร่างกายของคุณ","152","","https://www.thrivewellnessth.com/post/gos-fiber","https://static.wixstatic.com/media/989780_874d6b6752a34f7a96dba958d3999fde~mv2.jpg/v1/fill/w_1000,h_1000,al_c,q_85,usm_0.66_1.00_0.01/989780_874d6b6752a34f7a96dba958d3999fde~mv2.jpg","","1","OH MY GOD! ชวนรู้จัก GOS ไฟเบอร์ขั้นสุดยอด!ให้คุณถ่ายง่าย ถ่ายคล่อง ท้องไม่อืด","BlogPosting Person itemPage ImageObject Organization","6110","20","3","118","1","1"
"https://www.thrivewellnessth.com/post/growth-factor","200","","https://www.thrivewellnessth.com/post/growth-factor","200","","223","1159","Growth factor คืออะไร ประโยชน์ที่มีมากกว่าด้านรักษา","51","Growth Factor คือสารที่เกิดขึ้นเองตามธรรมชาติในร่างกายค่ะ เป็นสารที่มีความจำเป็นต่อการดำรงชีวิต สามารถกระตุ้นการเจริญเติบโตของเซลล์ ปัจจุบันมีการนำ Growth Factor มาใช้ในเวชศาสตร์ชะลอวัย (Anti-aging Medicine) โดยสกัด Growth factor จาก Placenta (พลาเซนต้า) Placenta คือ รก มีส่วนสำคัญในการสร้างเซลล์","297","","https://www.thrivewellnessth.com/post/growth-factor","https://static.wixstatic.com/media/d03445_521d215a38f544389ec78ebee2e13e31~mv2.jpg/v1/fill/w_1000,h_563,al_c,q_85,usm_0.66_1.00_0.01/d03445_521d215a38f544389ec78ebee2e13e31~mv2.jpg","","1","Growth factor คืออะไร","BlogPosting Person itemPage ImageObject Organization","5061","19","2","113","1","1"
"https://www.thrivewellnessth.com/post/growth-hormone","200","","https://www.thrivewellnessth.com/post/growth-hormone","200","","581","1179","โกรทฮอร์​โมน (GROWTH HORMONE) ฮอร์โมนสำคัญที่สุดตัวหนึ่งของร่างกาย","66","","0","","https://www.thrivewellnessth.com/post/growth-hormone","https://static.wixstatic.com/media/ff05fad2e9204f37b480d0b055fbd4d9.jpg/v1/fill/w_1000,h_667,al_c,q_85,usm_0.66_1.00_0.01/ff05fad2e9204f37b480d0b055fbd4d9.jpg","","1","โกรทฮอร์​โมน (GROWTH HORMONE) ฮอร์โมนสำคัญที่สุดตัวหนึ่งของร่างกาย","BlogPosting Person itemPage ImageObject Organization","6455","21","2","114","1","1"
"https://www.thrivewellnessth.com/post/growth-hormone-2","200","","https://www.thrivewellnessth.com/post/growth-hormone-2","200","","237","1193","โกรทฮอร์โมนลดลง กับผิวแตกลายงาที่แก้ไม่หาย?","43","อย่าคิดว่าโกรทฮอร์โมนนั้นจำเป็นกับเด็กๆหรือวัยรุ่นเท่านั้น แต่ในผู้ใหญ่โกรทฮอร์โทนก็จำเป็นกับสุขภาพผิว สุขภาพกาย ไม่ว่าจะเป็นการนอนหรือการเสริมสร้างภูมิคุ้มกัน!","160","","https://www.thrivewellnessth.com/post/growth-hormone-2","https://static.wixstatic.com/media/d03445_e3075d5337af4362bb695baad849ef2e~mv2.jpg/v1/fill/w_1000,h_563,al_c,q_85,usm_0.66_1.00_0.01/d03445_e3075d5337af4362bb695baad849ef2e~mv2.jpg","","1","ผิวแห้ง แตกลาย แค่เปลี่ยนโลชั่นอาจไม่เป็นผล เพราะโกรทฮอร์โมนลดน้อยลงต่างหาก","BlogPosting Person itemPage ImageObject Organization","7129","24","3","117","1","1"
"https://www.thrivewellnessth.com/post/้hairloss","200","","https://www.thrivewellnessth.com/post/%E0%B9%89hairloss","200","","3523","1193","สาเหตุผมร่วง ผมบาง จากฮอร์โมนเปลี่ยนแปลง","40","ถ่ายรูปมุมสูงทีไร สูญเสียความมั่นใจบ่อย ๆ เมื่อผมที่เคยหนาเริ่มหลุดร่วงยิ่งอายุเพิ่มขึ้นฮอร์โมนร่างกายมีความเปลี่ยนแปลง รู้สึกผมบางลง สระผมแต่ละทีผมร่วงเป็นกระจุก หรือเมื่อตื่นนอนทุกเช้ามีเส้นผมหลุดกองอยู่ เพราะเหตุใด ทำไมจึงเป็นเช่นนั้น?","238","","https://www.thrivewellnessth.com/post/้hairloss","https://static.wixstatic.com/media/d03445_ae4a23820b344692be279d213b675171~mv2.jpg/v1/fill/w_1000,h_563,al_c,q_85,usm_0.66_1.00_0.01/d03445_ae4a23820b344692be279d213b675171~mv2.jpg","","1","สาเหตุผมร่วง ผมบาง จากฮอร์โมนเปลี่ยนแปลง","BlogPosting Person itemPage ImageObject Organization","7043","25","2","118","1","1"
"https://www.thrivewellnessth.com/post/hangover","200","","https://www.thrivewellnessth.com/post/hangover","200","","3302","1200","ทำไมต้องแฮงค์เหล้าปฏิกิริยาร่างกายเมื่อแอลกอฮอล์เข้าเส้น","56","ไม่ว่าฝึกคอแข็งมานานแค่ไหน แต่ก็ยังถูกจัดอยู่ในจำพวกคนแฮงค์เหล้าอยู่ดี? ทำไมบางคนถึงไม่แฮงค์ และทำไมเราถึงแฮงค์ได้ทุกครั้งที่ดื่ม","129","","https://www.thrivewellnessth.com/post/hangover","https://static.wixstatic.com/media/d03445_b80cb1eefa5f4b488355d512811b3433~mv2.jpg/v1/fill/w_1000,h_563,al_c,q_85,usm_0.66_1.00_0.01/d03445_b80cb1eefa5f4b488355d512811b3433~mv2.jpg","","1","ทำไมต้องแฮงค์เหล้าปฏิกิริยาร่างกายเมื่อแอลกอฮอล์เข้าเส้น","BlogPosting Person itemPage ImageObject Organization","7940","23","2","121","1","1"
"https://www.thrivewellnessth.com/post/hard-workout-but-weight-control","200","","https://www.thrivewellnessth.com/post/hard-workout-but-weight-control","200","","342","1187","ออกกำลังอย่างหนัก แต่น้ำหนักก็ยังเป็นปัญหาหนักใจ","48","ปัญหาการลดน้ำหนักไม่ประสบผลสำเร็จ ส่วนหนึ่งมากจากระบบการทำงานของร่างกายที่ไม่สมบูรณ์ แม้ว่าคุณจะพยายามมากสักแค่ไหน แต่ร่างกายคุณไม่ร่วมมือกับคุณ ลองมาดูกันที่สาเหตุที่ทำให้ ออกกำลังเท่าไหร่น้ำหนักก็ไม่ลดสักที ระบบการเผาผลาญ - ระบบเผาผลาญเสื่อมเป็นปัญหาที่เกิดจากภายใน หนึ่งในปัจจัยที่ทำให้การลดน้ำหนักล้มเหลว","308","","https://www.thrivewellnessth.com/post/hard-workout-but-weight-control","https://static.wixstatic.com/media/989780_2e59a09aec614524800198db43b72bd0~mv2.jpg/v1/fill/w_1000,h_1000,al_c,q_85,usm_0.66_1.00_0.01/989780_2e59a09aec614524800198db43b72bd0~mv2.jpg","","1","ออกกำลังอย่างหนัก แต่น้ำหนักก็ยังเป็นปัญหาหนักใจ","BlogPosting Person itemPage ImageObject Organization","6983","22","5","116","1","1"
"https://www.thrivewellnessth.com/post/hdl-ldl","200","","https://www.thrivewellnessth.com/post/hdl-ldl","200","","190","1189","ไขมันเหมือนกัน แต่ HDL และ LDL แตกต่างกันอย่างไร ร่างกายคุณถึงขาดๆ เกินๆ ไม่ได้","79","","0","","https://www.thrivewellnessth.com/post/hdl-ldl","https://static.wixstatic.com/media/d03445_d8f9bd3146524b858da41f6970264eed~mv2.jpg/v1/fill/w_1000,h_563,al_c,q_85,usm_0.66_1.00_0.01/d03445_d8f9bd3146524b858da41f6970264eed~mv2.jpg","","1","ไขมันเหมือนกัน แต่ HDL และ LDL แตกต่างกันอย่างไร ร่างกายคุณถึงขาดๆ เกินๆ ไม่ได้","BlogPosting Person itemPage ImageObject Organization","5637","26","3","116","1","1"
"https://www.thrivewellnessth.com/post/health-hack-by-thrive-ep-1-your-gut-is-your-second-brain","200","","https://www.thrivewellnessth.com/post/health-hack-by-thrive-ep-1-your-gut-is-your-second-brain","200","","3712","1155","Health Hack by Thrive - Ep.1 Your Gut is your second brain","58","ลำไส้คือสมองที่2ของคุณ !?","25","","https://www.thrivewellnessth.com/post/health-hack-by-thrive-ep-1-your-gut-is-your-second-brain","https://i.ytimg.com/vi/w3bvmhO_Z38/sddefault.jpg","","1","Health Hack by Thrive - Ep.1 Your Gut is your second brain","BlogPosting Person itemPage ImageObject Organization","5315","18","2","114","1","1"
"https://www.thrivewellnessth.com/post/healthy-food-ตอน-กล้วย","200","","https://www.thrivewellnessth.com/post/healthy-food-%E0%B8%95%E0%B8%AD%E0%B8%99-%E0%B8%81%E0%B8%A5%E0%B9%89%E0%B8%A7%E0%B8%A2","200","","3794","1174","Healthy Food ตอนที่ 6 กล้วย มีไฟเบอร์ชนิดพิเศษ และ prebiotics","61","","0","","https://www.thrivewellnessth.com/post/healthy-food-ตอน-กล้วย","https://static.wixstatic.com/media/nsplsh_73665f315a444131594677~mv2_d_5827_3602_s_4_2.jpg/v1/fill/w_1000,h_618,al_c,q_85,usm_0.66_1.00_0.01/nsplsh_73665f315a444131594677~mv2_d_5827_3602_s_4_2.jpg","","1","Healthy Food ตอนที่ 6 กล้วย","BlogPosting Person itemPage ImageObject Organization","3539","22","6","114","1","1"
"https://www.thrivewellnessth.com/post/healthy-food-ตอนท-4-artichoke","200","","https://www.thrivewellnessth.com/post/healthy-food-%E0%B8%95%E0%B8%AD%E0%B8%99%E0%B8%97-4-artichoke","200","","3729","1159","Healthy Food ตอนที่ 4 ARTICHOKE","31","","0","","https://www.thrivewellnessth.com/post/healthy-food-ตอนท-4-artichoke","https://static.wixstatic.com/media/8de43bddff14444dbd997f4231ba3b5c.jpg/v1/fill/w_1000,h_651,al_c,q_85,usm_0.66_1.00_0.01/8de43bddff14444dbd997f4231ba3b5c.jpg","","1","Healthy Food ตอนที่ 4 ARTICHOKE","BlogPosting Person itemPage ImageObject Organization","4359","20","4","114","1","1"
"https://www.thrivewellnessth.com/post/healthy-food-ตอนที่-7-beetroot","200","","https://www.thrivewellnessth.com/post/healthy-food-%E0%B8%95%E0%B8%AD%E0%B8%99%E0%B8%97%E0%B8%B5%E0%B9%88-7-beetroot","200","","3495","1179","Healthy Food ตอนที่ 7 Beetroot Good for you","43","","0","","https://www.thrivewellnessth.com/post/healthy-food-ตอนที่-7-beetroot","https://static.wixstatic.com/media/11062b_e9fa2e0f96064f0fbacb9f29005f5157~mv2_d_6016_4000_s_4_2.jpg/v1/fill/w_1000,h_665,al_c,q_85,usm_0.66_1.00_0.01/11062b_e9fa2e0f96064f0fbacb9f29005f5157~mv2_d_6016_4000_s_4_2.jpg","","1","Healthy Food ตอนที่ 7 Beetroot Good for you","BlogPosting Person itemPage ImageObject Organization","3628","22","5","114","1","1"
"https://www.thrivewellnessth.com/post/healthy-food-ตอนที่5-avocado","200","","https://www.thrivewellnessth.com/post/healthy-food-%E0%B8%95%E0%B8%AD%E0%B8%99%E0%B8%97%E0%B8%B5%E0%B9%885-avocado","200","","3476","1179","Healthy food ตอนที่ 5 Avocado อะโวคาโด กินยังไงและดียังไง","57","","0","","https://www.thrivewellnessth.com/post/healthy-food-ตอนที่5-avocado","https://static.wixstatic.com/media/17674a1a83944a63af3c5cfc4facb395.jpg/v1/fill/w_1000,h_750,al_c,q_85,usm_0.66_1.00_0.01/17674a1a83944a63af3c5cfc4facb395.jpg","","1","Healthy food ตอนที่ 5 Avocado","BlogPosting Person itemPage ImageObject Organization","4778","22","6","114","1","1"
"https://www.thrivewellnessth.com/post/healthy-trend-2022","200","","https://www.thrivewellnessth.com/post/healthy-trend-2022","200","","3331","1168","Healthy Trend 2022 | Thrive Wellness Center | เดอะ คริสตัล","58","เทรนด์สุขภาพปี 2565 (2021) นับตั้งแต่ไวรัสระบาด โลกเราเปลี่ยนแปลงไปอย่างสิ้นเชิง ไธรฟ์ รวบรวม 5 เทรนด์สุขภาพในปีหน้า เช่น Natural Immunity Booster, CBD, App, Plant-based food, และสมดุลลำไส้","189","","https://www.thrivewellnessth.com/post/healthy-trend-2022","https://static.wixstatic.com/media/fb4687a1234171ec701f550ff8084bc7.jpg/v1/fill/w_1000,h_667,al_c,q_85,usm_0.66_1.00_0.01/fb4687a1234171ec701f550ff8084bc7.jpg","","1","Healthy Trend 2022","BlogPosting Person itemPage ImageObject Organization","7055","19","3","116","1","1"
"https://www.thrivewellnessth.com/post/healthy-trend-ส-ขภาพด-ในป-2020","200","","https://www.thrivewellnessth.com/post/healthy-trend-%E0%B8%AA-%E0%B8%82%E0%B8%A0%E0%B8%B2%E0%B8%9E%E0%B8%94-%E0%B9%83%E0%B8%99%E0%B8%9B-2020","200","","3360","1155","Healthy Trend สุขภาพดีในปี 2020","31","","0","","https://www.thrivewellnessth.com/post/healthy-trend-ส-ขภาพด-ในป-2020","https://static.wixstatic.com/media/6ca8a51f320c41c39dfc14562b07115a.jpg/v1/fill/w_1000,h_667,al_c,q_85,usm_0.66_1.00_0.01/6ca8a51f320c41c39dfc14562b07115a.jpg","","1","Healthy Trend สุขภาพดีในปี 2020","BlogPosting Person itemPage ImageObject Organization","5466","19","3","113","1","1"
"https://www.thrivewellnessth.com/post/healthyfoodตอนที่3อัลมอนด์","200","","https://www.thrivewellnessth.com/post/healthyfood%E0%B8%95%E0%B8%AD%E0%B8%99%E0%B8%97%E0%B8%B5%E0%B9%883%E0%B8%AD%E0%B8%B1%E0%B8%A5%E0%B8%A1%E0%B8%AD%E0%B8%99%E0%B8%94%E0%B9%8C","200","","536","1162","Healthy Food ตอนที่ 3 อัลมอนด์อร่อยดี มีประโยชน์","48","","0","","https://www.thrivewellnessth.com/post/healthyfoodตอนที่3อัลมอนด์","https://static.wixstatic.com/media/8a2520_683fc985c93f414794978f900ff5876c~mv2_d_4272_2848_s_4_2.jpg/v1/fill/w_1000,h_667,al_c,q_85,usm_0.66_1.00_0.01/8a2520_683fc985c93f414794978f900ff5876c~mv2_d_4272_2848_s_4_2.jpg","","1","Healthy Food ตอนที่ 3 อัลมอนด์อร่อยดี มีประโยชน์","BlogPosting Person itemPage ImageObject Organization","3603","20","4","114","1","1"
"https://www.thrivewellnessth.com/post/heat-stroke-โรคลมแดดที่จำเป็นต้องใส่ใจ-เพราะคลื่นความร้อนในไทยน่ากลัวกว่าที่คิด","200","","https://www.thrivewellnessth.com/post/heat-stroke-%E0%B9%82%E0%B8%A3%E0%B8%84%E0%B8%A5%E0%B8%A1%E0%B9%81%E0%B8%94%E0%B8%94%E0%B8%97%E0%B8%B5%E0%B9%88%E0%B8%88%E0%B8%B3%E0%B9%80%E0%B8%9B%E0%B9%87%E0%B8%99%E0%B8%95%E0%B9%89%E0%B8%AD%E0%B8%87%E0%B9%83%E0%B8%AA%E0%B9%88%E0%B9%83%E0%B8%88-%E0%B9%80%E0%B8%9E%E0%B8%A3%E0%B8%B2%E0%B8%B0%E0%B8%84%E0%B8%A5%E0%B8%B7%E0%B9%88%E0%B8%99%E0%B8%84%E0%B8%A7%E0%B8%B2%E0%B8%A1%E0%B8%A3%E0%B9%89%E0%B8%AD%E0%B8%99%E0%B9%83%E0%B8%99%E0%B9%84%E0%B8%97%E0%B8%A2%E0%B8%99%E0%B9%88%E0%B8%B2%E0%B8%81%E0%B8%A5%E0%B8%B1%E0%B8%A7%E0%B8%81%E0%B8%A7%E0%B9%88%E0%B8%B2%E0%B8%97%E0%B8%B5%E0%B9%88%E0%B8%84%E0%B8%B4%E0%B8%94","200","","3983","1231","Heat Stroke โรคลมแดดต้องใส่ใจ เพราะคลื่นความร้อนน่ากลัวกว่าที่คิด","65","","0","","https://www.thrivewellnessth.com/post/heat-stroke-โรคลมแดดที่จำเป็นต้องใส่ใจ-เพราะคลื่นความร้อนในไทยน่ากลัวกว่าที่คิด","https://static.wixstatic.com/media/d03445_9d286b6811f04be58556b2d60d07888d~mv2.jpg/v1/fill/w_1000,h_563,al_c,q_85,usm_0.66_1.00_0.01/d03445_9d286b6811f04be58556b2d60d07888d~mv2.jpg","","1","Heat Stroke โรคลมแดดที่จำเป็นต้องใส่ใจ เพราะคลื่นความร้อนในไทยน่ากลัวกว่าที่คิด","BlogPosting Person itemPage ImageObject Organization","10160","23","3","116","1","1"
"https://www.thrivewellnessth.com/post/heavymetal","200","","https://www.thrivewellnessth.com/post/heavymetal","200","","3429","1168","สารพิษโลหะหนัก ที่ร่างกายไม่ต้องการแต่พบบ่อยที่สุด","50","โลหะหนัก (Heavy Metal) คือ ธาตุที่มีความเป็นโลหะ มีความหนาแน่นสูง มีคุณสมบัติถ่วงที่มากกว่าน้ำถึง 5 เท่า และพบได้ตามธรรมชาติทั่วไป หรือแม้แต่รอบๆตัวเรา ที่สำคัญ ฝุ่น PM2.5 ที่เราเจอกันทุกๆวันยังเต็มไปด้วยโลหะหนักเช่นกัน","219","","https://www.thrivewellnessth.com/post/heavymetal","https://static.wixstatic.com/media/0828cb_8b5367d3e15d488aa01c07d484e0a396~mv2.jpg/v1/fill/w_1000,h_563,al_c,q_85,usm_0.66_1.00_0.01/0828cb_8b5367d3e15d488aa01c07d484e0a396~mv2.jpg","","1","สารพิษโลหะหนัก ที่ร่างกายไม่ต้องการแต่พบบ่อยที่สุด","BlogPosting Person itemPage ImageObject Organization","5441","21","2","116","1","1"
"https://www.thrivewellnessth.com/post/herbal-compress-massage","200","","https://www.thrivewellnessth.com/post/herbal-compress-massage","200","","220","1179","นวดประคบร้อนแบบไทยๆ ดีอย่างไร","29","อาการปวดเมื่อย บ่า ไหล่ ตึง กล้ามเนื้อเกร็ง จากพฤติกรรมที่ร่างกายไม่ได้เกิดการขยับ เช่น นั่งทำงานนาน ขับรถนาน ท่านั่ง ท่ายืนไม่ถูกต้อง หรือไม่ได้ออกกำลังกายอย่างเป็นประจำทุกวัน ส่งผลให้การไหลเวียนของเลือดไม่สะดวก กล้ามเนื้อยึดตัว เกิดพังผืด ลองวิธีการนวดประคบร้อนแบบไทยๆ สามารถช่วยผ่อนคลายทางอารมณ์ กล้ามเนื้อ และเพิ่มการไหลเวียนเลือดให้ดีขึ้น","343","","https://www.thrivewellnessth.com/post/herbal-compress-massage","https://static.wixstatic.com/media/d03445_787cda4fd28740029ebe1909f7b2fcd1~mv2.jpg/v1/fill/w_1000,h_563,al_c,q_85,usm_0.66_1.00_0.01/d03445_787cda4fd28740029ebe1909f7b2fcd1~mv2.jpg","","1","นวดประคบร้อนแบบไทยๆ ดีอย่างไร","BlogPosting Person itemPage ImageObject Organization","4768","22","2","118","1","1"
"https://www.thrivewellnessth.com/post/hormonal-acne","200","","https://www.thrivewellnessth.com/post/hormonal-acne","200","","3171","1184","เช็ก! เป็นสิวฮอร์โมน เกิดขึ้นซ้ำๆ เกิดขึ้นได้อย่างไร","52","สิวที่เป็นอยู่ประจำ ทั้งหน้าแก้ม รอบปาก คาง T-zone สิวเก่ายังไม่ทันยุบสิวใหม่เริ่มบุกอีกแล้ว อาการเหล่านี้อาจเป็นสิวฮอร์โมนที่เกิดจากความเครียด ประจำเดือน ยาคุมกำเนิด และฮอร์โมนอะไรอีกบ้าง","188","","https://www.thrivewellnessth.com/post/hormonal-acne","https://static.wixstatic.com/media/d03445_1444880e82564659a2be937fdeeec202~mv2.jpg/v1/fill/w_1000,h_563,al_c,q_85,usm_0.66_1.00_0.01/d03445_1444880e82564659a2be937fdeeec202~mv2.jpg","","1","เช็ก! เป็นสิวฮอร์โมน เกิดขึ้นซ้ำๆ เกิดขึ้นได้อย่างไร","BlogPosting Person itemPage ImageObject Organization","7977","19","2","117","1","1"
"https://www.thrivewellnessth.com/post/hormone","200","","https://www.thrivewellnessth.com/post/hormone","200","","170","1172","วิธีปรับสมดุลฮอร์โมน ถ้าคุณไม่อยากแก่กว่าวัยอันควร","50","เราจำเป็นต้องปรับสมดุลฮอร์โมน หากฮอร์โมนของคุณมีปริมาณที่มากหรือน้อยจนเกินไปจนเกิดความไม่สมดุล จะส่งผลเสียต่อร่างกายหลายๆอย่าง เช่น ผิวโทรม ผิวมีริ้วรอย ประจำเดือนมาไม่ปกติ อารมณ์แปรปรวน ระดับพลังงานลดลง คุณภาพการนอนลดลง และรวมไปถึงภาวะมีบุตรยาก","245","","https://www.thrivewellnessth.com/post/hormone","https://static.wixstatic.com/media/0828cb_c5cb1bb35f5243eaa548cf78195b809a~mv2.jpg/v1/fill/w_1000,h_563,al_c,q_85,usm_0.66_1.00_0.01/0828cb_c5cb1bb35f5243eaa548cf78195b809a~mv2.jpg","","1","วิธีปรับสมดุลฮอร์โมน ถ้าคุณไม่อยากแก่กว่าวัยอันควร","BlogPosting Person itemPage ImageObject Organization","7816","21","2","119","1","1"
"https://www.thrivewellnessth.com/post/hormone-1","200","","https://www.thrivewellnessth.com/post/hormone-1","200","","3119","1171","Hormone ดีไม่มีแก่ เพราะฮอร์โมนสำคัญทุกช่วงวัย","46","ฮอร์โมนสำคัญกับทุกช่วงวัย ถ้าหากฮอร์โมนไม่สมดุล จะส่งผลเสียต่อร่างกายหลายอย่าง เช่น ผิวแห้งกร้าน ผิวมีริ้วรอย ประจำเดือนมาไม่ปกติ อารมณ์แปรปรวน ระดับพลังงานลดลง คุณภาพการนอนลดลง","177","","https://www.thrivewellnessth.com/post/hormone-1","https://static.wixstatic.com/media/0828cb_fcc281c54aca450ca70d2d8db6dfbbc1~mv2.jpg/v1/fill/w_1000,h_563,al_c,q_85,usm_0.66_1.00_0.01/0828cb_fcc281c54aca450ca70d2d8db6dfbbc1~mv2.jpg","","1","Hormone ดีไม่มีแก่ เพราะฮอร์โมนสำคัญทุกช่วงวัย","BlogPosting Person itemPage ImageObject Organization","9201","21","3","118","1","1"
"https://www.thrivewellnessth.com/post/human-growth-hormone","200","","https://www.thrivewellnessth.com/post/human-growth-hormone","200","","220","1191","8 วิธีเพิ่ม Human Growth Hormone","32","Human growth hormone (HGH) คือ หนึ่งในฮอร์โมนที่สำคัญที่สุดตัวหนึ่งของร่างกายเรา ซึ่งถูกผลิตโดยต่อมพิทูอิทารี่ ซึ่งมีความสำคัญต่อร่างกายของเราไม่ว่าจะเป็นด้านการเจริญเติบโต การซ่อมแซมเซลล์ และควบคุมการเผาผลาญพลังงานของเรา โดยปรกติร่างกายของเราจะสามารถผลิต HGH เป้นประจำอยู่แล้ว โดยเฉพาะในช่วงที่เราอายุ 20-49 ปี เราจะสาม","320","","https://www.thrivewellnessth.com/post/human-growth-hormone","https://static.wixstatic.com/media/989780_3d2217eb5d1849698d602781792763e9~mv2_d_5436_3253_s_4_2.jpg/v1/fill/w_1000,h_598,al_c,q_85,usm_0.66_1.00_0.01/989780_3d2217eb5d1849698d602781792763e9~mv2_d_5436_3253_s_4_2.jpg","","1","8 วิธีเพิ่ม Human Growth Hormone แบบธรรมชาติ","BlogPosting Person itemPage ImageObject Organization","8305","22","6","115","1","1"
"https://www.thrivewellnessth.com/post/human-placenta-extract-hpe","200","","https://www.thrivewellnessth.com/post/human-placenta-extract-hpe","200","","3285","1170","Human Placenta Extract (HPE)","28","Human Placenta Extract (HPE) คือ สารสกัดจากรกบริสุทธิ์ ที่รวบรวมสารอาหารที่มีความจำเป็นต่อร่างกายมากมายเข้าไว้ด้วยกัน มีคุณสมบัติเหมาะสมสำหรับใช้กับร่างกายของเรา ในการรักษาสุขภาพ ผิวพรรณและความงาม","196","","https://www.thrivewellnessth.com/post/human-placenta-extract-hpe","https://static.wixstatic.com/media/0828cb_d5c6945a105e4c7bab7386fc8bd949f3~mv2.jpg/v1/fill/w_1000,h_563,al_c,q_85,usm_0.66_1.00_0.01/0828cb_d5c6945a105e4c7bab7386fc8bd949f3~mv2.jpg","","1","Human Placenta Extract (HPE)","BlogPosting Person itemPage ImageObject Organization","7637","20","2","116","1","1"
"https://www.thrivewellnessth.com/post/immunity","200","","https://www.thrivewellnessth.com/post/immunity","200","","510","1182","ป่วยง่าย ป่วยบ่อย ควรเสริมภูมิคุ้มกันด้วยวิตามินตัวไหนดี?","57","ระบบภูมิคุ้มกันเปรียบเสมือนเกราะป้องกันเชื้อโรคเข้าสู่ร่างกาย ซึ่งในแต่ละวันเราอาจสัมผัสกับเชื้อโรคเยอะแยะมากมายแบบไม่รู้ตัว หากร่างกายมีภูมิคุ้มกันก็จะช่วยลดโอกาสการเจ็บป่วย","174","","https://www.thrivewellnessth.com/post/immunity","https://static.wixstatic.com/media/0828cb_68666187ffe54f478b28dc6ce31e088e~mv2.jpg/v1/fill/w_1000,h_563,al_c,q_85,usm_0.66_1.00_0.01/0828cb_68666187ffe54f478b28dc6ce31e088e~mv2.jpg","","1","ป่วยง่าย ป่วยบ่อย ควรเสริมภูมิคุ้มกันด้วยวิตามินตัวไหนดี?","BlogPosting Person itemPage ImageObject Organization","7079","23","2","117","2","1"
"https://www.thrivewellnessth.com/post/infertility","200","","https://www.thrivewellnessth.com/post/infertility","200","","239","1200","ภาวะมีบุตรยาก เกิดขึ้นได้อย่างไร พร้อมวิธีการรักษา","50","ภาวะมีบุตรยาก (Infertility) คือ การที่ผู้หญิงไม่สามารถตั้งครรภ์ได้หลังจากการพยายามมีบุตร โดยการมีเพศสัมพันธ์แบบไม่ป้องกันอย่างสม่ำเสมอเป็นระยะเวลา 1 ปี และมีเพศสัมพันธ์อย่างสม่ำเสมออย่างน้อยสัปดาห์ละ 2-3 ครั้ง มักพบได้บ่อยในคู่สมรสที่ฝ่ายหญิงอายุเกิน 35 ปีขึ้นไป","262","","https://www.thrivewellnessth.com/post/infertility","https://static.wixstatic.com/media/d03445_138f4582e2434c01933d936d167b58f4~mv2.jpg/v1/fill/w_1000,h_563,al_c,q_85,usm_0.66_1.00_0.01/d03445_138f4582e2434c01933d936d167b58f4~mv2.jpg","","1","ภาวะมีบุตรยาก เกิดขึ้นได้อย่างไร พร้อมวิธีการรักษา","BlogPosting Person itemPage ImageObject Organization","6405","27","8","120","1","1"
"https://www.thrivewellnessth.com/post/insulin","200","","https://www.thrivewellnessth.com/post/insulin","200","","4086","1198","อินซูลิน (Insulin) ฮอร์โมนสำคัญที่ช่วยกันให้เราไม่เป็นเบาหวาน","61","ที่น้ำตาลในเลือดสูง เพราะอินซูลินน้อยเกินไป เรียนรู้และเข้าใจให้เราได้กินกาแฟหวานๆ ก่อนเริ่มงานได้ทุกวัน ผ่านฮอร์โมนอินซูลิน","124","","https://www.thrivewellnessth.com/post/insulin","https://static.wixstatic.com/media/d03445_ea7d6eb348b04316825bfcc900500cc7~mv2.jpg/v1/fill/w_1000,h_563,al_c,q_85,usm_0.66_1.00_0.01/d03445_ea7d6eb348b04316825bfcc900500cc7~mv2.jpg","","1","อินซูลิน (Insulin) ฮอร์โมนสำคัญที่ช่วยกันให้เราไม่เป็นเบาหวาน","BlogPosting Person itemPage ImageObject Organization","6657","24","4","115","1","1"
"https://www.thrivewellnessth.com/post/intermittentfasting","200","","https://www.thrivewellnessth.com/post/intermittentfasting","200","","3028","1175","ลดน้ำหนักให้ดีฉบับ IF","21","","0","","https://www.thrivewellnessth.com/post/intermittentfasting","https://static.wixstatic.com/media/8a2520_353cd01e8d054d4fae6eee4c803b8aed~mv2.jpg/v1/fill/w_1000,h_563,al_c,q_85,usm_0.66_1.00_0.01/8a2520_353cd01e8d054d4fae6eee4c803b8aed~mv2.jpg","","1","ลดน้ำหนักให้ดีฉบับ IF","BlogPosting Person itemPage ImageObject Organization","6011","22","6","113","1","1"
"https://www.thrivewellnessth.com/post/intermittentfasting-2","200","","https://www.thrivewellnessth.com/post/intermittentfasting-2","200","","3193","1177","ลดน้ำหนัก ทำ IF อย่างถูกวิธี มีผลดีต่อสุขภาพมากกว่าที่คิด","57","งดอาหาร ทำ IF ลดน้ำหนักได้ แต่ลดดีหรือเปล่า? เมื่อช่วงที่ได้ทานอาหาร ยังทานเยอะ ทานแน่น ไม่เปลี่ยนเมนู ไธรฟ์ เวลเนส คลินิก จะพาคุณไปเรียนรู้ การลดน้ำหนัก แบบ IF ให้ดีต่อสุขภาพ ต้องเลือกรับประทานอาหารอย่างไร นอนเท่าไหร่จึงเพียงพอ และออกกำลังกายแค่ไหนถึงลดน้ำหนักได้จริง","268","","https://www.thrivewellnessth.com/post/intermittentfasting-2","https://static.wixstatic.com/media/d03445_2f04c5b3712046b889d290692c01b428~mv2.jpg/v1/fill/w_1000,h_563,al_c,q_85,usm_0.66_1.00_0.01/d03445_2f04c5b3712046b889d290692c01b428~mv2.jpg","","1","ลดน้ำหนัก ทำ IF อย่างถูกวิธี มีผลดีต่อสุขภาพมากกว่าที่คิด","BlogPosting Person itemPage ImageObject Organization","7213","20","2","121","1","1"
"https://www.thrivewellnessth.com/post/intestinal-disease","200","","https://www.thrivewellnessth.com/post/intestinal-disease","200","","147","1187","ปวดท้อง ท้องอืด ท้องผูก ปวดแบบนี้ปกติหรือเปล่า?","47","ปวดท้องบ่อย 3 วันดี 4 วันหาย แถมมาคราบทุกอาการทั้ง ท้องอืด ท้องผูก ทรมานร่างกายสุด ๆ มาหาสาเหตุไปพร้อมกัน ปวดท้องแบบนี้เกิดจากอะไร ยังปกติอยู่หรือเปล่า? ไธรฟ์ เวลเนส คลินิก ชวนหาคำตอบปัญหาลำไส้เสียสมดุล","202","","https://www.thrivewellnessth.com/post/intestinal-disease","https://static.wixstatic.com/media/d03445_978e0be3c9b14ab0861e53036801e233~mv2.jpg/v1/fill/w_1000,h_563,al_c,q_85,usm_0.66_1.00_0.01/d03445_978e0be3c9b14ab0861e53036801e233~mv2.jpg","","1","ปวดท้อง ท้องอืด ท้องผูก ปวดแบบนี้ปกติหรือเปล่า?","BlogPosting Person itemPage ImageObject Organization","6902","20","2","122","1","1"
"https://www.thrivewellnessth.com/post/intestines-and-immunity","200","","https://www.thrivewellnessth.com/post/intestines-and-immunity","200","","3341","1177","สุขภาพลำไส้ที่ดีส่งผลกับระบบภูมิคุ้มกันที่ดีกว่า","48","ซึมเศร้า หงุดหงิดง่าย นอนไม่หลับ ขี้หลงขี้ลืม เป็นสิวเรื้อรัง ท้องผูกบ่อย ภูมิคุ้มกันอ่อนแอ ปัญหาทางสุขภาพที่เกิดขึ้นได้จากเชื้อจุลินทรีย์ไม่สมดุลในลำไส้ เช่น เชื้อรา แบคทีเรีย ยีสต์","182","","https://www.thrivewellnessth.com/post/intestines-and-immunity","https://static.wixstatic.com/media/d03445_a6ef57760c214fb0a10b3a9c0de000e5~mv2.jpg/v1/fill/w_1000,h_605,al_c,q_85,usm_0.66_1.00_0.01/d03445_a6ef57760c214fb0a10b3a9c0de000e5~mv2.jpg","","1","สุขภาพลำไส้ที่ดีส่งผลกับระบบภูมิคุ้มกันที่ดีกว่า","BlogPosting Person itemPage ImageObject Organization","7382","20","3","120","1","1"
"https://www.thrivewellnessth.com/post/iv-drip","200","","https://www.thrivewellnessth.com/post/iv-drip","200","","239","1215","IV Drip ฟื้นฟูผิวระดับเซลล์ เบิร์นไขมัน ลดอาการเหนื่อยล้า นอนน้อย สมองตื้อ ปวดหัวไมเกรน","87","IV Drip วิธีบำรุงผิวที่มีมานานและได้รับความนิยมขึ้นเรื่อยๆ สาวๆ เทรนด์ดี้แบบเราก็ต้องไม่พลาด เพราะ IV Drip ไม่ได้ช่วยแค่เรื่องผิวขาวใส เท่านั้น แต่ยังมีสูตรอีกมากมายทั้งตัวช่วยลดน้ำหนัก ลดอาการอ่อนเพลีย เหนื่อยล้า สมองไม่ฉับไว ปวดหัวไมเกรน ผลลัพธ์ของวิตามินและแร่ธาตุมากมายที่ร่างกายเราขาดไม่ได้","295","","https://www.thrivewellnessth.com/post/iv-drip","https://static.wixstatic.com/media/d03445_fed50adc11464f19a82b623bfb6844a1~mv2.jpg/v1/fill/w_1000,h_563,al_c,q_85,usm_0.66_1.00_0.01/d03445_fed50adc11464f19a82b623bfb6844a1~mv2.jpg","","1","IV Drip ฟื้นฟูผิวระดับเซลล์ เบิร์นไขมัน ลดอาการเหนื่อยล้า นอนน้อย สมองตื้อ ปวดหัวไมเกรน","BlogPosting Person itemPage ImageObject Organization","8543","28","6","119","1","1"
"https://www.thrivewellnessth.com/post/iv-drip-benefits-review-quiz","200","","https://www.thrivewellnessth.com/post/iv-drip-benefits-review-quiz","200","","3504","1171","IV Drip เติมวิตามินช่วยกู้ร่าง เฉพาะเคสรีวิว","44","IV Drip เติมวิตามินช่วยกู้ร่าง ตัวช่วยกู้ร่างของคุณ IV Drip จะข่วยเพิ่มความเพิ่มความชุ่มชื้น ผิวใส 
เสริมสร้างภูมิต้านทาน
ร่างกายขับสารพิษดีขึ้น
เร่งการเผาผลาญ","159","","https://www.thrivewellnessth.com/post/iv-drip-benefits-review-quiz","https://static.wixstatic.com/media/989780_4dc239ca58d54014948c643c9ac0d29a~mv2.jpg/v1/fill/w_1000,h_541,al_c,q_85,usm_0.66_1.00_0.01/989780_4dc239ca58d54014948c643c9ac0d29a~mv2.jpg","","1","IV DRIP Benefits review quiz","BlogPosting Person itemPage ImageObject Organization","3773","21","2","113","1","1"
"https://www.thrivewellnessth.com/post/iv-drip-vitamin-ทางออกของคนไม่กินผัก","200","","https://www.thrivewellnessth.com/post/iv-drip-vitamin-%E0%B8%97%E0%B8%B2%E0%B8%87%E0%B8%AD%E0%B8%AD%E0%B8%81%E0%B8%82%E0%B8%AD%E0%B8%87%E0%B8%84%E0%B8%99%E0%B9%84%E0%B8%A1%E0%B9%88%E0%B8%81%E0%B8%B4%E0%B8%99%E0%B8%9C%E0%B8%B1%E0%B8%81","200","","3075","1185","IV Drip Vitamin ทางออกของคนไม่กินผัก","36","","0","","https://www.thrivewellnessth.com/post/iv-drip-vitamin-ทางออกของคนไม่กินผัก","https://static.wixstatic.com/media/d03445_18fecd44c1a54ce2afcfdc8930cb32db~mv2.jpg/v1/fill/w_1000,h_563,al_c,q_85,usm_0.66_1.00_0.01/d03445_18fecd44c1a54ce2afcfdc8930cb32db~mv2.jpg","","1","IV Drip Vitamin ทางออกของคนไม่กินผัก","BlogPosting Person itemPage ImageObject Organization","6473","22","2","115","1","1"
"https://www.thrivewellnessth.com/post/iv-gut-health","200","","https://www.thrivewellnessth.com/post/iv-gut-health","200","","236","1167","IV Gut health ( ซ่อมแซมผนังลําไส้ Dipeptiven )","46","IV Drip สูตร Gut Health เป็นสูตรที่ช่วยปรับสมดุลให้ลำไส้กลับมาทำงานได้มีประสิทธิภาพมากขึ้น โดยจะมีกรดอะมิโน Dipeptiven เป็นกรดอะมิโนที่มีความจำเป็นต่อลำไส้ จะช่วยรักษาความผิดปกติที่เกิดของลำไส้","193","","https://www.thrivewellnessth.com/post/iv-gut-health","https://static.wixstatic.com/media/0828cb_4c38af308649406f9bb77fd80f583c15~mv2.jpg/v1/fill/w_1000,h_563,al_c,q_85,usm_0.66_1.00_0.01/0828cb_4c38af308649406f9bb77fd80f583c15~mv2.jpg","","1","IV Gut health ( ซ่อมแซมผนังลําไส้ Dipeptiven )","BlogPosting Person itemPage ImageObject Organization","4203","20","2","118","1","1"
"https://www.thrivewellnessth.com/post/ivdrip-pm2-5-cleanse","200","","https://www.thrivewellnessth.com/post/ivdrip-pm2-5-cleanse","200","","3133","1165","สร้างภูมิให้ร่างกายไม่แพ้ฝุ่น ด้วย IV Drip PM 2.5 Cleanse","57","ในช่วงนี้หลายๆคนที่ต้องเดินทางออกไปทำงานในตอนเช้า อาจจะต้องพบเจอกับปัญหาฝุ่นละอองและควันรถที่ฟุ้งกระจายไปทั่ว และยังต้องพบเจอกับฝุ่น PM 2.5 ที่ปกคลุมอยู่ในอากาศเมื่อเราหายใจเข้าไปแล้วจะส่งเสียต่อสุขภาพอย่างมากแบบที่คุณอาจไม่รู้ตัว","230","","https://www.thrivewellnessth.com/post/ivdrip-pm2-5-cleanse","https://static.wixstatic.com/media/0828cb_55f4f7e27701472cb20e7e2cebeb0f57~mv2.jpg/v1/fill/w_1000,h_563,al_c,q_85,usm_0.66_1.00_0.01/0828cb_55f4f7e27701472cb20e7e2cebeb0f57~mv2.jpg","","1","สร้างภูมิให้ร่างกายไม่แพ้ฝุ่น ด้วย IV Drip PM 2.5 Cleanse","BlogPosting Person itemPage ImageObject Organization","4938","20","2","117","1","1"
"https://www.thrivewellnessth.com/post/ivdripvitamin","200","","https://www.thrivewellnessth.com/post/ivdripvitamin","200","","3274","1161","IV DRIP Vitamin สารพันประโยชน์ที่มากกว่าแค่ผิวสวย","49","IV Drip Vitamin อุดมไปด้วยสารต้านอนุมูลอิสระหลากหลายชนิด เช่น vitamin C, Vitamin B6, Vitamin B12 เป็นต้น ที่ช่วยลดการอักเสบของร่างกาย ที่เกิดจากการรับประทานอาหารของมัน ของทอด น้ำตาลสูง","184","","https://www.thrivewellnessth.com/post/ivdripvitamin","https://static.wixstatic.com/media/d03445_a2a0c878c4694d5d8f3687ab7f463f6a~mv2.jpg/v1/fill/w_1000,h_563,al_c,q_85,usm_0.66_1.00_0.01/d03445_a2a0c878c4694d5d8f3687ab7f463f6a~mv2.jpg","","1","IV DRIP Vitamin สารพันประโยชน์ที่มากกว่าแค่ผิวสวย","BlogPosting Person itemPage ImageObject Organization","4481","19","2","115","1","1"
"https://www.thrivewellnessth.com/post/ivdripvitamin-3","200","","https://www.thrivewellnessth.com/post/ivdripvitamin-3","200","","220","1192","อาการแบบนี้ ดริปวิตามินได้ไหม?","30","การดริปวิตามิน ไม่ได้มีประโยชน์เพียงช่วยบำรุงผิวให้เปล่งปลั่ง กระจ่างใส ชุ่มชื่นเท่านั้น แต่ยังช่วยซ่อมแซมส่วนที่สึกหรอ ช่วยลดการอักเสบทางร่างกาย ต้านอนุมูลอิสระที่เป็นสาเหตุให้ร่างกายอ่อนแอ เจ็บป่วยได้ง่าย เพราะการที่คุณมีผิวพรรณดี ล้วนเกิดจากสุขภาพภายในที่ดีนั่นเองค่ะ","270","","https://www.thrivewellnessth.com/post/ivdripvitamin-3","https://static.wixstatic.com/media/d03445_fee5cf1c6144419fb7411c740b18f003~mv2.jpg/v1/fill/w_1000,h_563,al_c,q_85,usm_0.66_1.00_0.01/d03445_fee5cf1c6144419fb7411c740b18f003~mv2.jpg","","1","อาการแบบนี้ ดริปวิตามินได้ไหม?","BlogPosting Person itemPage ImageObject Organization","7538","25","2","119","1","1"
"https://www.thrivewellnessth.com/post/l-carnitine","200","","https://www.thrivewellnessth.com/post/l-carnitine","200","","203","1166","L-carnitine คืออะไร มีประโยชน์แค่ไหนสาย healthy ห้ามพลาด","56","แอลคาร์นิทีน (L-carnitine) คือ กรดอะมิโน 2 ชนิด ไลซีน (Lysine), เมไทโอนีน (Methionine) ที่ร่างกายสามารถสร้างขึ้นมาเองได้จากตับและไต","131","","https://www.thrivewellnessth.com/post/l-carnitine","https://static.wixstatic.com/media/0828cb_baf1064be4514481b0db871731d4935b~mv2.jpg/v1/fill/w_1000,h_563,al_c,q_85,usm_0.66_1.00_0.01/0828cb_baf1064be4514481b0db871731d4935b~mv2.jpg","","1","L-carnitine คืออะไร มีประโยชน์แค่ไหนสาย healthy ห้ามพลาด","BlogPosting Person itemPage ImageObject Organization","4649","22","2","117","1","1"
"https://www.thrivewellnessth.com/post/leakygutsyndrome","200","","https://www.thrivewellnessth.com/post/leakygutsyndrome","200","","152","1167","ภาวะลำไส้รั่ว (Leaky Gut Syndrome)  ภัยใกล้ตัวที่หลายคนมองข้าม","62","ภาวะลำไส้รั่ว (Leaky Gut Syndrome) คือ จะมีการบวมของเซลล์เยื่อบุผิวลำไส้ ทำให้เกิดช่องว่างระหว่างเซลล์ ที่บริเวณ Tight Junctions ทำให้สารพิษและอาหารที่ยังย่อยไม่สมบูรณ์เล็ดลอดเข้าไปสู่ระบบไหลเวียนเลือด และก่อให้เกิดการอักเสบต่างๆในร่างกาย","238","","https://www.thrivewellnessth.com/post/leakygutsyndrome","https://static.wixstatic.com/media/0828cb_bc2e9d19232b44a58e86b03efc3b09d2~mv2.jpg/v1/fill/w_1000,h_563,al_c,q_85,usm_0.66_1.00_0.01/0828cb_bc2e9d19232b44a58e86b03efc3b09d2~mv2.jpg","","1","ภาวะลำไส้รั่ว (Leaky Gut Syndrome) ภัยใกล้ตัวที่หลายคนมองข้าม","BlogPosting Person itemPage ImageObject Organization","4788","19","2","118","1","1"
"https://www.thrivewellnessth.com/post/leucorrhoea","200","","https://www.thrivewellnessth.com/post/leucorrhoea","200","","3107","1179","ตกขาวคืออะไร? ตกขาว คัน มีกลิ่นผิดปกติแก้ไขได้ที่ลำไส้อย่างไร","61","ตกขาว คืออะไร เป็นอันตรายต่อร่างกายหรือไม่ หากเป็นตกขาวมากเกินไป ควรแก้ปัญหาอย่างไร พร้อมเช็กลักษณะของตกขาวที่ควรไปตรวจ","119","","https://www.thrivewellnessth.com/post/leucorrhoea","https://static.wixstatic.com/media/d03445_cdb1f8a4e490445fa89dac35e61c2fb6~mv2.jpg/v1/fill/w_1000,h_563,al_c,q_85,usm_0.66_1.00_0.01/d03445_cdb1f8a4e490445fa89dac35e61c2fb6~mv2.jpg","","1","ตกขาวคืออะไร? ตกขาว คัน มีกลิ่นผิดปกติแก้ไขได้ที่ลำไส้อย่างไร","BlogPosting Person itemPage ImageObject Organization","4689","23","2","121","1","1"
"https://www.thrivewellnessth.com/post/liver-detox","200","","https://www.thrivewellnessth.com/post/liver-detox","200","","3071","1200","ปวดตับ .. เรื่องจริงที่จะทำให้คุณทั้งปวดไต ปวดใจ และปวดหัว!","59","ตับ อวัยวะที่ใหญ่ที่สุดในร่างกายแต่มักถูกทำร้ายอย่างไม่ตั้งใจ! ไม่ว่าจะ party หนัก อัดคาเฟอีน กินยาเป็นประจำ จนทำให้ตับอ่อนแอ ถ้าไม่ดูแลคุณอาจเสี่ยงกับโรคร้ายอย่างช้าๆ!","168","","https://www.thrivewellnessth.com/post/liver-detox","https://static.wixstatic.com/media/d03445_f6ce8fb050e54f288190312894e1a43d~mv2.jpg/v1/fill/w_1000,h_563,al_c,q_85,usm_0.66_1.00_0.01/d03445_f6ce8fb050e54f288190312894e1a43d~mv2.jpg","","1","แก้ปัญหาชวนปวดตับ ด้วย Liver Detox พร้อมลดเสี่ยงการติดเชื้อไวรัสตับอักเสบ 5 ชนิด","BlogPosting Person itemPage ImageObject Organization","7881","23","4","117","1","1"
"https://www.thrivewellnessth.com/post/liver-detox-1","200","","https://www.thrivewellnessth.com/post/liver-detox-1","200","","3248","1165","การย่อยอาหารไม่สมบูรณ์ ร่างกายขับสารพิษออกเองไม่ได้ อาจทำให้ตับพัง","66","หากเราต้องการขจัดสิ่งสะสมออกจากร่างกาย ขับสารพิษและอนุมูลอิสระ เพื่อไม่ให้เกิดสิ่งตกค้างสะสม มาพร้อมกับการฟื้นฟูการทำงานของร่างกาย โดยผ่านสายน้ำเกลือไม่ต้องเจ็บตัวอย่าง IV Drip สูตร Liver Detox สูตรที่ช่วยขจัดสารพิษในร่างกาย","224","","https://www.thrivewellnessth.com/post/liver-detox-1","https://static.wixstatic.com/media/0828cb_73299a1500284174a6af642d6ef2fb2f~mv2.jpg/v1/fill/w_1000,h_563,al_c,q_85,usm_0.66_1.00_0.01/0828cb_73299a1500284174a6af642d6ef2fb2f~mv2.jpg","","1","การย่อยอาหารไม่สมบูรณ์ ร่างกายขับสารพิษออกเองไม่ได้ อาจทำให้ตับพัง","BlogPosting Person itemPage ImageObject Organization","5637","20","2","116","1","1"
"https://www.thrivewellnessth.com/post/livercirrhosis","200","","https://www.thrivewellnessth.com/post/livercirrhosis","200","","3139","1177","สาเหตุโรคตับแข็ง พังผืดเกาะตับ","30","โรคตับแข็ง คือ ปัญหาสุขภาพอันดับต้นๆ ที่คนไทยตรวจพบ  โรคตับแข็ง (Liver Cirrhosis) คือ ระยะที่สี่ของเซลล์ตับถูกทำลายขั้นรุนแรง มีการอักเสบเป็นระยะเวลานาน จนลักษณะของตับนั้นมีแผล","176","","https://www.thrivewellnessth.com/post/livercirrhosis","https://static.wixstatic.com/media/d03445_a0f0a7766d334bf0a35045a903ff6d2f~mv2.jpg/v1/fill/w_1000,h_563,al_c,q_85,usm_0.66_1.00_0.01/d03445_a0f0a7766d334bf0a35045a903ff6d2f~mv2.jpg","","1","สาเหตุโรคตับแข็ง พังผืดเกาะตับ","BlogPosting Person itemPage ImageObject Organization","5370","21","2","123","1","1"
"https://www.thrivewellnessth.com/post/longcovid-19","200","","https://www.thrivewellnessth.com/post/longcovid-19","200","","4377","1167","หายโควิด-19 แล้ว ทําไมยังเพลียอยู่?","35","Long COVID ภาวะที่จําเป็นต้องศึกษาเมื่อเราหายจากโควิด-19 มักพบในเพศหญิงมากกว่าเพศชาย ใช้เวลาฟื้นฟูร่างกายนานราว 2-4 เดือน อาจทําให้เราเกิดโรคแทรกซ้อนในระยะยาวได้","161","","https://www.thrivewellnessth.com/post/longcovid-19","https://static.wixstatic.com/media/d03445_384ef5cae2d8419ea3bed2e49a5b6ef8~mv2.jpg/v1/fill/w_1000,h_563,al_c,q_85,usm_0.66_1.00_0.01/d03445_384ef5cae2d8419ea3bed2e49a5b6ef8~mv2.jpg","","1","หายโควิด-19 แล้ว ทําไมยังเพลียอยู่?","BlogPosting Person itemPage ImageObject Organization","4491","21","4","113","2","1"
"https://www.thrivewellnessth.com/post/loseweight","200","","https://www.thrivewellnessth.com/post/loseweight","200","","3027","1166","3 แร่ธาตุสำหรับคนอยากลดน้ำหนักที่คุณไม่เคยรู้","45","คนที่ลดน้ำหนักต้องทำทุกวิถีทาง ทั้งควบคุมอาหารและโฟกัสการออกกำลัง รู้หรือไม่ แร่ธาตุรองก็มีส่วนช่วยให้ระบบเผาผลาญของคุณทำงานดีขึ้น ทั้งยังส่งเสริมสุขภาพองค์รวมอีกด้วย","166","","https://www.thrivewellnessth.com/post/loseweight","https://static.wixstatic.com/media/0828cb_c6a18288b4b64be18633836f94d24441~mv2.jpg/v1/fill/w_1000,h_563,al_c,q_85,usm_0.66_1.00_0.01/0828cb_c6a18288b4b64be18633836f94d24441~mv2.jpg","","1","3 แร่ธาตุสำหรับคนอยากลดน้ำหนักที่คุณไม่เคยรู้","BlogPosting Person itemPage ImageObject Organization","5401","23","2","116","1","1"
"https://www.thrivewellnessth.com/post/luminousskin","200","","https://www.thrivewellnessth.com/post/luminousskin","200","","3617","1158","ทวงคืนผิวใสได้ด้วย Luminous Skin","32","IV Drip สูตรเข้มข้นเน้นเพื่อการดูแลสุขภาพและผิวใสโดยเฉพาะด้วย Vitamin, Minerals, Amino acid ที่มีสารต้านอนุมูลอิสระระดับสูง ช่วย Boost ระดับวิตามินและ Restore Vitamin Level ในร่างกายของคุณ","188","","https://www.thrivewellnessth.com/post/luminousskin","https://static.wixstatic.com/media/0828cb_a6eecb17720043a1b1cdc4afc84775a3~mv2.jpg/v1/fill/w_1000,h_563,al_c,q_85,usm_0.66_1.00_0.01/0828cb_a6eecb17720043a1b1cdc4afc84775a3~mv2.jpg","","1","ทวงคืนผิวใสได้ด้วย Luminous Skin","BlogPosting Person itemPage ImageObject Organization","3898","20","2","116","1","1"
"https://www.thrivewellnessth.com/post/magnesium","200","","https://www.thrivewellnessth.com/post/magnesium","200","","3416","1184","แมกนีเซียม แร่ธาตุที่อาจช่วยให้คุฯหายปวดไมเกรน หรือเป็นตะคริว?","62","รู้หรือไม่ ร่างกายคุณถ้าขาดแมกนีเซียมจะเป็นอย่างไร? แมกนีเซียมนั้นมีบทบาทในเรื่องการเผาผลาญ ต้านอนุมูลอิสระ กระตุ้นการทำงานของเอนไซม์ และอื่นๆอีกมากมายที่จะทำให้ร่างกายคุณดำเนินไปได้อย่างเป็นปกติ","195","","https://www.thrivewellnessth.com/post/magnesium","https://static.wixstatic.com/media/d03445_70a3361e66a042b5bc388d92d394ebe6~mv2.jpg/v1/fill/w_1000,h_563,al_c,q_85,usm_0.66_1.00_0.01/d03445_70a3361e66a042b5bc388d92d394ebe6~mv2.jpg","","1","แมกนีเซียม อย่าได้ขาด! สำรวจแร่ธาตุสำคัญที่คนเป็นไมเกรน ปวดหลัง ตะคริวบ่อยๆ เพราะแบบนี้หรือเปล่านะ","BlogPosting Person itemPage ImageObject Organization","5351","21","3","118","1","1"
"https://www.thrivewellnessth.com/post/magnesium-1","200","","https://www.thrivewellnessth.com/post/magnesium-1","200","","3388","1155","Magnesium แร่ธาตุตัวสำคัญ ช่วยให้คุณนอนหลับง่ายขึ้น","51","หลายๆคนอาจจะกำลังเจอกับปัญหานอนหลับยาก ใช้เวลานานกว่าจะหลับ จนทำให้พักผ่อนไม่เพียงพอ รู้สึกอ่อนเพลีย เหนื่อยล้าง่าย ง่วงนอนระหว่างวัน อาจทำให้เกิดปัญหาในชีวิตประจำวันได้ ดังนั้นการรับประทานวิตามินเสริมจึงช่วยแก้ปัญหานอนหลับยากได้ คือ แมกนีเซียม (Magnesium)","256","","https://www.thrivewellnessth.com/post/magnesium-1","https://static.wixstatic.com/media/0828cb_a423a76b904d4ffe9285a11e2e140794~mv2.jpg/v1/fill/w_1000,h_563,al_c,q_85,usm_0.66_1.00_0.01/0828cb_a423a76b904d4ffe9285a11e2e140794~mv2.jpg","","1","Magnesium แร่ธาตุตัวสำคัญ ช่วยให้คุณนอนหลับง่ายขึ้น","BlogPosting Person itemPage ImageObject Organization","4445","19","2","115","1","1"
"https://www.thrivewellnessth.com/post/magnesium-แร-ธาต-ฮ-โร-ท-คนส-วนใหญ-มองข-าม","200","","https://www.thrivewellnessth.com/post/magnesium-%E0%B9%81%E0%B8%A3-%E0%B8%98%E0%B8%B2%E0%B8%95-%E0%B8%AE-%E0%B9%82%E0%B8%A3-%E0%B8%97-%E0%B8%84%E0%B8%99%E0%B8%AA-%E0%B8%A7%E0%B8%99%E0%B9%83%E0%B8%AB%E0%B8%8D-%E0%B8%A1%E0%B8%AD%E0%B8%87%E0%B8%82-%E0%B8%B2%E0%B8%A1","200","","3452","1166","Magnesium แร่ธาตุฮีโร่ที่คนส่วนใหญ่มองข้าม","42","","0","","https://www.thrivewellnessth.com/post/magnesium-แร-ธาต-ฮ-โร-ท-คนส-วนใหญ-มองข-าม","https://static.wixstatic.com/media/d03445_7e4bb4da94ef4a848fb7a170d938dc90~mv2.jpg/v1/fill/w_1000,h_563,al_c,q_85,usm_0.66_1.00_0.01/d03445_7e4bb4da94ef4a848fb7a170d938dc90~mv2.jpg","","1","Magnesium แร่ธาตุฮีโร่ที่คนส่วนใหญ่มองข้าม","BlogPosting Person itemPage ImageObject Organization","5810","19","3","114","1","1"
"https://www.thrivewellnessth.com/post/malnutrition-disease","200","","https://www.thrivewellnessth.com/post/malnutrition-disease","200","","3547","1180","อันตรายของภาวะขาดแร่ธาตุ ที่คุณเจนิส ต้องแอดมิดถึงรู้ตัว!","57","เกิดมาฉันไม่เคยกินวิตามินบำรุงร่างเลย เพิ่งรู้ว่ามันสำคัญมาก มันถึงเวลาแล้วจริง เพิ่งเคยอายุ 28 อะเนอะ หมอบอกว่าขาดแร่ธาตุในร่างกายเกือบขั้นวิกฤติ และติดเชื้อไวรัสใดไม่ทราบได้ มีอาการแขนขาชา หนาวสั่น อาเจียน ประสาทสัมผัสไม่ดี ความรู้สึกช้า เหนื่อยเพลีย”","253","","https://www.thrivewellnessth.com/post/malnutrition-disease","https://static.wixstatic.com/media/d03445_c4b7969a63ec4106a84965028e303cc6~mv2.jpg/v1/fill/w_1000,h_563,al_c,q_85,usm_0.66_1.00_0.01/d03445_c4b7969a63ec4106a84965028e303cc6~mv2.jpg","","1","อันตรายของภาวะขาดแร่ธาตุ ที่คุณเจนิส ต้องแอดมิดถึงรู้ตัว!","BlogPosting Person itemPage ImageObject Organization","6757","21","4","120","1","1"
"https://www.thrivewellnessth.com/post/melatonin","200","","https://www.thrivewellnessth.com/post/melatonin","200","","769","1191","นอนไม่หลับ ตี2 ตี3 ยังเล่นมือถือ..เศร้าแต่ก็หลับตาไม่ลง?","56","กลางวันไม่ยอมตื่น กลางคืนไม่ยอมนอน.. ออกกำลังก็แล้ว ปาร์ตี้ก็แล้ว แต่ยังหลังไม่ลงอยุ่ดี? รู้ไหมว่าเมลาโทนิน สารที่สมองหลั่งออกมาบอกให้เราเข้านอนนั้นส่งผลกับชีวิต้ราขนาดไหน?","172","","https://www.thrivewellnessth.com/post/melatonin","https://static.wixstatic.com/media/d03445_e28df2da12da44fea2190973aec91747~mv2.jpg/v1/fill/w_1000,h_563,al_c,q_85,usm_0.66_1.00_0.01/d03445_e28df2da12da44fea2190973aec91747~mv2.jpg","","1","หน้าหนาว ฤดูที่ทำเราเหงา เศร้า และยังนอนหลับยาก","BlogPosting Person itemPage ImageObject Organization","6803","22","4","116","1","1"
"https://www.thrivewellnessth.com/post/melatonin-1","200","","https://www.thrivewellnessth.com/post/melatonin-1","200","","3497","1165","เข้านอนไว แต่หลับจริงๆเที่ยงคืนตี 1 คุณอาจต้องพึ่ง Melatonin","60","เมลาโทนิน (Melatonin) เป็นฮอร์โมนที่สังเคราะห์มาจากกรดอะมิโนทริปโตเฟน (Tryptophan) ที่ต่อมไพเนียล (Pineal gland) ในสมอง สารเมลาโทนินเปรียบเสมือนผู้คุมระฆังบอกเวลา","162","","https://www.thrivewellnessth.com/post/melatonin-1","https://static.wixstatic.com/media/0828cb_8fd0c3a992864ad69df4cfbed563ab14~mv2.jpg/v1/fill/w_1000,h_563,al_c,q_85,usm_0.66_1.00_0.01/0828cb_8fd0c3a992864ad69df4cfbed563ab14~mv2.jpg","","1","เข้านอนไว แต่หลับจริงๆเที่ยงคืนตี 1 คุณอาจต้องพึ่ง Melatonin","BlogPosting Person itemPage ImageObject Organization","5400","21","2","115","1","1"
"https://www.thrivewellnessth.com/post/menopause-of-woman","200","","https://www.thrivewellnessth.com/post/menopause-of-woman","200","","363","1154","ภาวะหมดประจำเดือนที่ผู้หญิงต้องเจอ menopause 3 เรื่องใหญ่ ของผู้หญิงที่ต้องระวัง","80","เรียนรู้ภาวะหมดประจำเดือน รู้ทันอาการเมื่อฮอร์โมนเพศที่สำคัญในร่างกายเกิดการเปลี่ยนแปลง ทำให้กลไกการทำงานของร่างกายในผู้หญิงเกิดปัญหาขึ้นอย่างไร?","145","","https://www.thrivewellnessth.com/post/menopause-of-woman","https://static.wixstatic.com/media/d03445_e2f33be9cd4b4acc82c4681975aeb3eb~mv2.jpg/v1/fill/w_1000,h_563,al_c,q_85,usm_0.66_1.00_0.01/d03445_e2f33be9cd4b4acc82c4681975aeb3eb~mv2.jpg","","1","ภาวะหมดประจำเดือนที่ผู้หญิงต้องเจอ menopause 3 เรื่องใหญ่ ของผู้หญิงที่ต้องระวัง","BlogPosting Person itemPage ImageObject Organization","4633","19","2","118","1","1"
"https://www.thrivewellnessth.com/post/menorrhagia","200","","https://www.thrivewellnessth.com/post/menorrhagia","200","","783","1164","ประจำเดือนมามากผิดปกติ สาเหตุมาจากอะไร?","39","ประจำเดือนมากผิดปกติ (Menorrhagia) คือ เลือดประจำเดือนที่ไหลออกมาปริมาณเยอะหรือมากผิดปกติ เช่น ประจำเดือนมากจนต้องเปลี่ยนผ้าอนามัยทุกๆ 1 ชั่วโมง หรือประจำเดือนมานานเกินกว่า 7 วัน","178","","https://www.thrivewellnessth.com/post/menorrhagia","https://static.wixstatic.com/media/0828cb_5b302b64d07e47ed9eee23c490ff198d~mv2.jpg/v1/fill/w_1000,h_563,al_c,q_85,usm_0.66_1.00_0.01/0828cb_5b302b64d07e47ed9eee23c490ff198d~mv2.jpg","","1","ประจำเดือนมามากผิดปกติ สาเหตุมาจากอะไร?","BlogPosting Person itemPage ImageObject Organization","5851","20","2","115","1","1"
"https://www.thrivewellnessth.com/post/menstrual-pain","200","","https://www.thrivewellnessth.com/post/menstrual-pain","200","","3449","1196","ปวดท้องเมนส์ อาการปวดหน่วง ปวดเกร็งที่มาทุกเดือน ทำไมกันนะ?","59","ปวดท้องประจำเดือน เกิดจากสารโพรสตาแกลนดินที่หลั่งออกมาจากเยื่อบุโพรงมดลูก กระตุ้นการบีบตัวของมดลูก ทำให้เกิดอาการปวดท้องน้อย คลื่นไส้ อาเจียน ท้องเสีย","150","","https://www.thrivewellnessth.com/post/menstrual-pain","https://static.wixstatic.com/media/d03445_a2dae56860c843178e3bf92ad8b39fdd~mv2.jpg/v1/fill/w_1000,h_563,al_c,q_85,usm_0.66_1.00_0.01/d03445_a2dae56860c843178e3bf92ad8b39fdd~mv2.jpg","","1","พาหาสาเหตุอาการปวดท้องประจำเดือน รู้ได้เลย! สำหรับน้องสาวที่ไม่พร้อมตรวจภายใน","BlogPosting Person itemPage ImageObject Organization","8293","24","5","114","1","1"
"https://www.thrivewellnessth.com/post/mental-health","200","","https://www.thrivewellnessth.com/post/mental-health","200","","391","1213","Mental Health ป่วย นำไปสู่โรคอะไรได้บ้าง?","41","ทำงานหนัก พักผ่อนน้อย ใช้ชีวิตอย่างเร่งรีบ ทั้งรีบตื่น รีบกิน สุขภาพเสีย ร่างกายเครียดตาม ทำนอนไม่หลับ เบื่ออาหาร สมาธิไม่จดจ่อ อีกไม่นาน Mental Health พัง!","156","","https://www.thrivewellnessth.com/post/mental-health","https://static.wixstatic.com/media/d03445_524faed0cfbf4883864fad7dff3cd7d7~mv2.jpg/v1/fill/w_1000,h_525,al_c,q_85,usm_0.66_1.00_0.01/d03445_524faed0cfbf4883864fad7dff3cd7d7~mv2.jpg","","1","Mental Health ป่วย นำไปสู่โรคอะไรได้บ้าง?","BlogPosting Person itemPage ImageObject Organization","11716","25","2","131","1","1"
"https://www.thrivewellnessth.com/post/mercury","200","","https://www.thrivewellnessth.com/post/mercury","200","","365","1185","ปรอท สารที่เราเห็นอยู่ทุกวัน รู้ไหมว่ามันอนตรายแค่ไหน","53","เรียกได้ว่าแทรกซึมอยู่ในทุกอณูของของใช้หรือแม้แต่อาหารที่เราชอบทานเลยล่ะค่ะ ซึ่งก็ไม่สามารถบ่งบอกได้แน่ชัดเลยว่าเราจะได้รับปรอทมาตั้งแต่เด็กมากขนาดไหน","150","","https://www.thrivewellnessth.com/post/mercury","https://static.wixstatic.com/media/989780_df1069472461418390b5f071c78eb793~mv2.jpg/v1/fill/w_1200,h_628,al_c/989780_df1069472461418390b5f071c78eb793~mv2.jpg","","1","เรื่องใกล้ตัวที่น่ากลัวของสารปรอท","BlogPosting Person itemPage ImageObject Organization","5820","21","3","116","1","1"
"https://www.thrivewellnessth.com/post/migraine","200","","https://www.thrivewellnessth.com/post/migraine","200","","226","1180","ปวดหัวไมเกรน อาการที่ไม่เคยลาออก","32","ปวดหัวไมเกรน เกิดจากอะไร? อาการปวดหัวแบบไหน คือ ปวดหัวไมเกรน ทำอย่างไรเมื่อปวดหัวไมเกรน อาการปวดหัวไมเกรนที่ใครก็ไม่อยากเป็น แต่ก็กลับเกิดขึ้นได้อยู่ดีแบบไม่ทันตั้งตัวด้วยซ้ำ รับมืออย่างไรเมื่อคุณเข้าใกล้อาการปวดหัวไมเกรนเข้าไปทุกทีหรือเผลอตัวเข้าสู่วงการไมเกรนไปแล้วแต่ออกไม่ได้","279","","https://www.thrivewellnessth.com/post/migraine","https://static.wixstatic.com/media/8a2520_b405e7dba8e24884946332c7bb317a82~mv2.jpg/v1/fill/w_1000,h_563,al_c,q_85,usm_0.66_1.00_0.01/8a2520_b405e7dba8e24884946332c7bb317a82~mv2.jpg","","1","ปวดหัวไมเกรน อาการที่ไม่เคยลาออก","BlogPosting Person itemPage ImageObject Organization","5740","22","4","116","1","1"
"https://www.thrivewellnessth.com/post/n-acetylsysteine-nac-against-covid-19","200","","https://www.thrivewellnessth.com/post/n-acetylsysteine-nac-against-covid-19","200","","3620","1164","N-Acetylsysteine (NAC) against COVID-19","39","","0","","https://www.thrivewellnessth.com/post/n-acetylsysteine-nac-against-covid-19","https://static.wixstatic.com/media/989780_3c676b94c2e6448da294f76f0e5b6a9f~mv2.jpg/v1/fill/w_1000,h_667,al_c,q_85,usm_0.66_1.00_0.01/989780_3c676b94c2e6448da294f76f0e5b6a9f~mv2.jpg","","1","N-Acetylsysteine (NAC) against COVID-19","BlogPosting Person itemPage ImageObject Organization","5268","20","4","114","1","1"
"https://www.thrivewellnessth.com/post/neurotransmitter","200","","https://www.thrivewellnessth.com/post/neurotransmitter","200","","318","1185","แฟนไม่ได้หมดรัก แต่สารสื่อประสาทไม่พร้อมสร้างความสุข?","53","ตกหลุมรักแฟนในช่วงจีบกันใหม่ๆ ทำอะไรก็ดูน่าตื่นเต้น น่าค้นหา อยากอยู่ใกล้ เพราะ Testosterone และ Estrogen ที่เป็นฮอร์โมนเพศเป็นตัวขับเคลื่อนให้คุณและคนรักดึงดูดเข้าหากัน ซึ่งเป็นความปราถนาในการสืบพันธุ์จากสมองส่วน Hypothalamus ที่ไปกระตุ้นการผลิตของฮอร์โมน FSH และ LH เพื่อสร้างฮอร์โมนเพศขึ้น","292","","https://www.thrivewellnessth.com/post/neurotransmitter","https://static.wixstatic.com/media/d03445_cfe6518228d54be78c74675e1832d81d~mv2.jpg/v1/fill/w_1000,h_563,al_c,q_85,usm_0.66_1.00_0.01/d03445_cfe6518228d54be78c74675e1832d81d~mv2.jpg","","1","แฟนไม่ได้หมดรัก แต่สารสื่อประสาทไม่พร้อมสร้างความสุข?","BlogPosting Person itemPage ImageObject Organization","6985","22","2","122","1","1"
"https://www.thrivewellnessth.com/post/neurotransmitters","200","","https://www.thrivewellnessth.com/post/neurotransmitters","200","","303","1200","ทำความรู้จักสารสื่อประสาท คืออะไร","33","ที่รู้สึกกลัว ตื่นเต้น หิว กินเก่ง สมาธิสั้น ซึมเศร้า เมาง่าย เพราะการสารสื่อประสาทในสมองส่งสัญญาณการทำงานออกมาให้ร่างกายได้รับรู้ ไม่ว่าจะเป็น อะดรีนาลีน โดพามีน เซโรโทนิน กาบา เหล่าชื่อคุ้นหู แต่ในสมองของเรามีสารเคมีอะไรอีกบ้าง พร้อมวิธีการทำงานที่แสนสำคัญและไม่ควรบกพร่อง","274","","https://www.thrivewellnessth.com/post/neurotransmitters","https://static.wixstatic.com/media/d03445_28c4bef1873f4fb0a539bb7dec19f336~mv2.jpg/v1/fill/w_1000,h_563,al_c,q_85,usm_0.66_1.00_0.01/d03445_28c4bef1873f4fb0a539bb7dec19f336~mv2.jpg","","1","ทำความรู้จักสารสื่อประสาท คืออะไร","BlogPosting Person itemPage ImageObject Organization","9766","23","3","121","1","1"
"https://www.thrivewellnessth.com/post/nkcell","200","","https://www.thrivewellnessth.com/post/nkcell","200","","3282","1197","NK Cell เม็ดเลือดขาว Iymphocyte ตัวจัดการเซลล์มะเร็งในร่างกาย เร็วและแกร่งในการฆ่าเซลล์มะเร็ง","93","NKCELL  ถือเป็นอีกตัวเลือกในการ Monitor ระบบภูมิคุ้มกันของร่างกาย โดยเฉพาะเป็นตัวจัดการต่อเซลล์มะเร็งและเชื้อไวรัส","114","","https://www.thrivewellnessth.com/post/nkcell","https://static.wixstatic.com/media/d03445_4695c23e091b487b88847b744bf11fff~mv2.jpg/v1/fill/w_1000,h_563,al_c,q_85,usm_0.66_1.00_0.01/d03445_4695c23e091b487b88847b744bf11fff~mv2.jpg","","1","NK Cell เม็ดเลือดขาว Iymphocyte ตัวจัดการเซลล์มะเร็งในร่างกาย เร็วและแกร่งในการฆ่าเซลล์มะเร็ง","BlogPosting Person itemPage ImageObject Organization","8906","24","4","120","1","1"
"https://www.thrivewellnessth.com/post/office-syndrome","200","","https://www.thrivewellnessth.com/post/office-syndrome","200","","3250","1214","Office syndrome โรคที่ไม่ได้เกิดแค่ในออฟฟิศ","43","Office syndrome อาการปวดเมื่อยจากพฤติกรรมการทำงานที่ผู้คนเริ่มเป็นกันมากที่สุดในปัจจุบัน และ Office syndrome ยังไม่ได้เกิดขึ้นแค่กับผู้ที่นั่งทำงานในออฟฟิศเพียงเท่านั้นแต่ยังปวดเรื้อรังต่อเนื่องอีกหลายพฤติกรรมที่คุณก็อาจเป็นอยู่","228","","https://www.thrivewellnessth.com/post/office-syndrome","https://static.wixstatic.com/media/d03445_facd098a97144b74984209275ca11a5f~mv2.jpg/v1/fill/w_1000,h_563,al_c,q_85,usm_0.66_1.00_0.01/d03445_facd098a97144b74984209275ca11a5f~mv2.jpg","","1","Office syndrome โรคที่ไม่ได้เกิดแค่ในออฟฟิศ","BlogPosting Person itemPage ImageObject Organization","6542","27","5","120","1","1"
"https://www.thrivewellnessth.com/post/omega-3","200","","https://www.thrivewellnessth.com/post/omega-3","200","","3199","1178","เสริม OMEGA 3 (โอเมก้า 3) ช่วยลดความเครียด ซึมเศร้า หงุดหงิดง่าย นอนไม่หลับ","75","รู้หรือไม่ Omega-3 ช่วยลดความเครียดได้  ลองเลือกวิธีจัดการความเครียด ง่ายๆ แค่เพิ่ม OMEGA 3 ให้ร่างกาย จากแซลมอน เมล็ดฟักทอง สาหร่ายทะเล ที่ช่วยรักษาระดับความเครียดให้ร่างกาย ลดอารมณ์แปรปรวนง่าย ช่วยเสริมการทำงานของฮอร์โมนให้เป็นปกติ","233","","https://www.thrivewellnessth.com/post/omega-3","https://static.wixstatic.com/media/d03445_0bd363becb394476a828a9b3aba15252~mv2.jpg/v1/fill/w_1000,h_563,al_c,q_85,usm_0.66_1.00_0.01/d03445_0bd363becb394476a828a9b3aba15252~mv2.jpg","","1","เสริม OMEGA 3 (โอเมก้า 3) ช่วยลดความเครียด ซึมเศร้า หงุดหงิดง่าย นอนไม่หลับ","BlogPosting Person itemPage ImageObject Organization","6320","20","2","121","1","1"
"https://www.thrivewellnessth.com/post/organ-praeparation","200","","https://www.thrivewellnessth.com/post/organ-praeparation","200","","3631","1162","Organ Praeparation การรักษาโดยการนำอวัยวะของสัตว์มาใช้ในรักษาโรค","64","","0","","https://www.thrivewellnessth.com/post/organ-praeparation","https://static.wixstatic.com/media/d03445_3ee86f32c19b44f99a237c45cb293471~mv2.jpg/v1/fill/w_1000,h_563,al_c,q_85,usm_0.66_1.00_0.01/d03445_3ee86f32c19b44f99a237c45cb293471~mv2.jpg","","1","Organ Praeparation การรักษาโดยการนำอวัยวะของสัตว์มาใช้ในรักษาโรค","BlogPosting Person itemPage ImageObject Organization","4433","20","2","114","1","1"
"https://www.thrivewellnessth.com/post/oxytocin","200","","https://www.thrivewellnessth.com/post/oxytocin","200","","3164","1209","Oxytocin ฮอร์โมนความรัก ทำให้คุณ""คลั่งรัก""","42","Oxytocin จึงเป็นฮอร์โมนหลักสำคัญต่อการสนับสนุนทางอารมณ์ของเรา โดยที่เราเองก็ไม่สามารถควบคุม รู้ตัว หรือไม่ทันคาดคิด หรือเซนซิทีฟนั่นเอง","135","","https://www.thrivewellnessth.com/post/oxytocin","https://static.wixstatic.com/media/d03445_dee7106c543f4ca087098ac57c9589aa~mv2.jpg/v1/fill/w_1000,h_563,al_c,q_85,usm_0.66_1.00_0.01/d03445_dee7106c543f4ca087098ac57c9589aa~mv2.jpg","","1","ความรักเกิดจากคน 2 คนจริง...หรือเพราะ Oxytocin ที่ทำให้เราถูกรัก","BlogPosting Person itemPage ImageObject Organization","8756","25","3","113","1","1"
"https://www.thrivewellnessth.com/post/panicdisorder","200","","https://www.thrivewellnessth.com/post/panicdisorder","200","","3150","1176","วิตกกังวลขั้นไหน ถึงเป็นโรคแพนิค","32","“ตั้งสติไว้ อย่าเพิ่งแพนิค” เคยผ่านสถาณการณ์นี้ไหมคะ อาการตื่นตระหนก รู้สึกกลัว ใจสั่น แน่นหน้าอก เหงื่อออกมาก เป็นบ่อยซ้ำๆ จนควบคุมตัวเองไม่ได้ กระทบชีวิตประจำวันจนไม่มีความกล้า โรคแพนิคนี้ คืออะไร รักษาอย่างไรได้บ้าง","218","","https://www.thrivewellnessth.com/post/panicdisorder","https://static.wixstatic.com/media/d03445_fc5687df8a7e43158a4ec8e485f305e9~mv2.jpg/v1/fill/w_1000,h_563,al_c,q_85,usm_0.66_1.00_0.01/d03445_fc5687df8a7e43158a4ec8e485f305e9~mv2.jpg","","1","วิตกกังวลขั้นไหน ถึงเป็นโรคแพนิค","BlogPosting Person itemPage ImageObject Organization","5585","21","3","122","1","1"
"https://www.thrivewellnessth.com/post/particulatematters2-5","200","","https://www.thrivewellnessth.com/post/particulatematters2-5","200","","223","1171","ฝุ่น PM2.5 ร้ายขนาดไหน?","23","ขนาดฝุ่นเล็กจิ๋วน้อยกว่า 2.5 ไมครอน ส่งผลกระทบต่อระบบทางเดินหายใจ เมื่อสูดหายใจเข้าไปก็สามารถลอดผ่านการกรองของขนจมูก สู่หลอดลม ลงลึกจนถึงถุงลมปอด และซึมเข้าสู่กระแสเลือดในที่สุด เกิดโรคเกี่ยวกับทางเดินหายใจในระยะยาว","215","","https://www.thrivewellnessth.com/post/particulatematters2-5","https://static.wixstatic.com/media/d03445_54ce3d28144148bdb666141cb4c6dcf0~mv2.gif/v1/fill/w_1280,h_720,al_c/d03445_54ce3d28144148bdb666141cb4c6dcf0~mv2.gif","","1","ฝุ่น PM2.5 ร้ายขนาดไหน?","BlogPosting Person itemPage ImageObject Organization","4225","22","2","120","1","1"
"https://www.thrivewellnessth.com/post/pcos-ภาวะถุงน้ำในรังไข่หลายใบ","200","","https://www.thrivewellnessth.com/post/pcos-%E0%B8%A0%E0%B8%B2%E0%B8%A7%E0%B8%B0%E0%B8%96%E0%B8%B8%E0%B8%87%E0%B8%99%E0%B9%89%E0%B8%B3%E0%B9%83%E0%B8%99%E0%B8%A3%E0%B8%B1%E0%B8%87%E0%B9%84%E0%B8%82%E0%B9%88%E0%B8%AB%E0%B8%A5%E0%B8%B2%E0%B8%A2%E0%B9%83%E0%B8%9A","200","","3225","1162","PCOS ภาวะถุงน้ำในรังไข่หลายใบ","29","สาวๆหลายคนอาจจะมีปัญหาเกี่ยวกับประเดือนขาดหรือมาไม่ปกติ คุณอาจจะไม่รู้เลยว่านี่เป็นสัญญาณเตือนบ่งบอกว่าคุณกำลังเป็น PCOS หรือภาวะถุงน้ำในรังไข่หลายใบ ซึ่งเป็นสาเหตุหลักๆของประจำเดือนมาไม่ปกติและมีบุตรยาก","203","","https://www.thrivewellnessth.com/post/pcos-ภาวะถุงน้ำในรังไข่หลายใบ","https://static.wixstatic.com/media/0828cb_0379fdcd33b9463a89017e559e68bfb0~mv2.jpg/v1/fill/w_1000,h_563,al_c,q_85,usm_0.66_1.00_0.01/0828cb_0379fdcd33b9463a89017e559e68bfb0~mv2.jpg","","1","PCOS ภาวะถุงน้ำในรังไข่หลายใบ","BlogPosting Person itemPage ImageObject Organization","4540","21","2","117","1","1"
"https://www.thrivewellnessth.com/post/pelvicinflammatorydisease","200","","https://www.thrivewellnessth.com/post/pelvicinflammatorydisease","200","","279","1178","สาเหตุและอาการ ภาวะอุ้งเชิงกรานอักเสบ (PID)","43","“อุ้งเชิงกรานอักเสบ” ภาวะน่าเป็นห่วงเมื่อมีเพศสัมพันธ์ (SEX) อย่างไม่ระวัง ไธรฟ์ เวลเนส คลินิก ชวนเรียนรู้โรคอุ้งเชิงกรานอักเสบ หรือ PID (Pelvic Inflammatory Disease) โรคติดเชื้อทางระบบสืบพันธุ์ในเพศหญิง และ ข้อดีของการ SAFE SEX","228","","https://www.thrivewellnessth.com/post/pelvicinflammatorydisease","https://static.wixstatic.com/media/d03445_8cd7a7e57482476cb5f74b6109833c2b~mv2.jpg/v1/fill/w_1000,h_563,al_c,q_85,usm_0.66_1.00_0.01/d03445_8cd7a7e57482476cb5f74b6109833c2b~mv2.jpg","","1","สาเหตุและอาการ ภาวะอุ้งเชิงกรานอักเสบ (PID)","BlogPosting Person itemPage ImageObject Organization","6099","21","2","114","1","1"
"https://www.thrivewellnessth.com/post/periodpain","200","","https://www.thrivewellnessth.com/post/periodpain","200","","162","1169","7 อาการสุดทนของมนุษย์เมนส์","26","7 อาการสุดทน! ที่มาพร้อมประจำเดือนมีอะไรบ้าง พร้อมวิธีรับมือของมนุษย์เมนส์ที่ต้องเจอ","84","","https://www.thrivewellnessth.com/post/periodpain","https://static.wixstatic.com/media/d03445_e2d6a27648b74e8d9adc5e40bf5631b6~mv2.jpg/v1/fill/w_1000,h_563,al_c,q_85,usm_0.66_1.00_0.01/d03445_e2d6a27648b74e8d9adc5e40bf5631b6~mv2.jpg","","1","7 อาการสุดทนของมนุษย์เมนส์","BlogPosting Person itemPage ImageObject Organization","5896","20","2","121","1","1"
"https://www.thrivewellnessth.com/post/personalized-vitamin","200","","https://www.thrivewellnessth.com/post/personalized-vitamin","200","","3390","1181","Personalized Vitamin คืออะไร?","29","Personalized Vitamin คือ การออกแบบวิตามินแบบเฉพาะบุคคล โดยดูจากข้อมูลของคนไข้แต่ละคนเป็นสำคัญ และจากผลการตรวจเลือด ตรวจปัสสาวะ หรือตรวจ DNA รวมถึงการพูดคุย Consult ปัญหาสุขภาพ และความต้องการดูแลเป็นพิเศษ เพื่อครอบคลุมความต้องการของแต่ละบุคคล","241","","https://www.thrivewellnessth.com/post/personalized-vitamin","https://static.wixstatic.com/media/d03445_30417d10776249a0b15ef4adc7e43a9e~mv2.jpg/v1/fill/w_1000,h_563,al_c,q_85,usm_0.66_1.00_0.01/d03445_30417d10776249a0b15ef4adc7e43a9e~mv2.jpg","","1","Personalized Vitamin คืออะไร?","BlogPosting Person itemPage ImageObject Organization","6080","23","2","124","1","1"
"https://www.thrivewellnessth.com/post/phlegm","200","","https://www.thrivewellnessth.com/post/phlegm","200","","327","1171","หลังตื่นนอนเป็นเสมหะตลอด เกิดจากอะไร?","37","เกิดเสมหะ น้ำมูกในคอตลอดเวลา หลัง Long Covid ก็ยิ่งเป็นหนัก รู้ไหมตับกำลังอ่อนแอ!!","82","","https://www.thrivewellnessth.com/post/phlegm","https://static.wixstatic.com/media/d03445_eddfca32251041719178ad34db1fad2a~mv2.jpg/v1/fill/w_1000,h_563,al_c,q_85,usm_0.66_1.00_0.01/d03445_eddfca32251041719178ad34db1fad2a~mv2.jpg","","1","หลังตื่นนอนเป็นเสมหะตลอด เกิดจากอะไร?","BlogPosting Person itemPage ImageObject Organization","4757","22","2","114","1","1"
"https://www.thrivewellnessth.com/post/phobia","200","","https://www.thrivewellnessth.com/post/phobia","200","","3463","1186","โรคกลัวขั้นรุนแรง (Phobia) คืออะไร? มีอาการอย่างไรบ้าง?","55","""ไม่ชอบเลยห้องแคบๆ ไม่มีหน้าต่าง รู้สึก มึนหัว กังวล อึดอัดมากๆ นอนไม่ได้"" ความกลัวที่เกิดขึ้นได้อย่างมีสาเหตุ จากโรคโฟเบียมีอะไรอีกบ้าง พร้อมเช็กตนเองเข้าข่ายความเสี่ยงโรคโฟเบีย หรือไม่?","187","","https://www.thrivewellnessth.com/post/phobia","https://static.wixstatic.com/media/d03445_9d22af351319407fb84969ae0ad94ebb~mv2.jpg/v1/fill/w_1000,h_563,al_c,q_85,usm_0.66_1.00_0.01/d03445_9d22af351319407fb84969ae0ad94ebb~mv2.jpg","","1","โรคกลัวขั้นรุนแรง (Phobia) คืออะไร? มีอาการอย่างไรบ้าง?","BlogPosting Person itemPage ImageObject Organization","7931","21","2","122","1","1"
"https://www.thrivewellnessth.com/post/placen-tac","200","","https://www.thrivewellnessth.com/post/placen-tac","200","","3205","1163","Placen-Tac สารสกัดที่ได้จากรก เพื่อคืนความสาวให้กับคุณผู้หญิง","61","Placen-Tac คือ สารสกัดที่ได้จากรก (Placenta) ซึ่งในรกจะมีสารอาหารค่อนข้างหลากหลายทั้งแร่ธาตุ และฮอร์โมนต่างๆ โดยเฉพาะกลุ่มฮอร์โมนเพศหญิง","136","","https://www.thrivewellnessth.com/post/placen-tac","https://static.wixstatic.com/media/0828cb_dc61e8a8fd9f4c84b1acc43be0a59550~mv2.jpg/v1/fill/w_1000,h_563,al_c,q_85,usm_0.66_1.00_0.01/0828cb_dc61e8a8fd9f4c84b1acc43be0a59550~mv2.jpg","","1","Placen-Tac สารสกัดที่ได้จากรก เพื่อคืนความสาวให้กับคุณผู้หญิง","BlogPosting Person itemPage ImageObject Organization","4498","21","2","115","1","1"
"https://www.thrivewellnessth.com/post/pm-2-5-สารพิษโลหะหนัก","200","","https://www.thrivewellnessth.com/post/pm-2-5-%E0%B8%AA%E0%B8%B2%E0%B8%A3%E0%B8%9E%E0%B8%B4%E0%B8%A9%E0%B9%82%E0%B8%A5%E0%B8%AB%E0%B8%B0%E0%B8%AB%E0%B8%99%E0%B8%B1%E0%B8%81","200","","3268","1164","PM 2.5 ตัวการเกิดสารพิษโลหะหนักในหลอดเลือด","42","ฝุ่น PM 2.5 นอกจากจะส่งผลเสียต่อระบบทางเดินหายใจแล้ว ยังเป็นตัวการสำคัญที่นำพาสารพิษโลหะหนักเข้าสู้ร่างกายเราแบบไม่รู้ตัวอีกด้วย","128","","https://www.thrivewellnessth.com/post/pm-2-5-สารพิษโลหะหนัก","https://static.wixstatic.com/media/0828cb_4fd4fefe6df14b37ba121738e9e2fa4d~mv2.jpg/v1/fill/w_1000,h_563,al_c,q_85,usm_0.66_1.00_0.01/0828cb_4fd4fefe6df14b37ba121738e9e2fa4d~mv2.jpg","","1","PM 2.5 ตัวการเกิดสารพิษโลหะหนักในหลอดเลือด","BlogPosting Person itemPage ImageObject Organization","5193","20","2","117","1","1"
"https://www.thrivewellnessth.com/post/pms-premenstrualsyndrome","200","","https://www.thrivewellnessth.com/post/pms-premenstrualsyndrome","200","","3261","1171","PMS อาการก่อนเป็นประจำเดือน คืออะไร","35","โดยปกติผู้หญิงที่มีประจำเดือนมักจะมีอาการก่อนที่ประจำเดือนจะมาอย่างน้อย 2-3 วัน ซึ่งจะมีอาการปวดท้องน้อย หงุดหงิดง่าย อารมณ์ไม่คงที่ เราจะเรียกอาการเหล่านี้ว่า PMS (Premenstrual Syndrome)","187","","https://www.thrivewellnessth.com/post/pms-premenstrualsyndrome","https://static.wixstatic.com/media/0828cb_3db2a1c0ab154318bd616a97afc008b7~mv2.jpg/v1/fill/w_1000,h_563,al_c,q_85,usm_0.66_1.00_0.01/0828cb_3db2a1c0ab154318bd616a97afc008b7~mv2.jpg","","1","PMS อาการก่อนเป็นประจำเดือน คืออะไร","BlogPosting Person itemPage ImageObject Organization","5781","21","2","114","1","1"
"https://www.thrivewellnessth.com/post/postbiotic","200","","https://www.thrivewellnessth.com/post/postbiotic","200","","335","1182","Gut to know 3P ดีต่อลำไส้","25","Probiotics (โพรไบโอติกส์) เชื้อจุลินทรีย์ดีต่อลำไส้ที่หลายคนคุ้นหู ไหนจะมี Prebiotic (พรีไบโอติกส์) อีก ที่เป็นกองกำลังเสริมช่วยให้อาหารย่อยได้ดี แต่รู้หรือไม่? เรื่องของจุลินทรีย์ไปไกลมากกว่าที่คิด เพราะปัจจุบันมีการขยายเพิ่มกับเจ้า Postbiotic (โพสไบโอติกส์) ที่เข้ามาช่วยดูดซึมอาหารได้แบบ X2","293","","https://www.thrivewellnessth.com/post/postbiotic","https://static.wixstatic.com/media/d03445_d7374a74702f4565ae2f94c0e6d5e954~mv2.jpg/v1/fill/w_1000,h_605,al_c,q_85,usm_0.66_1.00_0.01/d03445_d7374a74702f4565ae2f94c0e6d5e954~mv2.jpg","","1","Gut to know 3P ดีต่อลำไส้","BlogPosting Person itemPage ImageObject Organization","6341","20","2","122","1","1"
"https://www.thrivewellnessth.com/post/postpartumweightretention","200","","https://www.thrivewellnessth.com/post/postpartumweightretention","200","","3448","1172","อ้วนหลังคลอด พุงไม่ยุบ อ้วนไม่หาย เกิดจากอะไร","45","อ้วนหลังคลอด พุงไม่ยุบถือเป็นปัญหาของคุณแม่หลังคลอดหลายๆคน เพราะน้ำหนักที่เพิ่มขึ้นตั้งแต่ช่วงตั้งครรภ์ พอคลอดน้ำหนักและหน้าท้องกลับไม่ลดตาม ทั้งยังแทบจะไม่มีเวลาดูแลตัวเอง นอนน้อย ไม่ได้เวลาออกกำลังกาย","202","","https://www.thrivewellnessth.com/post/postpartumweightretention","https://static.wixstatic.com/media/0828cb_bced5bf39523444a8ac3e4fc2db90acb~mv2.jpg/v1/fill/w_1000,h_563,al_c,q_85,usm_0.66_1.00_0.01/0828cb_bced5bf39523444a8ac3e4fc2db90acb~mv2.jpg","","1","อ้วนหลังคลอด พุงไม่ยุบ อ้วนไม่หาย เกิดจากอะไร","BlogPosting Person itemPage ImageObject Organization","6711","23","3","116","1","1"
"https://www.thrivewellnessth.com/post/preservatives","200","","https://www.thrivewellnessth.com/post/preservatives","200","","3013","1178","สารกัดบูดในอาหารทานได้จริงเหรอ?","31","","0","","https://www.thrivewellnessth.com/post/preservatives","https://static.wixstatic.com/media/d03445_f08ece39fb1c45909d0cab992754bb13~mv2.jpg/v1/fill/w_1000,h_563,al_c,q_85,usm_0.66_1.00_0.01/d03445_f08ece39fb1c45909d0cab992754bb13~mv2.jpg","","1","สารกัดบูดในอาหารทานได้จริงเหรอ?","BlogPosting Person itemPage ImageObject Organization","6918","20","2","122","1","1"
"https://www.thrivewellnessth.com/post/probiotics","200","","https://www.thrivewellnessth.com/post/probiotics","200","","4056","1215","Probiotics ทางออกที่คนท้องเสียบ่อยแก้ได้แบบไม่ต้องพึ่งยา","56","โพรไบโอติกส์’ แบคทีเรียเชื้อดี ที่ทำให้คุณหมดห่วงเรื่องท้องเสีย ท้องผูก อาหารไม่ย่อย และยังส่งสัญญาณมากมายไปช่วยให้ร่างกายคุณทำงานเป็นปกติ หรือแม้แต่ช่วยลดน้ำหนัก!","163","","https://www.thrivewellnessth.com/post/probiotics","https://static.wixstatic.com/media/d03445_e404d964acee4165a5917b871fa2b15b~mv2.jpg/v1/fill/w_1000,h_563,al_c,q_85,usm_0.66_1.00_0.01/d03445_e404d964acee4165a5917b871fa2b15b~mv2.jpg","","1","โพรไบโอติกส์ (Probiotics) จุลินทรีย์ดี ทางออก ที่คนท้องเสียบ่อยแก้ได้แบบไม่ต้องพึ่งยา","BlogPosting Person itemPage ImageObject Organization","9181","22","6","114","1","1"
"https://www.thrivewellnessth.com/post/probiotics-1","200","","https://www.thrivewellnessth.com/post/probiotics-1","200","","3275","1182","Probiotics ดีต่อสุขภาพมากกว่าที่คุณรู้","38","Probiotics เชื้อจุลินทรีย์ที่ไม่ได้มีดีแค่ต่อลำไส้ แต่ยังดีต่อสุขภาพในส่วนอื่นทั่วร่างกาย ดีต่อสุขภาพจิต ผิวหนัง เส้นผมแข็งแรง ควบคุมน้ำหนัก ลดระดับไขมันในเลือด มาทำความรู้จัก Probiotics กันให้มากขึ้นกับประโยชน์เหล่านี้","219","","https://www.thrivewellnessth.com/post/probiotics-1","https://static.wixstatic.com/media/d03445_7bb2c054e49c451094028de8317ec75a~mv2.jpg/v1/fill/w_1000,h_563,al_c,q_85,usm_0.66_1.00_0.01/d03445_7bb2c054e49c451094028de8317ec75a~mv2.jpg","","1","Probiotics ดีต่อสุขภาพมากกว่าที่คุณรู้","BlogPosting Person itemPage ImageObject Organization","8790","19","2","121","1","1"
"https://www.thrivewellnessth.com/post/progesterone","200","","https://www.thrivewellnessth.com/post/progesterone","200","","198","1203","Progesterone ฮอร์โมนเพศหญิงสำคัญยังไง? ทำไมคุณควรรู้จัก?","56","Progesterone (โปรเจสเตอโรน) คือ ฮอร์โมนเพศหญิง ถูกสร้างจากรังไข่ ดังนั้นจึงควบคุมต่อการตกไข่และการมีประจำเดือนโดยเฉพาะ และยังส่งเสริมการทำงานของอินซูลิน รวมถึงทำให้อุณหภูมิในร่างกายสูงขึ้น","188","","https://www.thrivewellnessth.com/post/progesterone","https://static.wixstatic.com/media/d03445_a5141074b700416fb805b7bee542db8d~mv2.jpg/v1/fill/w_1000,h_563,al_c,q_85,usm_0.66_1.00_0.01/d03445_a5141074b700416fb805b7bee542db8d~mv2.jpg","","1","Progesterone เรื่องฮอร์โมนผู้หญิงที่สาวๆ ควรรู้!","BlogPosting Person itemPage ImageObject Organization","7913","23","3","117","1","1"
"https://www.thrivewellnessth.com/post/rejuran","200","","https://www.thrivewellnessth.com/post/rejuran","200","","3260","1176","Rejuran เคล็ด(ไม่)ลับ Makeup no Makeup ผิวหน้าฉ่ำวาว ฉบับสาวเกาหลี นวัตกรรมใหม่ล่าสุด!","86","Rejuran เป็น DNA ที่มีความใกล้เคียงกับมนุษย์มากที่สุด จากสารสกัดปลาแซลมอนธรรมชาติ เหมาะกับผู้ที่มีปัญหา ผิวบอบบางแพ้ง่าย อยากฟื้นฟูผิวแบบเร่งด่วน ลดริ้วรอย หลุมสิวผิวไม่กระชับ ผู้ที่เริ่มมีอายุ 30 ปีขึ้นไป และผู้ที่มีปัญหาผิวแห้งกร้าน","234","","https://www.thrivewellnessth.com/post/rejuran","https://static.wixstatic.com/media/d03445_e742e44fd5564b81a5b43f33aecce495~mv2.jpg/v1/fill/w_1000,h_563,al_c,q_85,usm_0.66_1.00_0.01/d03445_e742e44fd5564b81a5b43f33aecce495~mv2.jpg","","1","Rejuran เคล็ด(ไม่)ลับ Makeup no Makeup ผิวหน้าฉ่ำวาว ฉบับสาวเกาหลี นวัตกรรมใหม่ล่าสุด!","BlogPosting Person itemPage ImageObject Organization","5334","20","2","118","1","1"
"https://www.thrivewellnessth.com/post/review-ivdrip-allergy-defender","200","","https://www.thrivewellnessth.com/post/review-ivdrip-allergy-defender","200","","3460","1166","คุณเอิง IV Drip Vitamin สูตร ""Allergy Defender""","47","IV Drip Vitamin ที่ Thrive Wellness Clinic เอิงติดใจดริปแล้วสบายตัว ไม่ค่อยป่วยเลยค่ะ⭐👍","87","","https://www.thrivewellnessth.com/post/review-ivdrip-allergy-defender","https://static.wixstatic.com/media/d03445_a2dd30e5610247e6a25eddaa5f583e19~mv2.jpg/v1/fill/w_1000,h_1000,al_c,q_85,usm_0.66_1.00_0.01/d03445_a2dd30e5610247e6a25eddaa5f583e19~mv2.jpg","","1","คุณเอิง IV Drip Vitamin สูตร ""Allergy Defender""","BlogPosting Person itemPage ImageObject Organization","4279","21","4","117","1","1"
"https://www.thrivewellnessth.com/post/serotonin","200","","https://www.thrivewellnessth.com/post/serotonin","200","","3131","1205","ส่องคลิปสั้นๆ ก่อนนอน อาจส่งผลให้ Serotonin ไม่ปกติ","51","ชวนคุณผู้อ่านเข้าใจการทำงาน และเหตุผลสำคัญที่ควรสร้างสมดุลของ Serotonin ให้หลั่งอย่างเป็นปกติสุข ไม่สวิง เหวี่ยง ลดซึมเศร้า นอนหลับง่าย และทานอาหารอย่างสบายใจ","158","","https://www.thrivewellnessth.com/post/serotonin","https://static.wixstatic.com/media/d03445_c73fd065ccbd432eaec04fa382b204a8~mv2.jpg/v1/fill/w_1000,h_563,al_c,q_85,usm_0.66_1.00_0.01/d03445_c73fd065ccbd432eaec04fa382b204a8~mv2.jpg","","1","ส่องคลิปสั้นๆ ก่อนนอน อาจส่งผลให้ Serotonin ไม่ปกติ","BlogPosting Person itemPage ImageObject Organization","8486","22","3","115","1","1"
"https://www.thrivewellnessth.com/post/silica","200","","https://www.thrivewellnessth.com/post/silica","200","","256","1183","ชวนรู้จัก Silica แร่ธาตุแห่งความงาม ผิวฉ่ำโกลว์ และลดผมร่วง","59","โครงสร้างของผิว ผม กล้ามเนื้อ กระดูก หรือแม้แต่ผังหลอดเลือดต่งาจำเป็นต้องใช้ซิลิกา Silica แทบทั้งนั้น แต่น้อยคนที่จะรู้จักถึงความสำคัญของมัน","140","","https://www.thrivewellnessth.com/post/silica","https://static.wixstatic.com/media/d03445_6719f00cd62c45c393803fbd85ef70b7~mv2.jpg/v1/fill/w_1000,h_563,al_c,q_85,usm_0.66_1.00_0.01/d03445_6719f00cd62c45c393803fbd85ef70b7~mv2.jpg","","1","ชวนรู้จัก Silica แร่ธาตุแห่งความงาม ผิวฉ่ำโกลว์ และลดผมร่วง","BlogPosting Person itemPage ImageObject Organization","5958","19","4","111","1","1"
"https://www.thrivewellnessth.com/post/skin-care","200","","https://www.thrivewellnessth.com/post/skin-care","200","","242","1167","อวดผิวสวยอย่างมั่นใจ รวมเทคนิกดูแลผิวห้ามพลาด","45","สาวๆทุกคนล้วนแล้วแต่ใฝ่ฝันอยากมีผิวที่ขาวใส เรียบเนียน สุขภาพดี ซึ่งการดูแลผิวสามารถดูแลได้ตั้งแต่ภายในสู่ภายนอก เช่น ทานวิตามินบำรุงผิว การทาครีมบำรุง ทาครีมกันแดด","164","","https://www.thrivewellnessth.com/post/skin-care","https://static.wixstatic.com/media/0828cb_8f5bd2bb0caf4292a2336ff2a11f4dd4~mv2.jpg/v1/fill/w_1000,h_563,al_c,q_85,usm_0.66_1.00_0.01/0828cb_8f5bd2bb0caf4292a2336ff2a11f4dd4~mv2.jpg","","1","อวดผิวสวยอย่างมั่นใจ รวมเทคนิกดูแลผิวห้ามพลาด","BlogPosting Person itemPage ImageObject Organization","6146","21","2","115","1","1"
"https://www.thrivewellnessth.com/post/sleep-detox-booster","200","","https://www.thrivewellnessth.com/post/sleep-detox-booster","200","","3499","1163","กลไกการ #Detox และ #Booster ตามธรรมชาติจากการนอนหลับ 💤🛌","55","","0","","https://www.thrivewellnessth.com/post/sleep-detox-booster","https://static.wixstatic.com/media/8a2520_55453451d2154703b224a3061bcdbda3~mv2.png/v1/fill/w_1000,h_625,al_c,q_90,usm_0.66_1.00_0.01/8a2520_55453451d2154703b224a3061bcdbda3~mv2.png","","1","กลไกการ #Detox และ #Booster ตามธรรมชาติจากการนอนหลับ 💤🛌","BlogPosting Person itemPage ImageObject Organization","4972","20","4","115","1","1"
"https://www.thrivewellnessth.com/post/sleep-gaba","200","","https://www.thrivewellnessth.com/post/sleep-gaba","200","","219","1201","นอนไม่หลับเชิญทางนี้ ประโยชน์ของ  GABA ที่ช่วยในการนอนหลับ","58","ปัญหาการนอนไม่หลับ ความรู้ที่จะช่วยให้การนอนหลับง่ายขึ้นมาให้อ่านกันค่ะ การนอนหลับของคนเราต้องอาศัยสารสื่อประสาทเพื่อ ลดการทำงานของร่างกายให้ลดการตื่นตัว และ การทำงานของเซลล์สมอง เพื่อส่งสัญญาว่าร่างกายต้องการพัก","212","","https://www.thrivewellnessth.com/post/sleep-gaba","https://static.wixstatic.com/media/nsplsh_736d75535f6a555a613949~mv2_d_4016_4016_s_4_2.jpg/v1/fill/w_1000,h_1000,al_c,q_85,usm_0.66_1.00_0.01/nsplsh_736d75535f6a555a613949~mv2_d_4016_4016_s_4_2.jpg","","1","นอนไม่หลับเชิญทางนี้","BlogPosting Person itemPage ImageObject Organization","6850","25","2","114","1","1"
"https://www.thrivewellnessth.com/post/sleepwalking","200","","https://www.thrivewellnessth.com/post/sleepwalking","200","","292","1170","ตื่นมาภาพตัด ตื่นที่ไหน ทำอะไรไว้บ้าง.. สาเหตุจากอาการนอนละเมอ","62","อาการละเมอ อันตรายและไม่ใช่เรื่องที่ควรปล่อยผ่าน เพราะเมื่อขณะกำลังนอนหลับอยู่นั้น ร่างกายทำสิ่งต่างๆ โดยที่ไม่ทันรู้ตัว อาการละเมื่อมีหลายรูปแบบ ทั้งละเมอพูด ละเมอเดิน ละเมอหัวเราะ และอาจรุนแรงถึงขึ้นทำร้ายผู้อื่นได้","217","","https://www.thrivewellnessth.com/post/sleepwalking","https://static.wixstatic.com/media/d03445_4825adb2cedd409c9eb2ec6e0106a188~mv2.jpg/v1/fill/w_1000,h_563,al_c,q_85,usm_0.66_1.00_0.01/d03445_4825adb2cedd409c9eb2ec6e0106a188~mv2.jpg","","1","ตื่นมาภาพตัด ตื่นที่ไหน ทำอะไรไว้บ้าง.. สาเหตุจากอาการนอนละเมอ","BlogPosting Person itemPage ImageObject Organization","6164","20","2","117","1","1"
"https://www.thrivewellnessth.com/post/smiling-depression","200","","https://www.thrivewellnessth.com/post/smiling-depression","200","","1175","1165","Smiling Depression รอยยิ้มที่เป็นหน้ากากของความเศร้า","52","ยังมีคนอีกกลุ่มหนึ่งที่เวลาพบเจอมักจะเห็นแต่รอยยิ้มที่ดูสดใส ร่าเริง ใช้ชีวิตได้อย่างปกติ แต่ลึกในใจมีแต่ความเศร้าหมองเก็บฝังไว้ข้างใน ไม่แสดงออก หรือแสดงออกในทางตรงข้าม เราจะเรียกผู้ที่มีอาการซึมเศร้าแฝงแบบนี้ว่า Smiling Depression","232","","https://www.thrivewellnessth.com/post/smiling-depression","https://static.wixstatic.com/media/0828cb_f8253b4d7e844e1d993c94b183e3f175~mv2.jpg/v1/fill/w_1000,h_563,al_c,q_85,usm_0.66_1.00_0.01/0828cb_f8253b4d7e844e1d993c94b183e3f175~mv2.jpg","","1","Smiling Depression รอยยิ้มที่เป็นหน้ากากของความเศร้า","BlogPosting Person itemPage ImageObject Organization","6179","19","2","114","3","1"
"https://www.thrivewellnessth.com/post/stem-cell-facial-therapy","200","","https://www.thrivewellnessth.com/post/stem-cell-facial-therapy","200","","578","1213","ย้อนวัยผิวระดับเซลล์✨ ด้วย Stem Cell Facial Treatment","53","อายุ 60 ปี Stem Cell ลดหลือเพียง 5 % จาก Stem Cell 100%  ในวัยแรกเกิด สเต็มเซลล์จึงถือเป็นที่สุดทางวงการแพทย์ผิวหนังและความงามที่เข้าไปตัดวงจรปัญหาแห่งวัยตั้งแต่ต้น ไม่ใช่แค่เพียงเติมเต็มผิวเท่านั้น แต่ยังซ่อมแซมจากเซลล์สู่เซลล์ให้สมบูรณ์อย่างเช่นเซลล์ผิวเด็ก ให้ผิวพรรณกระจ่างใส ดูอ่อนเยาว์กว่าวัย","298","","https://www.thrivewellnessth.com/post/stem-cell-facial-therapy","https://static.wixstatic.com/media/d03445_b20be9b2d848416c863fe9c2fd81b1bd~mv2.jpg/v1/fill/w_1000,h_563,al_c,q_85,usm_0.66_1.00_0.01/d03445_b20be9b2d848416c863fe9c2fd81b1bd~mv2.jpg","","1","ย้อนวัยผิวระดับเซลล์✨ ด้วย Stem Cell Facial Treatment","BlogPosting Person itemPage ImageObject Organization","6194","28","5","118","1","1"
"https://www.thrivewellnessth.com/post/stress","200","","https://www.thrivewellnessth.com/post/stress","200","","3240","1158","ความเครียดที่เกิดจากสารสื่อประสาทไม่สมดุล","41","สารสื่อประสาท (Neurotransmitter) เป็นสารที่เซลล์ประสาทสร้างขึ้นเพื่อใช้ส่งกระแสประสาทจากเซลล์หนึ่งไปยังอีกเซลล์หนึ่ง ก็เหมือนกับกลไกการทำงานของอวัยวะ แต่ควบคุมทางด้านสภาวะอารมณ์ สุขภาพจิตใจเป็นหลัก เช่น ความวิตกกังวล ภาวะซึมเศร้า ความเครียดสะสม อาการนอนไม่หลับ เป็นต้น","268","","https://www.thrivewellnessth.com/post/stress","https://static.wixstatic.com/media/0828cb_abd482d976ea44a0b0acef4bd74b53f1~mv2.jpg/v1/fill/w_1000,h_563,al_c,q_85,usm_0.66_1.00_0.01/0828cb_abd482d976ea44a0b0acef4bd74b53f1~mv2.jpg","","1","ความเครียดที่เกิดจากสารสื่อประสาทไม่สมดุล","BlogPosting Person itemPage ImageObject Organization","4998","19","2","119","1","1"
"https://www.thrivewellnessth.com/post/stressdisorder","200","","https://www.thrivewellnessth.com/post/stressdisorder","200","","3401","1192","โรคที่เกิดจากภาวะเครียดสะสม","27","Thrive Wellness Clinic พาคุณเช็กความเสี่ยงโรค หากมีภาวะเครียดสะสมจะส่งผลอย่างไร เมื่อความเครียดอยู่ใกล้ตัวเพียงไถฟีด Social Media","129","","https://www.thrivewellnessth.com/post/stressdisorder","https://static.wixstatic.com/media/d03445_348fc62f28b74c778a76e9ea137f9a22~mv2.jpg/v1/fill/w_1000,h_563,al_c,q_85,usm_0.66_1.00_0.01/d03445_348fc62f28b74c778a76e9ea137f9a22~mv2.jpg","","1","โรคที่เกิดจากภาวะเครียดสะสม","BlogPosting Person itemPage ImageObject Organization","6458","23","3","120","1","1"
"https://www.thrivewellnessth.com/post/syncope","200","","https://www.thrivewellnessth.com/post/syncope","200","","3426","1173","หน้ามืด วูบบ่อยอันตรายกว่าที่คิด","32","อาการวูบ ภัยเงียบใกล้ตัวที่เกิดขึ้นได้ ในภาวะที่ไม่สามารถควบคุมร่างกายได้ และหมดสติลงนี้เกิดขึ้นได้อย่างไร อันตรายอะไรที่แฝงอยู่เมื่อคุณหน้ามืดและวูบอยู่บ่อย ๆ","159","","https://www.thrivewellnessth.com/post/syncope","https://static.wixstatic.com/media/d03445_f522ac0866844c48a132f80f2ed51391~mv2.jpg/v1/fill/w_1000,h_563,al_c,q_85,usm_0.66_1.00_0.01/d03445_f522ac0866844c48a132f80f2ed51391~mv2.jpg","","1","หน้ามืด วูบบ่อยอันตรายกว่าที่คิด","BlogPosting Person itemPage ImageObject Organization","5292","20","2","122","1","1"
"https://www.thrivewellnessth.com/post/telomereความลับของเซลล์-cell-ที่ช่วยให้อายุยืนยาว","200","","https://www.thrivewellnessth.com/post/telomere%E0%B8%84%E0%B8%A7%E0%B8%B2%E0%B8%A1%E0%B8%A5%E0%B8%B1%E0%B8%9A%E0%B8%82%E0%B8%AD%E0%B8%87%E0%B9%80%E0%B8%8B%E0%B8%A5%E0%B8%A5%E0%B9%8C-cell-%E0%B8%97%E0%B8%B5%E0%B9%88%E0%B8%8A%E0%B9%88%E0%B8%A7%E0%B8%A2%E0%B9%83%E0%B8%AB%E0%B9%89%E0%B8%AD%E0%B8%B2%E0%B8%A2%E0%B8%B8%E0%B8%A2%E0%B8%B7%E0%B8%99%E0%B8%A2%E0%B8%B2%E0%B8%A7","200","","551","1160","Telomere ความลับของเซลล์ (cell) ที่ช่วยให้อายุยืนยาว","52","","0","","https://www.thrivewellnessth.com/post/telomereความลับของเซลล์-cell-ที่ช่วยให้อายุยืนยาว","https://static.wixstatic.com/media/8a2520_d73a161653e24f4190f6173b8be82392~mv2.jpg/v1/fill/w_701,h_514,al_c,lg_1,q_85/8a2520_d73a161653e24f4190f6173b8be82392~mv2.jpg","","1","Telomere ความลับของเซลล์ (cell) ที่ช่วยให้อายุยืนยาว","BlogPosting Person itemPage ImageObject Organization","4774","19","3","115","1","1"
"https://www.thrivewellnessth.com/post/testosterone","200","","https://www.thrivewellnessth.com/post/testosterone","200","","208","1192","มาทำความรู้จัก Testosterone เพื่อให้คงความหนุ่มได้ยาวนาน","56","","0","","https://www.thrivewellnessth.com/post/testosterone","https://static.wixstatic.com/media/d03445_30820f7b285949878360082f551c7b52~mv2.jpg/v1/fill/w_1000,h_563,al_c,q_85,usm_0.66_1.00_0.01/d03445_30820f7b285949878360082f551c7b52~mv2.jpg","","1","Testosterone ฮอร์โมนความเป็นชายที่หมดลงได้เมื่ออายุ 30","BlogPosting Person itemPage ImageObject Organization","8224","21","3","115","1","1"
"https://www.thrivewellnessth.com/post/testosterone-1","200","","https://www.thrivewellnessth.com/post/testosterone-1","200","","237","1169","ความต้องการทางเพศลดลง หงุดหงิดง่าย เกิดจากเทสโทสเตอโรนลดลงจริงไหม?","66","เมื่อผู้ชายเข้าสู่วัย 40 ปีขึ้นไป จะเริ่มมีปัญหาสุขภาพ สาเหตุหนึ่งเกิดมาจากฮอร์โมนเพศชาย หรือ เทสโทสเตอโรน (Testosterone Hoomone) ลดลง หากปล่อยไปและไม่บำรุงจะส่งผลต่อสุขภาพอย่างชัดเจน","183","","https://www.thrivewellnessth.com/post/testosterone-1","https://static.wixstatic.com/media/0828cb_b77c77d306814b76bc351bc35b1e2a5d~mv2.jpg/v1/fill/w_1000,h_563,al_c,q_85,usm_0.66_1.00_0.01/0828cb_b77c77d306814b76bc351bc35b1e2a5d~mv2.jpg","","1","ความต้องการทางเพศลดลง หงุดหงิดง่าย เกิดจากเทสโทสเตอโรนลดลงจริงไหม?","BlogPosting Person itemPage ImageObject Organization","7062","22","2","116","1","1"
"https://www.thrivewellnessth.com/post/testosterone-woman","200","","https://www.thrivewellnessth.com/post/testosterone-woman","200","","3056","1160","สาวๆที่อยากมีกล้ามสวยๆ ต้องมีฮอร์โมนเทสโทสเตอโรนอย่างเหมาะสม","60","ฮอร์โมนเทสโทสเตอโรน (Testosterone) แม้เป็นฮอร์โมนเพศชาย แต่ก็มีความจำเป็นในผู้หญิง เพราะจะช่วยสร้างกล้ามเนื้อ รักษามวลกล้ามเนื้อ รักษาสมดุลของระบบเผาผลาญ ส่งผลต่อความแข็งแรงของกระดูก ลดไขมันสะสมในร่างกาย รวมไปถึงอารมณ์ทางเพศของเพศหญิง","234","","https://www.thrivewellnessth.com/post/testosterone-woman","https://static.wixstatic.com/media/0828cb_3384471c5877443daeb9a0bf71da2b96~mv2.jpg/v1/fill/w_1000,h_563,al_c,q_85,usm_0.66_1.00_0.01/0828cb_3384471c5877443daeb9a0bf71da2b96~mv2.jpg","","1","สาวๆที่อยากมีกล้ามสวยๆ ต้องมีฮอร์โมนเทสโทสเตอโรนอย่างเหมาะสม","BlogPosting Person itemPage ImageObject Organization","4340","20","2","115","1","1"
"https://www.thrivewellnessth.com/post/theelderly","200","","https://www.thrivewellnessth.com/post/theelderly","200","","3485","1200","อาการวัยทองของผู้หญิงและผู้ชายเป็นอย่างไร","41","อาการวัยทอง ภาวะที่เกิดได้ทั้งหญิงและชาย เมื่อเริ่มเข้าสู่ช่วงอายุ 40-59 ปี ฮอร์โมนเพศที่ผลิตขึ้นลดน้อยลง ส่งผลให้ฮอร์โมนขาดสมดุล เพิ่มปัญหาทางอารมณ์ไม่คงที่ ร่างกายมีความเสี่ยงต่อโรคกระดูกพรุน โรคหัวใจและหลอดเลือด รวมถึงโรคเรื้อรังต่างๆ ที่พ่วงมาพร้อมวัย","255","","https://www.thrivewellnessth.com/post/theelderly","https://static.wixstatic.com/media/d03445_1ecbc1d38b0345c9acd15e80aa5f742e~mv2.jpg/v1/fill/w_1000,h_563,al_c,q_85,usm_0.66_1.00_0.01/d03445_1ecbc1d38b0345c9acd15e80aa5f742e~mv2.jpg","","1","อาการวัยทองของผู้หญิงและผู้ชายเป็นอย่างไร","BlogPosting Person itemPage ImageObject Organization","7308","23","2","123","1","1"
"https://www.thrivewellnessth.com/post/thyroid","200","","https://www.thrivewellnessth.com/post/thyroid","200","","3060","1194","กินเท่าแมวดมแต่กลับอ้วนเอาๆ? อาจเป็นเพราะ ‘ต่อมไทรอยด์อักเสบ’","61","หากเริ่มสังเกตตัวเองแล้วว่าเริ่มมีอาการคอบวมๆ ร่วมกับอาการอ่อนเพลีย ง่วงนอน ท้องผูก ผิวแห้ง ขี้หนาว เป็นตะคริว เสียงแหบ น้ำหนักขึ้นหรือลดยังไงก็ไม่ลงแล้วละก็ ให้สงสัยว่าคุณอาจมีอาการต่อมไทรอยด์ผิดปกติ","200","","https://www.thrivewellnessth.com/post/thyroid","https://static.wixstatic.com/media/d03445_860ff01901944c28a5a76c78dbb3745b~mv2.jpg/v1/fill/w_1000,h_563,al_c,q_85,usm_0.66_1.00_0.01/d03445_860ff01901944c28a5a76c78dbb3745b~mv2.jpg","","1","กินเท่าไหร่ก็ไม่อ้วน? ที่ระบบเผาผลาญมีปัญหา อาจเป็นเพราะ ‘ต่อมไทรอยด์อักเสบ’","BlogPosting Person itemPage ImageObject Organization","7294","22","3","116","1","1"
"https://www.thrivewellnessth.com/post/triglyceride","200","","https://www.thrivewellnessth.com/post/triglyceride","200","","185","1183","Triglyceride ค่าที่ไม่ควรมองข้าม เช็กให้ชัวร์!ระบบ Metabolism เบิร์นไม่ได้?","75","ทำความเข้าใจกับ ไตรกลีเซอไรด์ ไขมันตัวร้ายที่เกิดจากการทานอาหารมื้ออร่อย แล้วไม่ถูกเผาผลาญจึงย้ายไปสะสมที่พุง แขน ขา ตับ และอันตรายถึงขั้นไตรกลีเซอไรด์อุดตันในหลอดเลือดหัวใจ","173","","https://www.thrivewellnessth.com/post/triglyceride","https://static.wixstatic.com/media/d03445_b735a2373ac34f45bbbdc6acceb3f6b3~mv2.jpg/v1/fill/w_1000,h_563,al_c,q_85,usm_0.66_1.00_0.01/d03445_b735a2373ac34f45bbbdc6acceb3f6b3~mv2.jpg","","1","Triglyceride ค่าที่ไม่ควรมองข้าม เช็กให้ชัวร์!ระบบ Metabolism เบิร์นไม่ได้?","BlogPosting Person itemPage ImageObject Organization","5572","24","2","119","1","1"
"https://www.thrivewellnessth.com/post/tryptophan","200","","https://www.thrivewellnessth.com/post/tryptophan","200","","213","1202","นอนไม่หลับทำอย่างไร ทริปโตเฟนอาจเป็นคำตอบ","41","ทริปโตเฟน (Tryptophan) คือ กรดอะมิโนจำเป็น ร่างกายเราไม่สามารถสร้างขึ้นเองได้ ช่วยให้เราผ่อนคลายและหลับได้ดี เพราะทริปโตเฟนนั้นเป็นสารตั้งต้นให้แก่เมลาโทนิน ฮอร์โมนแห่งการนอนหลับ","178","","https://www.thrivewellnessth.com/post/tryptophan","https://static.wixstatic.com/media/d03445_3bed0d1d674f4137a900c2cafea4e068~mv2.jpg/v1/fill/w_1000,h_563,al_c,q_85,usm_0.66_1.00_0.01/d03445_3bed0d1d674f4137a900c2cafea4e068~mv2.jpg","","1","นอนไม่หลับ ทำอย่างไร? กรดอะมิโนจำเป็น 'ทริปโตเฟน' มีคำตอบ","BlogPosting Person itemPage ImageObject Organization","6737","25","3","114","1","1"
"https://www.thrivewellnessth.com/post/tubercrop","200","","https://www.thrivewellnessth.com/post/tubercrop","200","","3030","1169","ผักกินหัว ตัวช่วยกําจัดฮอร์โมนเสีย ลดความเสี่ยงมะเร็ง","53","รวมประโยชน์ของผักกินหัวที่ไม่ควรพลาด แหล่งสารอาหารชั้นดี ลดความเสี่ยงมะเร็ง และยังช่วยลดน้ำหนักได้ ไธรฟ์ เวลเนส คลินิก ขอแนะนำชนิดของผักกินหัวที่กินแล้วดีมาบอกค่ะ","162","","https://www.thrivewellnessth.com/post/tubercrop","https://static.wixstatic.com/media/d03445_73401daa730f4a34b94a57ca8543e172~mv2.jpg/v1/fill/w_1000,h_563,al_c,q_85,usm_0.66_1.00_0.01/d03445_73401daa730f4a34b94a57ca8543e172~mv2.jpg","","1","ผักกินหัว ตัวช่วยกําจัดฮอร์โมนเสีย ลดความเสี่ยงมะเร็ง","BlogPosting Person itemPage ImageObject Organization","5683","20","2","121","1","1"
"https://www.thrivewellnessth.com/post/vitamin","200","","https://www.thrivewellnessth.com/post/vitamin","200","","3244","1161","10 วิตามินเสริม เพิ่มโอกาสการตั้งครรภ์","38","การบำรุงมดลูกรวมไปถึงร่างกายคุณแม่แข็งแรง วันนี้ไธรฟ์ เวลเนส แนะนำ 10 วิตามินที่จะมาช่วยบำรุงและเพิ่มโอกาสในการตั้งครรภ์ให้กับคุณผู้หญิง","136","","https://www.thrivewellnessth.com/post/vitamin","https://static.wixstatic.com/media/0828cb_4d8e87f029924fb79283b81b3864f6f3~mv2.jpg/v1/fill/w_1000,h_563,al_c,q_85,usm_0.66_1.00_0.01/0828cb_4d8e87f029924fb79283b81b3864f6f3~mv2.jpg","","1","10 วิตามินเสริม เพิ่มโอกาสการตั้งครรภ์","BlogPosting Person itemPage ImageObject Organization","5814","20","2","118","1","1"
"https://www.thrivewellnessth.com/post/vitamin-a","200","","https://www.thrivewellnessth.com/post/vitamin-a","200","","3665","1169","วิตามิน A สำคัญมากกว่าแค่สายตา แต่ยังช่วยเสริมภูมิต้านโควิด","59","วิตามินเอ นอกจากจะทำให้สายตาสู้แสงได้ในตอนกลางวัน ยังสร้างเสริมภูมิคุ้มกัน ต่อสู้กับเชื้อโรคและไวรัส รวมทั้งมีสารต้านอนุมูลอิสระ ป้องกันการเกิดมะเร็ง","149","","https://www.thrivewellnessth.com/post/vitamin-a","https://static.wixstatic.com/media/989780_b406467de8d44b6aa41c4bf147d7ca0b~mv2.jpg/v1/fill/w_1000,h_563,al_c,q_85,usm_0.66_1.00_0.01/989780_b406467de8d44b6aa41c4bf147d7ca0b~mv2.jpg","","1","ไธรฟ์ ชวนรู้! เกร็ดง่ายๆ ของ วิตามิน A ช่วยอะไรบ้างนะ","BlogPosting Person itemPage ImageObject Organization","4294","21","3","114","1","1"
"https://www.thrivewellnessth.com/post/vitamin-anti-stress","200","","https://www.thrivewellnessth.com/post/vitamin-anti-stress","200","","3314","1173","วิตามินคลายความเครียด มีอะไรบ้าง?","33","เครียด เครียด เครียด ทำงานหนัก พักผ่อนน้อย ผิวแห้งลอก ทานอาหารไม่ตรงเวลา ห่างหายการออกกำลังกาย ดื่มน้ำน้อย ติดหวาน พฤติกรรมยิ่งส่งผลให้เครียดสะสม ซึมเศร้า ร่างกายขาดสารอาหาร ต้องเพิ่มวิตามินตัวไหนบ้างให้ร่างกายเฟรช!","215","","https://www.thrivewellnessth.com/post/vitamin-anti-stress","https://static.wixstatic.com/media/d03445_0ffbdafc810d4538bdbe743ce0047a27~mv2.jpg/v1/fill/w_1000,h_563,al_c,q_85,usm_0.66_1.00_0.01/d03445_0ffbdafc810d4538bdbe743ce0047a27~mv2.jpg","","1","วิตามินคลายความเครียด มีอะไรบ้าง?","BlogPosting Person itemPage ImageObject Organization","7426","19","2","116","1","1"
"https://www.thrivewellnessth.com/post/vitamin-b12","200","","https://www.thrivewellnessth.com/post/vitamin-b12","200","","307","1171","ลดความอยากน้ำตาลได้ แค่เพิ่มวิตามินบี 12","40","วิตามินบี 12 หรือโคบาลามิน นอกจากจะช่วยเรื่องระบบประสาท ยังช่วยเร่งการเผาผลาญไขมัน ลดภาวะซึมเศร้า อาการอยากน้ำตาล แต่มักจะขาดในผู้ที่ทานมังสวิรัติเป็นเวลานาน","157","","https://www.thrivewellnessth.com/post/vitamin-b12","https://static.wixstatic.com/media/d03445_8da81ec4fc3148978c2a2781cfe70471~mv2.jpg/v1/fill/w_1000,h_563,al_c,q_85,usm_0.66_1.00_0.01/d03445_8da81ec4fc3148978c2a2781cfe70471~mv2.jpg","","1","ไธรฟ์ ชวนรู้! เกร็ดง่ายๆ ลดอยากน้ำตาลได้ แค่เพิ่มวิตามินบี 12","BlogPosting Person itemPage ImageObject Organization","4394","20","3","111","1","1"
"https://www.thrivewellnessth.com/post/vitamin-b3","200","","https://www.thrivewellnessth.com/post/vitamin-b3","200","","3500","1180","วิตามินบี 3 กับปัญหาผิวหย่อยคล้อยก่อนวัย?","41","ชวนตั้งเตือนความสำคัญของวิตามินบี 3 วิตามินบี3 นั้นเป็นสารตั้งต้นที่สำคัญของ ทริปโตเฟน NAD และมีความสำคัญกับกระบวนการเผาผลาญ นอกจากจะช่วยเรื่องระบบประสาทยังช่วยให้ผิวหนังของคุณแข็งแรงสุขภาพดีอีกด้วย","198","","https://www.thrivewellnessth.com/post/vitamin-b3","https://static.wixstatic.com/media/d03445_bd34cf9ba1db4425a9c4e4a261079b1b~mv2.jpg/v1/fill/w_1000,h_563,al_c,q_85,usm_0.66_1.00_0.01/d03445_bd34cf9ba1db4425a9c4e4a261079b1b~mv2.jpg","","1","ไธรฟ์ ชวนรู้! เกร็ดง่ายๆ ลดผิวหย่อนคล้อย จาก วิตามินบี 3","BlogPosting Person itemPage ImageObject Organization","4721","23","3","118","1","1"
"https://www.thrivewellnessth.com/post/vitamin-b6","200","","https://www.thrivewellnessth.com/post/vitamin-b6","200","","3466","1172","วิตามินบี6 ที่คุณแม่ตั้งครรภ์ควรต้องได้การบำรุง","47","อาการขาดวิตามินบี 6 จะคลื่นไส้ อาเจียนบ่อยๆ เวียนหัว อ่อนเพลีย ริมฝีปากแห้งแตก ซึมเศร้า สับสน โลหิตจาง นากจากนั้นยังสำคัญต่อคุณแม่ตั้งครรภ์และสาวๆที่ทานยาคุม","157","","https://www.thrivewellnessth.com/post/vitamin-b6","https://static.wixstatic.com/media/d03445_068828b8d44b4ba5a67a5922474ab1e2~mv2.jpg/v1/fill/w_1000,h_563,al_c,q_85,usm_0.66_1.00_0.01/d03445_068828b8d44b4ba5a67a5922474ab1e2~mv2.jpg","","1","ไธรฟ์ ชวนรู้! เกร็ดง่ายๆ ของวิตามินบี 6 ที่สาวๆ ทานยาคุมต้องมี","BlogPosting Person itemPage ImageObject Organization","4603","21","3","119","1","1"
"https://www.thrivewellnessth.com/post/vitamin-d","200","","https://www.thrivewellnessth.com/post/vitamin-d","200","","3259","1166","กันแดดมากไปอาจขาด วิตามินดี! แต่มันไม่ดีแน่ๆ!!","46","เทรนด์การป้องกันแสงแดดมากเกินไปทำให้คุณเกิดภาวะขาดวิตามินดีได้ วิตามินดีนั้นสำคัญต่อระบบภูมิคุ้มกันอย่างมาก จึงส่งผลต่อการติดเชื้อทางเดินหายใจ และเสี่ยงต่อการติดเชื้อโควิด","171","","https://www.thrivewellnessth.com/post/vitamin-d","https://static.wixstatic.com/media/d03445_e8abd89b043940e8bec65fc59d3e36b4~mv2.jpg/v1/fill/w_1000,h_563,al_c,q_85,usm_0.66_1.00_0.01/d03445_e8abd89b043940e8bec65fc59d3e36b4~mv2.jpg","","1","ป้องกันแดดมากไปอาจขาด วิตามินดี!","BlogPosting Person itemPage ImageObject Organization","4331","21","3","114","1","1"
"https://www.thrivewellnessth.com/post/vitamin-d-1","200","","https://www.thrivewellnessth.com/post/vitamin-d-1","200","","3100","1164","ขาด Vitamin D เสี่ยงภาวะซึมเศร้า","32","สำหรับคนเป็นภาวะซึมเศร้านอกจากจะบำบัดผู้ป่วยทางด้านจิตใจและปัญหาทางอารมณ์แล้ว การเสริมวิตามินก็สำคัญเพราะคนที่เป็นโรคซึมเศร้า กว่า 70% มักพบว่าร่างกายขาดวิตามินดี (Vitamin D)","174","","https://www.thrivewellnessth.com/post/vitamin-d-1","https://static.wixstatic.com/media/0828cb_74476ae8d27345ca8f5d2e2b5a0b010e~mv2.jpg/v1/fill/w_1000,h_563,al_c,q_85,usm_0.66_1.00_0.01/0828cb_74476ae8d27345ca8f5d2e2b5a0b010e~mv2.jpg","","1","ขาด Vitamin D เสี่ยงภาวะซึมเศร้า","BlogPosting Person itemPage ImageObject Organization","5865","21","2","116","1","1"
"https://www.thrivewellnessth.com/post/vitamin-d-fight-depression","200","","https://www.thrivewellnessth.com/post/vitamin-d-fight-depression","200","","4001","1183","วิตามินดีช่วยต่อต้านภาวะโรคซึมเศร้า (Vitamin D and Depression)","62","ภาวะซึมเศร้าเป็นโรคเรื้อรัง ที่ถือเป็นอีกหนึ่งปัญหาสังคม ที่ทวีความรุนแรงมากขึ้นทุกปี ทั้งด้านคุณภาพชีวิตของผู้ป่วยเอง ภาระทางสังคมต่อคนรอบข้าง และอัตราการฆ่าตัวตายที่พุ่งสูงขึ้น การรักษาโรคซึมเศร้าโดยการใช้ยาร่วมกับจิตบำบัด มีอัตราสำเร็จ 76-85% (WHO 2020) แต่ปัญหาคือมีผู้ป่วยน้อยกว่า 25% เท่านั้นที่ได้รับการรักษา","315","","https://www.thrivewellnessth.com/post/vitamin-d-fight-depression","https://static.wixstatic.com/media/973b9c079f674657aff461603f70f4ab.jpg/v1/fill/w_1000,h_1000,al_c,q_85,usm_0.66_1.00_0.01/973b9c079f674657aff461603f70f4ab.jpg","","1","วิตามินดีช่วยต่อต้านภาวะโรคซึมเศร้า (Vitamin D and Depression)","BlogPosting Person itemPage ImageObject Organization","6980","22","6","119","1","1"
"https://www.thrivewellnessth.com/post/vitamin-d-immune","200","","https://www.thrivewellnessth.com/post/vitamin-d-immune","200","","245","1177","Vitamin D ดีต่อระบบภูมิคุ้มกัน ภูมิแพ้ มะเร็ง แพ้ภูมิตัวเอง","59","","0","","https://www.thrivewellnessth.com/post/vitamin-d-immune","https://static.wixstatic.com/media/989780_5df2f50803ef4d50a63bdcc0e5cbe80f~mv2.jpg/v1/fill/w_994,h_1000,al_c,q_85,usm_0.66_1.00_0.01/989780_5df2f50803ef4d50a63bdcc0e5cbe80f~mv2.jpg","","1","Vitamin D ดีต่อระบบภูมิคุ้มกัน โรคภูมิแพ้ โรคแพ้ภูมิตัวเอง โรคมะเร็ง","BlogPosting Person itemPage ImageObject Organization","7605","19","2","118","1","1"
"https://www.thrivewellnessth.com/post/vitamin-d-is-the-new-hormone","200","","https://www.thrivewellnessth.com/post/vitamin-d-is-the-new-hormone","200","","3445","1170","วิตามินดีคือฮอร์โมน - Vitamin D is The New Hormone","50","","0","","https://www.thrivewellnessth.com/post/vitamin-d-is-the-new-hormone","https://static.wixstatic.com/media/989780_64834f5849844fec9c9e602d7c158815~mv2.jpg/v1/fill/w_1000,h_625,al_c,q_85,usm_0.66_1.00_0.01/989780_64834f5849844fec9c9e602d7c158815~mv2.jpg","","1","วิตามินดีคือฮอร์โมน - Vitamin D is The New Hormone","BlogPosting Person itemPage ImageObject Organization","6113","20","4","115","1","1"
"https://www.thrivewellnessth.com/post/vitamin-e","200","","https://www.thrivewellnessth.com/post/vitamin-e","200","","1310","1170","วิตามินอี นอกจากตัวช่วยลดริ้วรอย ยังช่วยลดความเสื่อมของเซลล์","60","วิตามินอี คุณค่าที่ได้ทั้งกิน ทา ให้ผิวเนียนใส สุขภาพดีทั้งภายในและภายนอก เพราะวิตามินอีนั้นร่างกายใช้เป็นส่วนหนึงของเยื่อหุ้มเซลล์ ช่วยชะลอความเสื่อม และยังทำให้ผิวเนียนใส","172","","https://www.thrivewellnessth.com/post/vitamin-e","https://static.wixstatic.com/media/d03445_ca029b96d3ea4cf6bccf36d1103a0444~mv2.jpg/v1/fill/w_1000,h_563,al_c,q_85,usm_0.66_1.00_0.01/d03445_ca029b96d3ea4cf6bccf36d1103a0444~mv2.jpg","","1","ไธรฟ์ ชวนรู้!เกร็ดง่ายๆจากวิตามินอี ที่เข้ามาช่วยลดความเสื่อมของเซลล์ ต้อกระจก ริ้วรอย และปลายประสาท","BlogPosting Person itemPage ImageObject Organization","4476","21","4","114","1","1"
"https://www.thrivewellnessth.com/post/wellness-trend-2023","200","","https://www.thrivewellnessth.com/post/wellness-trend-2023","200","","436","1177","WELLNESS TREND 2023","19","มนุษย์เราปรับตัวตลอดเวลาค่ะ โดยเฉพาะในยุคที่โลกหมุนไปเร็วมากด้วยเทคโนโลยี วิทยาศาสตร์ Trend การดูแลสุขภาพของปี 2023 นี้ยังคงเน้น การดูแลเชิงป้องกัน ทำความเข้าใจธรรมชาติของร่างกาย และเรียนรู้การรับมือกับเชื้อโรค โรคภัย เพื่อนำมาดูแลตัวเอง เน้นการรักษาแบบองค์รวม","260","","https://www.thrivewellnessth.com/post/wellness-trend-2023","https://static.wixstatic.com/media/989780_f6fdd56aeee7481dbd0892d20c095371~mv2.jpg/v1/fill/w_1000,h_667,al_c,q_85,usm_0.66_1.00_0.01/989780_f6fdd56aeee7481dbd0892d20c095371~mv2.jpg","","1","WELLNESS TREND 2023","BlogPosting Person itemPage ImageObject Organization","7597","24","8","118","1","1"
"https://www.thrivewellnessth.com/post/what-is-chelation","200","","https://www.thrivewellnessth.com/post/what-is-chelation","200","","589","1213","Chelation คืออะไร ราคาเท่าไหร่ ช่วยได้จริงหรือ?","47","Chelation คืออะไร? ราคาเท่าไหร่? เจ็บไหม? อันตรายรึเปล่า? ที่ไหนดี? ไธรฟ์ชวนคุณมาหาคำตอบในบทความนี้เลย","102","","https://www.thrivewellnessth.com/post/what-is-chelation","https://static.wixstatic.com/media/d03445_6199940435c04d8a824d74949fe50845~mv2.jpg/v1/fill/w_1000,h_563,al_c,q_85,usm_0.66_1.00_0.01/d03445_6199940435c04d8a824d74949fe50845~mv2.jpg","","1","Chelation คืออะไร ราคาเท่าไหร่ ช่วยได้จริงหรือ? ชวนหาคำตอบวิธีการบำบัดผ่านเส้นเลือด","BlogPosting Person itemPage ImageObject Organization","9533","21","3","116","1","1"
"https://www.thrivewellnessth.com/post/world-heart-day","200","","https://www.thrivewellnessth.com/post/world-heart-day","200","","2968","1162","World Heart Day วันหัวใจโลก","27","World Heart Day วันหัวใจโลก ตรงกับวันที่ 29 กันยายนของทุกปี ถูกจัดตั้งขึ้นเพื่อตระหนักถึงความสำคัญจของโรคหัวใจ ซึ่งเป็นสาเหตุการเสียชีวิตอันดับหนึ่งของประชากรโลก","161","","https://www.thrivewellnessth.com/post/world-heart-day","https://static.wixstatic.com/media/0828cb_053e498fb3724325a15c7324ebeb42e6~mv2.jpg/v1/fill/w_1000,h_563,al_c,q_85,usm_0.66_1.00_0.01/0828cb_053e498fb3724325a15c7324ebeb42e6~mv2.jpg","","1","World Heart Day วันหัวใจโลก","BlogPosting Person itemPage ImageObject Organization","6389","20","2","115","1","1"
"https://www.thrivewellnessth.com/post/worldalzheimer","200","","https://www.thrivewellnessth.com/post/worldalzheimer","200","","3497","1170","World Alzheimer's วันอัลไซเมอร์โลก","34","World Alzheimer","15","","https://www.thrivewellnessth.com/post/worldalzheimer","https://static.wixstatic.com/media/0828cb_acee69c8faef44039022cfa0550d96cc~mv2.jpg/v1/fill/w_1000,h_563,al_c,q_85,usm_0.66_1.00_0.01/0828cb_acee69c8faef44039022cfa0550d96cc~mv2.jpg","","1","World Alzheimer's วันอัลไซเมอร์โลก","BlogPosting Person itemPage ImageObject Organization","8321","20","2","116","2","1"
"https://www.thrivewellnessth.com/post/worldsuicidepreventionday","200","","https://www.thrivewellnessth.com/post/worldsuicidepreventionday","200","","3323","1163","World Suicide Prevention Day วันป้องกันการฆ่าตัวตายโลก","54","World Suicide Prevention Day วันป้องกันการฆ่าตัวตายโลก ตรงกับวันที่ 10 กันยายนของทุกปี ถูกจัดขึ้นเพื่อสร้างความตระหนักให้ทั่วโลกมองเห็นและให้ความสำคัญกับการป้องกันการฆ่าตัวตาย","175","","https://www.thrivewellnessth.com/post/worldsuicidepreventionday","https://static.wixstatic.com/media/0828cb_7c83ed6a1064458586daf75feb7af6d8~mv2.jpg/v1/fill/w_1000,h_563,al_c,q_85,usm_0.66_1.00_0.01/0828cb_7c83ed6a1064458586daf75feb7af6d8~mv2.jpg","","1","World Suicide Prevention Day วันป้องกันการฆ่าตัวตายโลก","BlogPosting Person itemPage ImageObject Organization","5561","20","2","116","1","1"
"https://www.thrivewellnessth.com/post/yogafly","200","","https://www.thrivewellnessth.com/post/yogafly","200","","232","1178","โยคะฟลาย การออกกำลังกายลูกผสม โยคะ บัลเลต์ พิลาทิส การเต้น ได้ประโยชน์ทั้งร่างกายและจิตใจ","89","","0","","https://www.thrivewellnessth.com/post/yogafly","https://static.wixstatic.com/media/d03445_f5da7286860a46149b23cf6bb7ca2a6e~mv2.jpg/v1/fill/w_1000,h_563,al_c,q_85,usm_0.66_1.00_0.01/d03445_f5da7286860a46149b23cf6bb7ca2a6e~mv2.jpg","","1","โยคะฟลาย การออกกำลังกายลูกผสม โยคะ บัลเลต์ พิลาทิส การเต้น ได้ประโยชน์ทั้งร่างกายและจิตใจ","BlogPosting Person itemPage ImageObject Organization","5728","20","2","122","1","1"
"https://www.thrivewellnessth.com/post/zinc-checklist","200","","https://www.thrivewellnessth.com/post/zinc-checklist","200","","195","1195","เพราะชีวิตขาด Zinc ไม่ได้ พร้อม Checklist 7 อาการที่ควรรู้ก่อนสาย","65","เชื่อไหมว่า Zinc นั้นมีส่วนช่วยให้คุณร่างกายคุณทำงานได้มากมาย ไม่ว่าจะสร้างโปรตีน สังเคราะห์ DNA แม้แต่ระบบภูมิคุ้มกันก็ขาด Zinc ไม่ได้","135","","https://www.thrivewellnessth.com/post/zinc-checklist","https://static.wixstatic.com/media/d03445_097a2c4240e44f7cb60cbaaac73bdd0e~mv2.jpg/v1/fill/w_1000,h_563,al_c,q_85,usm_0.66_1.00_0.01/d03445_097a2c4240e44f7cb60cbaaac73bdd0e~mv2.jpg","","1","เพราะชีวิตขาด Zinc ไม่ได้ พร้อม Check list 7 อาการที่ควรรู้ก่อนสาย","BlogPosting Person itemPage ImageObject Organization","6619","21","2","115","1","1"
"https://www.thrivewellnessth.com/post/กัญชากับประสิทธิภาพทางการแพทย์","200","","https://www.thrivewellnessth.com/post/%E0%B8%81%E0%B8%B1%E0%B8%8D%E0%B8%8A%E0%B8%B2%E0%B8%81%E0%B8%B1%E0%B8%9A%E0%B8%9B%E0%B8%A3%E0%B8%B0%E0%B8%AA%E0%B8%B4%E0%B8%97%E0%B8%98%E0%B8%B4%E0%B8%A0%E0%B8%B2%E0%B8%9E%E0%B8%97%E0%B8%B2%E0%B8%87%E0%B8%81%E0%B8%B2%E0%B8%A3%E0%B9%81%E0%B8%9E%E0%B8%97%E0%B8%A2%E0%B9%8C","200","","3815","1165","กัญชากับประสิทธิภาพทางการแพทย์","30","","0","","https://www.thrivewellnessth.com/post/กัญชากับประสิทธิภาพทางการแพทย์","https://static.wixstatic.com/media/nsplsh_50476339566964384f3234~mv2_d_5472_3648_s_4_2.jpg/v1/fill/w_1000,h_667,al_c,q_85,usm_0.66_1.00_0.01/nsplsh_50476339566964384f3234~mv2_d_5472_3648_s_4_2.jpg","","1","กัญชากับประสิทธิภาพทางการแพทย์","BlogPosting Person itemPage ImageObject Organization","5203","19","2","114","1","1"
"https://www.thrivewellnessth.com/post/กัวซา","200","","https://www.thrivewellnessth.com/post/%E0%B8%81%E0%B8%B1%E0%B8%A7%E0%B8%8B%E0%B8%B2","200","","3973","1210","กัวชา การขับสารพิษที่ไม่เคยตกเทรนด์!","36","","0","","https://www.thrivewellnessth.com/post/กัวซา","https://static.wixstatic.com/media/d03445_2ea1faa7e652492abcb520d85fccf6d1~mv2.jpg/v1/fill/w_1000,h_563,al_c,q_85,usm_0.66_1.00_0.01/d03445_2ea1faa7e652492abcb520d85fccf6d1~mv2.jpg","","1","ประโยชน์จากกัวชา การขับสารพิษที่ไม่เคยตกเทรนด์","BlogPosting Person itemPage ImageObject Organization","6891","29","12","113","1","1"
"https://www.thrivewellnessth.com/post/การนอนหลับที่ดี","200","","https://www.thrivewellnessth.com/post/%E0%B8%81%E0%B8%B2%E0%B8%A3%E0%B8%99%E0%B8%AD%E0%B8%99%E0%B8%AB%E0%B8%A5%E0%B8%B1%E0%B8%9A%E0%B8%97%E0%B8%B5%E0%B9%88%E0%B8%94%E0%B8%B5","200","","3460","1159","บอกลาโรคร้ายด้วยการนอนหลับที่ดี สุขภาพดีขึ้นแบบไม่ต้องจ่ายเงิน","62","การนอนหลับที่ดีคือการพักผ่อนที่ดีที่สุดของร่างกาย เพราะในช่วงเวลาที่เรานอนหลับร่างกายจะหลั่ง Growth Hormone ออกมาเพื่อซ่อมแซมและฟื้นฟูส่วนที่เกิดความเสียหายระหว่างวันได้อย่างเต็มที่และมีประสิทธิภาพ","197","","https://www.thrivewellnessth.com/post/การนอนหลับที่ดี","https://static.wixstatic.com/media/0828cb_5e72705286c7428291720ed9c0980c27~mv2.jpg/v1/fill/w_1000,h_563,al_c,q_85,usm_0.66_1.00_0.01/0828cb_5e72705286c7428291720ed9c0980c27~mv2.jpg","","1","บอกลาโรคร้ายด้วยการนอนหลับที่ดี สุขภาพดีขึ้นแบบไม่ต้องจ่ายเงิน","BlogPosting Person itemPage ImageObject Organization","5773","19","2","118","1","1"
"https://www.thrivewellnessth.com/post/กินยามากไปไม่ดีอย่างไร","200","","https://www.thrivewellnessth.com/post/%E0%B8%81%E0%B8%B4%E0%B8%99%E0%B8%A2%E0%B8%B2%E0%B8%A1%E0%B8%B2%E0%B8%81%E0%B9%84%E0%B8%9B%E0%B9%84%E0%B8%A1%E0%B9%88%E0%B8%94%E0%B8%B5%E0%B8%AD%E0%B8%A2%E0%B9%88%E0%B8%B2%E0%B8%87%E0%B9%84%E0%B8%A3","200","","3575","1161","กินยามากไปไม่ดีอย่างไร ยิ่งกินไม่ถูก เชื้อโรคก็ดื้อยา","53","","0","","https://www.thrivewellnessth.com/post/กินยามากไปไม่ดีอย่างไร","https://static.wixstatic.com/media/8a2520_a1edd0ed88c14eab8bdc444f08c3c424~mv2.jpg/v1/fill/w_960,h_960,al_c,q_85/8a2520_a1edd0ed88c14eab8bdc444f08c3c424~mv2.jpg","","1","กินยามากไปไม่ดีอย่างไร","BlogPosting Person itemPage ImageObject Organization","4585","19","2","114","1","1"
"https://www.thrivewellnessth.com/post/กินอะไร-ก็สบายใจไม่กลัวแพ้-ตรวจภูมิแพ้อาหารแฝง-igg","200","","https://www.thrivewellnessth.com/post/%E0%B8%81%E0%B8%B4%E0%B8%99%E0%B8%AD%E0%B8%B0%E0%B9%84%E0%B8%A3-%E0%B8%81%E0%B9%87%E0%B8%AA%E0%B8%9A%E0%B8%B2%E0%B8%A2%E0%B9%83%E0%B8%88%E0%B9%84%E0%B8%A1%E0%B9%88%E0%B8%81%E0%B8%A5%E0%B8%B1%E0%B8%A7%E0%B9%81%E0%B8%9E%E0%B9%89-%E0%B8%95%E0%B8%A3%E0%B8%A7%E0%B8%88%E0%B8%A0%E0%B8%B9%E0%B8%A1%E0%B8%B4%E0%B9%81%E0%B8%9E%E0%B9%89%E0%B8%AD%E0%B8%B2%E0%B8%AB%E0%B8%B2%E0%B8%A3%E0%B9%81%E0%B8%9D%E0%B8%87-igg","200","","3290","1189","กินอะไรก็มั่นใจ ไม่กลัวแพ้! เช็คเลยอาการที่เป็นเกิดจากIgG?","58","ไม่ว่าจะซีฟู้ด หมู หมึก กุ้ง หรือถั่วตั่งต่าง ไม่ว่าจะ นม เนย ไข่ หรือขนมปัง ... ทานได้แบบมั่นใจ ว่าอาหารโปรดของคุณจะไม่ใช่ตัวการของ ผด ผื่น สิว หรือแม้แต่ความอ้วน!","164","","https://www.thrivewellnessth.com/post/กินอะไร-ก็สบายใจไม่กลัวแพ้-ตรวจภูมิแพ้อาหารแฝง-igg","https://static.wixstatic.com/media/d03445_8c020d20d71c48efb421619f96fda76d~mv2.jpg/v1/fill/w_1000,h_563,al_c,q_85,usm_0.66_1.00_0.01/d03445_8c020d20d71c48efb421619f96fda76d~mv2.jpg","","1","กินอะไร ก็สบายใจไม่กลัวแพ้ เช็กเลย! ผ่านการตรวจภูมิแพ้อาหารแฝง IgG","BlogPosting Person itemPage ImageObject Organization","6903","22","5","115","1","1"
"https://www.thrivewellnessth.com/post/คลายสงสัย-ไทรอยด์ผิดปกติรักษาอย่างไร-ด้วย-3-steps","200","","https://www.thrivewellnessth.com/post/%E0%B8%84%E0%B8%A5%E0%B8%B2%E0%B8%A2%E0%B8%AA%E0%B8%87%E0%B8%AA%E0%B8%B1%E0%B8%A2-%E0%B9%84%E0%B8%97%E0%B8%A3%E0%B8%AD%E0%B8%A2%E0%B8%94%E0%B9%8C%E0%B8%9C%E0%B8%B4%E0%B8%94%E0%B8%9B%E0%B8%81%E0%B8%95%E0%B8%B4%E0%B8%A3%E0%B8%B1%E0%B8%81%E0%B8%A9%E0%B8%B2%E0%B8%AD%E0%B8%A2%E0%B9%88%E0%B8%B2%E0%B8%87%E0%B9%84%E0%B8%A3-%E0%B8%94%E0%B9%89%E0%B8%A7%E0%B8%A2-3-steps","200","","3826","1189","คลายสงสัย ไทรอยด์ผิดปกติรักษาอย่างไร? ด้วย 3 Steps","50","","0","","https://www.thrivewellnessth.com/post/คลายสงสัย-ไทรอยด์ผิดปกติรักษาอย่างไร-ด้วย-3-steps","https://static.wixstatic.com/media/d03445_4572b8ff55314f98a0b1e96047e7d39f~mv2.jpg/v1/fill/w_1000,h_563,al_c,q_85,usm_0.66_1.00_0.01/d03445_4572b8ff55314f98a0b1e96047e7d39f~mv2.jpg","","1","คลายสงสัย ไทรอยด์ผิดปกติรักษาอย่างไร? ด้วย 3 Steps","BlogPosting Person itemPage ImageObject Organization","5527","21","4","114","2","1"
"https://www.thrivewellnessth.com/post/ความเครียดสะสม","200","","https://www.thrivewellnessth.com/post/%E0%B8%84%E0%B8%A7%E0%B8%B2%E0%B8%A1%E0%B9%80%E0%B8%84%E0%B8%A3%E0%B8%B5%E0%B8%A2%E0%B8%94%E0%B8%AA%E0%B8%B0%E0%B8%AA%E0%B8%A1","200","","3990","1192","ความเครียดสะสม ส่งผลเป็นซึมเศร้า","32","Check Mental Health กันบ่อยๆ ช่วยเราห่างไกลจากเครียดสะสม และไม่เป็นซึมเศร้าได้ด้วยนะ ความเครียดเกิดขึ้นได้ไม่ใช่เรื่องที่ต้องกลัว แต่หากปล่อยไว้นี่สิจะยิ่งแก้ยากและนำสู่โรคมากมาย งดเติมความรู้สึกทางลบแล้วเพิ่มความรู้สึกดีๆ ให้ร่างกายที่ไธรฟ์ เวลเนสคลินิก แนะนำกันค่ะ","266","","https://www.thrivewellnessth.com/post/ความเครียดสะสม","https://static.wixstatic.com/media/d03445_5d63abc56d95421295251efb23142930~mv2.jpg/v1/fill/w_2500,h_1407,al_c/d03445_5d63abc56d95421295251efb23142930~mv2.jpg","","1","ความเครียดสะสม ส่งผลเป็นซึมเศร้า","BlogPosting Person itemPage ImageObject Organization","5617","25","7","113","2","1"
"https://www.thrivewellnessth.com/post/คีเลชั่นบำบัดการกำจัดโลหะหนักในร่างกาย","200","","https://www.thrivewellnessth.com/post/%E0%B8%84%E0%B8%B5%E0%B9%80%E0%B8%A5%E0%B8%8A%E0%B8%B1%E0%B9%88%E0%B8%99%E0%B8%9A%E0%B8%B3%E0%B8%9A%E0%B8%B1%E0%B8%94%E0%B8%81%E0%B8%B2%E0%B8%A3%E0%B8%81%E0%B8%B3%E0%B8%88%E0%B8%B1%E0%B8%94%E0%B9%82%E0%B8%A5%E0%B8%AB%E0%B8%B0%E0%B8%AB%E0%B8%99%E0%B8%B1%E0%B8%81%E0%B9%83%E0%B8%99%E0%B8%A3%E0%B9%88%E0%B8%B2%E0%B8%87%E0%B8%81%E0%B8%B2%E0%B8%A2","200","","3482","1168","คีเลชั่นบำบัด การกำจัดโลหะหนักในร่างกาย","39","","0","","https://www.thrivewellnessth.com/post/คีเลชั่นบำบัดการกำจัดโลหะหนักในร่างกาย","https://static.wixstatic.com/media/11062b_287ab86b466c430bb3b06d21cc11e337~mv2_d_1776_2048_s_2.jpg/v1/fill/w_867,h_1000,al_c,q_85,usm_0.66_1.00_0.01/11062b_287ab86b466c430bb3b06d21cc11e337~mv2_d_1776_2048_s_2.jpg","","1","คีเลชั่นบำบัด การกำจัดโลหะหนักในร่างกาย","BlogPosting Person itemPage ImageObject Organization","6913","19","3","114","1","1"
"https://www.thrivewellnessth.com/post/คุณบอล-scrubb-ฟังผลตรวจสุขภาพเชิงลึก","200","","https://www.thrivewellnessth.com/post/%E0%B8%84%E0%B8%B8%E0%B8%93%E0%B8%9A%E0%B8%AD%E0%B8%A5-scrubb-%E0%B8%9F%E0%B8%B1%E0%B8%87%E0%B8%9C%E0%B8%A5%E0%B8%95%E0%B8%A3%E0%B8%A7%E0%B8%88%E0%B8%AA%E0%B8%B8%E0%B8%82%E0%B8%A0%E0%B8%B2%E0%B8%9E%E0%B9%80%E0%B8%8A%E0%B8%B4%E0%B8%87%E0%B8%A5%E0%B8%B6%E0%B8%81","200","","2991","1180","คุณบอล Scrubb นัดฟังผลตรวจสุขภาพเชิงลึก","39","ปกติเป็นนักร้อง วันนี้คุณบอล สครับบ์ มาเป็นนักฟัง ฟังคุณหมอ consult สุขภาพแบบเน้นๆ เจาะลึก พร้อมปรับสมดุลร่างกายด้วย วิตามินสูตรเฉพาะบุคคล","138","","https://www.thrivewellnessth.com/post/คุณบอล-scrubb-ฟังผลตรวจสุขภาพเชิงลึก","https://static.wixstatic.com/media/d03445_9e70e66350d54ae58a2bedd20cc1587a~mv2.jpg/v1/fill/w_1000,h_500,al_c,q_85,usm_0.66_1.00_0.01/d03445_9e70e66350d54ae58a2bedd20cc1587a~mv2.jpg","","1","คุณบอล Scrubb นัดฟังผลตรวจสุขภาพเชิงลึก","BlogPosting Person itemPage ImageObject Organization","3792","25","8","118","1","1"
"https://www.thrivewellnessth.com/post/คู่มือทานวิตามินซี-ชนิดไหนไม่ควรทานด้วยกัน","200","","https://www.thrivewellnessth.com/post/%E0%B8%84%E0%B8%B9%E0%B9%88%E0%B8%A1%E0%B8%B7%E0%B8%AD%E0%B8%97%E0%B8%B2%E0%B8%99%E0%B8%A7%E0%B8%B4%E0%B8%95%E0%B8%B2%E0%B8%A1%E0%B8%B4%E0%B8%99%E0%B8%8B%E0%B8%B5-%E0%B8%8A%E0%B8%99%E0%B8%B4%E0%B8%94%E0%B9%84%E0%B8%AB%E0%B8%99%E0%B9%84%E0%B8%A1%E0%B9%88%E0%B8%84%E0%B8%A7%E0%B8%A3%E0%B8%97%E0%B8%B2%E0%B8%99%E0%B8%94%E0%B9%89%E0%B8%A7%E0%B8%A2%E0%B8%81%E0%B8%B1%E0%B8%99","200","","260","1176","คู่มือทานวิตามินซี วิตามินชนิดไหนไม่ควรทานคู่ เพราะไปด้อยค่าวิตามินซี","69","เตรียมจด! เคล็ดลับการทาน Vitamin C สำหรับสายทานวิตามินหลายตัว จับคู่กับวิตามินตัวไหนถึงได้ประโยชน์สูงสุด ไม่อันตราย","115","","https://www.thrivewellnessth.com/post/คู่มือทานวิตามินซี-ชนิดไหนไม่ควรทานด้วยกัน","https://static.wixstatic.com/media/d03445_a494042ac5e7451c8e38d5056dd71759~mv2.jpg/v1/fill/w_1000,h_563,al_c,q_85,usm_0.66_1.00_0.01/d03445_a494042ac5e7451c8e38d5056dd71759~mv2.jpg","","1","คู่มือทานวิตามินซี วิตามินชนิดไหนไม่ควรทานคู่ เพราะไปด้อยค่าวิตามินซี","BlogPosting Person itemPage ImageObject Organization","4652","19","2","122","1","1"
"https://www.thrivewellnessth.com/post/เครียดสะสม","200","","https://www.thrivewellnessth.com/post/%E0%B9%80%E0%B8%84%E0%B8%A3%E0%B8%B5%E0%B8%A2%E0%B8%94%E0%B8%AA%E0%B8%B0%E0%B8%AA%E0%B8%A1","200","","3552","1169","อันตราย 12 ประการ หากมีความเครียดสะสม (Stress) เป็นระยะเวลานาน","62","","0","","https://www.thrivewellnessth.com/post/เครียดสะสม","https://static.wixstatic.com/media/8a2520_02f612fb66e74ba7b59d1744945728c2~mv2.jpg/v1/fill/w_960,h_656,al_c,q_85/8a2520_02f612fb66e74ba7b59d1744945728c2~mv2.jpg","","1","อันตราย 12 ประการ หากมีความเครียดสะสม (Stress) เป็นระยะเวลานาน","BlogPosting Person itemPage ImageObject Organization","5952","20","2","114","1","1"
"https://www.thrivewellnessth.com/post/เคล็ดไม่ลับให้คุณมีอายุยืนยาว","200","","https://www.thrivewellnessth.com/post/%E0%B9%80%E0%B8%84%E0%B8%A5%E0%B9%87%E0%B8%94%E0%B9%84%E0%B8%A1%E0%B9%88%E0%B8%A5%E0%B8%B1%E0%B8%9A%E0%B9%83%E0%B8%AB%E0%B9%89%E0%B8%84%E0%B8%B8%E0%B8%93%E0%B8%A1%E0%B8%B5%E0%B8%AD%E0%B8%B2%E0%B8%A2%E0%B8%B8%E0%B8%A2%E0%B8%B7%E0%B8%99%E0%B8%A2%E0%B8%B2%E0%B8%A7","200","","4281","1162","10 เคล็ดไม่ลับให้คุณมีอายุยืนยาว","32","ใครๆก็อยากมีอายุยืนยาว ก็ใครจะไม่อยากอยู่กับคนที่เรารักไปนานๆใช่ไหมคะ วันนี้ Thrive มี เคล็ดไม่ลับ ให้คุณมีชีวิตยืนยาว 10 ประการ มาแนะนำกันค่ะ","142","","https://www.thrivewellnessth.com/post/เคล็ดไม่ลับให้คุณมีอายุยืนยาว","https://static.wixstatic.com/media/8a2520_67e343a8941d4af6bf99ea2048ef42dd~mv2.jpg/v1/fill/w_831,h_624,al_c,q_85/8a2520_67e343a8941d4af6bf99ea2048ef42dd~mv2.jpg","","1","เคล็ดไม่ลับให้คุณมีอายุยืนยาว","BlogPosting Person itemPage ImageObject Organization","5390","19","2","114","1","1"
"https://www.thrivewellnessth.com/post/เคล็ดลับผิว-ผม-เล็บ-สุขภาพดี-ต้องมีคอลลาเจน","200","","https://www.thrivewellnessth.com/post/%E0%B9%80%E0%B8%84%E0%B8%A5%E0%B9%87%E0%B8%94%E0%B8%A5%E0%B8%B1%E0%B8%9A%E0%B8%9C%E0%B8%B4%E0%B8%A7-%E0%B8%9C%E0%B8%A1-%E0%B9%80%E0%B8%A5%E0%B9%87%E0%B8%9A-%E0%B8%AA%E0%B8%B8%E0%B8%82%E0%B8%A0%E0%B8%B2%E0%B8%9E%E0%B8%94%E0%B8%B5-%E0%B8%95%E0%B9%89%E0%B8%AD%E0%B8%87%E0%B8%A1%E0%B8%B5%E0%B8%84%E0%B8%AD%E0%B8%A5%E0%B8%A5%E0%B8%B2%E0%B9%80%E0%B8%88%E0%B8%99","200","","290","1182","เคล็ดลับผิว ผม เล็บ สุขภาพดี ต้องมีคอลลาเจน","43","","0","","https://www.thrivewellnessth.com/post/เคล็ดลับผิว-ผม-เล็บ-สุขภาพดี-ต้องมีคอลลาเจน","https://static.wixstatic.com/media/d03445_10b0d24c9ae54cd49c8c62cf251a1ee5~mv2.jpg/v1/fill/w_1000,h_563,al_c,q_85,usm_0.66_1.00_0.01/d03445_10b0d24c9ae54cd49c8c62cf251a1ee5~mv2.jpg","","1","เคล็ดลับผิว ผม เล็บ สุขภาพดี ต้องมีคอลลาเจน","BlogPosting Person itemPage ImageObject Organization","7885","19","4","119","1","1"
"https://www.thrivewellnessth.com/post/ฉีดผิวขาว","200","","https://www.thrivewellnessth.com/post/%E0%B8%89%E0%B8%B5%E0%B8%94%E0%B8%9C%E0%B8%B4%E0%B8%A7%E0%B8%82%E0%B8%B2%E0%B8%A7","200","","3249","1184","ฉีดผิวขาวเจนใหม่แบบสับ! ที่ไม่อันตรายเหมือนเมื่อก่อน","52","การฉีดผิวขาวนั้นจะเน้นตรงสูตรดริปวิตามินที่ต้องจำเพาะ โดสไม่สูงจนเกินไป เสริมวิตามินเพื่อลดการผลิตเม็ดสีผิวเมลานิน จากเม็ดสีผิวน้ำตาล หรือขาวอมเหลือง เป็นเม็ดสีผิวขาวอมชมพู กระจ่างใส ช่วยยับยั้งการเกิดเอนไซม์ไทโรซิเนสที่สร้างเม็ดสีผิวคนเอเชีย","242","","https://www.thrivewellnessth.com/post/ฉีดผิวขาว","https://static.wixstatic.com/media/d03445_9e34ab5abc9b41aaaeff15b638bdd9a2~mv2.jpg/v1/fill/w_1000,h_563,al_c,q_85,usm_0.66_1.00_0.01/d03445_9e34ab5abc9b41aaaeff15b638bdd9a2~mv2.jpg","","1","ฉีดผิวขาวเจนใหม่แบบสับ!ที่ไม่อันตรายเหมือนเมื่อก่อน","BlogPosting Person itemPage ImageObject Organization","5931","24","4","129","1","1"
"https://www.thrivewellnessth.com/post/ฉีดวิตามินผิว","200","","https://www.thrivewellnessth.com/post/%E0%B8%89%E0%B8%B5%E0%B8%94%E0%B8%A7%E0%B8%B4%E0%B8%95%E0%B8%B2%E0%B8%A1%E0%B8%B4%E0%B8%99%E0%B8%9C%E0%B8%B4%E0%B8%A7","200","","3242","1220","ฉีดวิตามินผิว คืออะไร ดีกว่า วิตามินอาหารเสริมจริงเหรอ?","55","ฉีดวิตามินผิว ดีกว่าการทานวิตามินอาหารเสริม นั่นเป็นเพราะประสิทธิภาพการดูดซึมของร่างกายค่ะ ที่วิตามินอาหารเสริม มีประสิทธิภาพน้อย ใช้เวลานาน เพราะร่างกายสามารถดูดซึมนำไปใช้ได้เพียง 30% เท่านั้น เพราะต้องผ่านกระบวนการย่อยอาหาร","225","","https://www.thrivewellnessth.com/post/ฉีดวิตามินผิว","https://static.wixstatic.com/media/d03445_77c7031b602e46e5b82deb29fdae5a3b~mv2.jpg/v1/fill/w_1000,h_563,al_c,q_85,usm_0.66_1.00_0.01/d03445_77c7031b602e46e5b82deb29fdae5a3b~mv2.jpg","","1","ฉีดวิตามินผิว คืออะไร ดีกว่า วิตามินอาหารเสริมจริงเหรอ?","BlogPosting Person itemPage ImageObject Organization","10999","26","4","123","1","1"
"https://www.thrivewellnessth.com/post/เช็กฮอร์โมนเพศไม่สมดุล","200","","https://www.thrivewellnessth.com/post/%E0%B9%80%E0%B8%8A%E0%B9%87%E0%B8%81%E0%B8%AE%E0%B8%AD%E0%B8%A3%E0%B9%8C%E0%B9%82%E0%B8%A1%E0%B8%99%E0%B9%80%E0%B8%9E%E0%B8%A8%E0%B9%84%E0%B8%A1%E0%B9%88%E0%B8%AA%E0%B8%A1%E0%B8%94%E0%B8%B8%E0%B8%A5","200","","3061","1203","เป็นสิว เหวี่ยงวีน sex แย่ หรือแม้แต่สมองตื้อ! ฮอร์โมนคุณรึเปล่า?","65","สัญญาณอันตรายที่บอกว่าคุณอาจมีฮอร์โมนไม่สมดุล แน่ใจใช่ใหมว่าอาการต่างๆเหล่านี้ไไม่ได้เกิดจากข้างในตัวคุณเอง เช็คให้มั่นใจก่อน!","126","","https://www.thrivewellnessth.com/post/เช็กฮอร์โมนเพศไม่สมดุล","https://static.wixstatic.com/media/d03445_774fa1be6b4b4c7984b07440ee1d726a~mv2.jpg/v1/fill/w_1000,h_563,al_c,q_85,usm_0.66_1.00_0.01/d03445_774fa1be6b4b4c7984b07440ee1d726a~mv2.jpg","","1","พาเช็กอาการฮอร์โมนไม่สมดุล ผ่านเรื่องสิว ปวดท้องเมนส์ อารมณ์บ่จอย และ SEX ไม่อึดทน","BlogPosting Person itemPage ImageObject Organization","8359","23","5","123","1","1"
"https://www.thrivewellnessth.com/post/ซึมเศร้าหลังคลอด","200","","https://www.thrivewellnessth.com/post/%E0%B8%8B%E0%B8%B6%E0%B8%A1%E0%B9%80%E0%B8%A8%E0%B8%A3%E0%B9%89%E0%B8%B2%E0%B8%AB%E0%B8%A5%E0%B8%B1%E0%B8%87%E0%B8%84%E0%B8%A5%E0%B8%AD%E0%B8%94","200","","3401","1161","ภาวะซึมเศร้าหลังคลอด ปัญหาทางจิตใจของคุณแม่หลายๆคน","50","ภาวะเครียดหลังคลอด (Postpartum blue) หรือที่เรียกกันว่า Baby Blue คือ ภาวะการเปลี่ยนแปลงของระดับฮอร์โมนเอสโตรเจน (Estrogen) และระดับฮอร์โมนโปรเจสเทอโรน (Progesterone) จะลดลงอย่างรวดเร็วส่งผลให้อารมณ์ของคุณแม่มีความแปรปรวนนั่นเอง","228","","https://www.thrivewellnessth.com/post/ซึมเศร้าหลังคลอด","https://static.wixstatic.com/media/0828cb_e1bab75207de4302831da1e7a2a37f99~mv2.jpg/v1/fill/w_1000,h_563,al_c,q_85,usm_0.66_1.00_0.01/0828cb_e1bab75207de4302831da1e7a2a37f99~mv2.jpg","","1","ภาวะซึมเศร้าหลังคลอด ปัญหาทางจิตใจของคุณแม่หลายๆคน","BlogPosting Person itemPage ImageObject Organization","4568","19","2","116","1","1"
"https://www.thrivewellnessth.com/post/ดริปวิตามินคืออะไร","200","","https://www.thrivewellnessth.com/post/%E0%B8%94%E0%B8%A3%E0%B8%B4%E0%B8%9B%E0%B8%A7%E0%B8%B4%E0%B8%95%E0%B8%B2%E0%B8%A1%E0%B8%B4%E0%B8%99%E0%B8%84%E0%B8%B7%E0%B8%AD%E0%B8%AD%E0%B8%B0%E0%B9%84%E0%B8%A3","200","","274","1227","ดริปวิตามินคืออะไร ตอบคำถามคาใจเรื่องดริปวิตามินครบ!","52","เคล็ดลับที่ไม่มีใครบอกของผิวสว่างกระจ่างใส อยู่ใกล้แล้วมีออร่าสุดๆ สาวๆ ไปทำอะไรมา? เคล็ดลับที่เกิดจากดริปวิตามิน ผิวผ่องตั้งแต่ภายในเพราะช่วยดูดซึมวิตามินและมีออร่าสู่ภายนอกให้คนต้องทัก ขั้นสุดของเหล่า Celeb Influencer ดริปวิตามินที่ ไธรฟ์ เวลเนส คลินิก","254","","https://www.thrivewellnessth.com/post/ดริปวิตามินคืออะไร","https://static.wixstatic.com/media/d03445_a230fdc4fe3a46dea53639c46c292663~mv2.jpg/v1/fill/w_1000,h_563,al_c,q_85,usm_0.66_1.00_0.01/d03445_a230fdc4fe3a46dea53639c46c292663~mv2.jpg","","1","ดริปวิตามินคืออะไร อันตรายไหม ดริปวิตามินที่ไธรฟ์ดีไหม? ตอบคำถามคาใจเรื่องดริปวิตามินครบ!","BlogPosting Person itemPage ImageObject Organization","9356","27","4","120","1","1"
"https://www.thrivewellnessth.com/post/ตรวจ-dna-คู่มือจัดการสุขภาพเชิงป้องกัน","200","","https://www.thrivewellnessth.com/post/%E0%B8%95%E0%B8%A3%E0%B8%A7%E0%B8%88-dna-%E0%B8%84%E0%B8%B9%E0%B9%88%E0%B8%A1%E0%B8%B7%E0%B8%AD%E0%B8%88%E0%B8%B1%E0%B8%94%E0%B8%81%E0%B8%B2%E0%B8%A3%E0%B8%AA%E0%B8%B8%E0%B8%82%E0%B8%A0%E0%B8%B2%E0%B8%9E%E0%B9%80%E0%B8%8A%E0%B8%B4%E0%B8%87%E0%B8%9B%E0%B9%89%E0%B8%AD%E0%B8%87%E0%B8%81%E0%B8%B1%E0%B8%99","200","","3221","1208","ตรวจ DNA คู่มือจัดการสุขภาพเชิงป้องกัน สำหรับคุณโดยเฉพาะ มั่นใจ ไม่ต้องกังวล เพราะรู้ก่อน ป้องกันโรค","100","บนโลกนี้ไม่มีใครที่เหมือนกัน เพราะทุกคนมี ‘แบบพิมพ์เขียว’’ ของตัวเองซึ่งคือ ‘รหัสพันธุกรรม’ หรือ ‘DNA’ ที่จะเหมือนรหัสลับไขความเป็นตัวเรา","137","","https://www.thrivewellnessth.com/post/ตรวจ-dna-คู่มือจัดการสุขภาพเชิงป้องกัน","https://static.wixstatic.com/media/d03445_bd7a865aae5f41e4b113674c64790375~mv2.jpg/v1/fill/w_1000,h_563,al_c,q_85,usm_0.66_1.00_0.01/d03445_bd7a865aae5f41e4b113674c64790375~mv2.jpg","","1","ตรวจ DNA คู่มือจัดการสุขภาพเชิงป้องกัน สำหรับคุณโดยเฉพาะ มั่นใจ ไม่ต้องกังวล เพราะรู้ก่อน ป้องกันโรค","BlogPosting Person itemPage ImageObject Organization","9580","25","4","119","1","1"
"https://www.thrivewellnessth.com/post/ตรวจภูมิแพ้อาหารแฝง-igg","200","","https://www.thrivewellnessth.com/post/%E0%B8%95%E0%B8%A3%E0%B8%A7%E0%B8%88%E0%B8%A0%E0%B8%B9%E0%B8%A1%E0%B8%B4%E0%B9%81%E0%B8%9E%E0%B9%89%E0%B8%AD%E0%B8%B2%E0%B8%AB%E0%B8%B2%E0%B8%A3%E0%B9%81%E0%B8%9D%E0%B8%87-igg","200","","3635","1200","ตรวจภูมิแพ้อาหารแฝง IgG จำเป็นแค่ไหน","36","ไม่ใช่ระวังแค่เรื่องอาหารแต่ยังยับยั้งตั้งแต่เรื่องสิว ไปจนถึงลำไส้ เบาหวาน ความดัน มีบุตรยาก ไธรฟ์ เวลเนส คลินิก ชวนทำความรู้จักกับแพ็กเกจการตรวจภูมิแพ้อาหารแฝงที่คุณอาจไม่รู้","176","","https://www.thrivewellnessth.com/post/ตรวจภูมิแพ้อาหารแฝง-igg","https://static.wixstatic.com/media/d03445_f0030e31e1f04cc49dbfc668a891dd68~mv2.jpg/v1/fill/w_1000,h_563,al_c,q_85,usm_0.66_1.00_0.01/d03445_f0030e31e1f04cc49dbfc668a891dd68~mv2.jpg","","1","ตรวจภูมิแพ้อาหารแฝง IgG จำเป็นแค่ไหน","BlogPosting Person itemPage ImageObject Organization","6986","26","7","117","1","1"
"https://www.thrivewellnessth.com/post/ตรวจมะเร็งปากมดลูกหาเชื้อ-hpv","200","","https://www.thrivewellnessth.com/post/%E0%B8%95%E0%B8%A3%E0%B8%A7%E0%B8%88%E0%B8%A1%E0%B8%B0%E0%B9%80%E0%B8%A3%E0%B9%87%E0%B8%87%E0%B8%9B%E0%B8%B2%E0%B8%81%E0%B8%A1%E0%B8%94%E0%B8%A5%E0%B8%B9%E0%B8%81%E0%B8%AB%E0%B8%B2%E0%B9%80%E0%B8%8A%E0%B8%B7%E0%B9%89%E0%B8%AD-hpv","200","","740","1219","ตรวจมะเร็งปากมดลูกหาเชื้อ HPV สะดวก ง่าย ไม่อาย ไม่เจ็บตัว","58","แค่คุณผ่านการเดบิวต์ ก็เสี่ยง HPV กว่า 80% แล้ว รู้หรือไม่…ตอนนี้คุณสามารถป้องกันไม่ให้โรคมะเร็งเกิดขึ้นได้ด้วยการตรวจหาเชื้อไวรัส HPV เนิ่นๆ แบบไม่ต้องเจ็บตัวแล้วค่ะ","166","","https://www.thrivewellnessth.com/post/ตรวจมะเร็งปากมดลูกหาเชื้อ-hpv","https://static.wixstatic.com/media/d03445_c55f6ee8fc884372a4e12ce89b14623a~mv2.jpg/v1/fill/w_1000,h_563,al_c,q_85,usm_0.66_1.00_0.01/d03445_c55f6ee8fc884372a4e12ce89b14623a~mv2.jpg","","1","ตรวจมะเร็งปากมดลูกหาเชื้อ HPV สะดวก ง่าย ไม่อาย ไม่เจ็บตัว","BlogPosting Person itemPage ImageObject Organization","7658","24","5","115","2","1"
"https://www.thrivewellnessth.com/post/ตรวจสุขภาพกอนลดนำหนก","200","","https://www.thrivewellnessth.com/post/%E0%B8%95%E0%B8%A3%E0%B8%A7%E0%B8%88%E0%B8%AA%E0%B8%B8%E0%B8%82%E0%B8%A0%E0%B8%B2%E0%B8%9E%E0%B8%81%E0%B8%AD%E0%B8%99%E0%B8%A5%E0%B8%94%E0%B8%99%E0%B8%B3%E0%B8%AB%E0%B8%99%E0%B8%81","200","","3140","1163","Slimming Program ตรวจสุขภาพก่อนลดน้ำหนัก - Thrive Wellness Clinic","65","ค้นพบวิธีลดน้ำหนักที่ยั่งยืนด้วยการตรวจสุขภาพก่อนลดน้ำหนักที่ Thrive Wellness คลินิก! ตรวจสุขภาพก่อนลดน้ำหนักเพื่อสุขภาพที่ดีขึ้น.","130","","https://www.thrivewellnessth.com/post/ตรวจสุขภาพกอนลดนำหนก","https://static.wixstatic.com/media/989780_860bea51cd4c4f42a48dbe654f6ec260~mv2.webp/v1/fill/w_1000,h_908,al_c,q_85,usm_0.66_1.00_0.01/989780_860bea51cd4c4f42a48dbe654f6ec260~mv2.webp","","1","💪 ทำไมต้องตรวจสุขภาพก่อนลดน้ำหนัก? สร้างความเปลี่ยนแปลงที่ยั่งยืนไปด้วยกัน 🌟slimming program ตรวจสุขภาพก่อนลดน้ำหนัก","BlogPosting Person itemPage ImageObject Organization","4807","20","2","118","1","1"
"https://www.thrivewellnessth.com/post/เตรียมตัวก่อนตั้งครรภ์","200","","https://www.thrivewellnessth.com/post/%E0%B9%80%E0%B8%95%E0%B8%A3%E0%B8%B5%E0%B8%A2%E0%B8%A1%E0%B8%95%E0%B8%B1%E0%B8%A7%E0%B8%81%E0%B9%88%E0%B8%AD%E0%B8%99%E0%B8%95%E0%B8%B1%E0%B9%89%E0%B8%87%E0%B8%84%E0%B8%A3%E0%B8%A3%E0%B8%A0%E0%B9%8C","200","","3499","1167","อยากมีน้องต้องบํารุง การเตรียมตัวก่อนตั้งครรภ์ สำหรับผู้มีบุตรยาก","65","สำคัญผู้ที่กำลังวางแผนในการมีลูก สิ่งสำคัญก็คือ การเตรียมความพร้อม สุขภาพจะทำให้การตั้งครรภ์เป็นไปได้ง่ายขึ้น สำหรับหลายๆคนที่ยังไม่ทราบว่าการเตรียมตัวก่อนการตั้งครรภ์ต้องทำอย่างไรบ้าง","184","","https://www.thrivewellnessth.com/post/เตรียมตัวก่อนตั้งครรภ์","https://static.wixstatic.com/media/0828cb_214c5182a5934ae3855e1f38170829a6~mv2.jpg/v1/fill/w_1000,h_563,al_c,q_85,usm_0.66_1.00_0.01/0828cb_214c5182a5934ae3855e1f38170829a6~mv2.jpg","","1","อยากมีน้องต้องบํารุง การเตรียมตัวก่อนตั้งครรภ์ สำหรับผู้มีบุตรยาก","BlogPosting Person itemPage ImageObject Organization","8171","17","2","114","1","1"
"https://www.thrivewellnessth.com/post/เตาปิ้งย่าง-เซลล์มะเร็ง","200","","https://www.thrivewellnessth.com/post/%E0%B9%80%E0%B8%95%E0%B8%B2%E0%B8%9B%E0%B8%B4%E0%B9%89%E0%B8%87%E0%B8%A2%E0%B9%88%E0%B8%B2%E0%B8%87-%E0%B9%80%E0%B8%8B%E0%B8%A5%E0%B8%A5%E0%B9%8C%E0%B8%A1%E0%B8%B0%E0%B9%80%E0%B8%A3%E0%B9%87%E0%B8%87","200","","3588","1164","เตาปิ้งย่างที่ Hang out สุดป๊อบของเหล่า celeb เซลล์มะเร็ง","57","ไม่เชื่อก็ต้องเชื่อนะคะ อาหารปิ้งย่างเป็นที่นิยมเป็นอย่างสูง มีรสชาติและกลิ่นที่ใครๆก็ปฎิเสธได้ยากค่ะ แม้แต่เซลล์มะเร็ง ก็มายืนรอเกาะไปกับอาหารปิ้งย่างที่เรากินเข้าไปสะสมในร่างกายเราด้วยค่ะ","189","","https://www.thrivewellnessth.com/post/เตาปิ้งย่าง-เซลล์มะเร็ง","https://static.wixstatic.com/media/8a2520_525e8339b5984bd78613a44957865c4e~mv2.jpg/v1/fill/w_960,h_720,al_c,q_85/8a2520_525e8339b5984bd78613a44957865c4e~mv2.jpg","","1","เตาปิ้งย่างที่ Hang out สุดป๊อบของเหล่า celeb เซลล์มะเร็ง","BlogPosting Person itemPage ImageObject Organization","4976","19","2","114","1","1"
"https://www.thrivewellnessth.com/post/เติมวิตามินผิว","200","","https://www.thrivewellnessth.com/post/%E0%B9%80%E0%B8%95%E0%B8%B4%E0%B8%A1%E0%B8%A7%E0%B8%B4%E0%B8%95%E0%B8%B2%E0%B8%A1%E0%B8%B4%E0%B8%99%E0%B8%9C%E0%B8%B4%E0%B8%A7","200","","3667","1208","อย่าปล่อยให้ผิวเกิดปัญหา เพราะอาจเสี่ยงภาวะป่วยไม่รู้ตัว หันมาเติมวิตามินผิวด้วยวิธีง่ายๆ กันค่ะ","96","ผิวแห้ง ลอกเป็นขุย แต่งหน้าไม่ติด ปากแตกลอก รังแค เป็นสิวหนัก สารพันปัญหาของผิวที่ขาดสารอาหาร ขาดวิตามินและแร่ธาตุ ฟ้องออกมาให้เห็นเมื่อขาดสมดุลอย่างหนัก ปัญหาที่ไม่อาจหยุดแค่ผิวเพราะระบบร่างกายภายในอาจป่วย หันมาเติมวิตามินให้ผิว","229","","https://www.thrivewellnessth.com/post/เติมวิตามินผิว","https://static.wixstatic.com/media/d03445_bd76aa8833db47b484ebe9cd0f1a03f6~mv2.jpg/v1/fill/w_1000,h_563,al_c,q_85,usm_0.66_1.00_0.01/d03445_bd76aa8833db47b484ebe9cd0f1a03f6~mv2.jpg","","1","อย่าปล่อยให้ผิวเกิดปัญหา เพราะอาจเสี่ยงภาวะป่วยไม่รู้ตัว หันมาเติมวิตามินผิวด้วยวิธีง่ายๆ กันค่ะ","BlogPosting Person itemPage ImageObject Organization","10127","24","4","116","1","1"
"https://www.thrivewellnessth.com/post/ท้องสองยาก","200","","https://www.thrivewellnessth.com/post/%E0%B8%97%E0%B9%89%E0%B8%AD%E0%B8%87%E0%B8%AA%E0%B8%AD%E0%B8%87%E0%B8%A2%E0%B8%B2%E0%B8%81","200","","3248","1159","อยากมีลูกคนที่2 แต่ท้องยาก ต้องบำรุงอย่างไร","43","ในปัจจุบันมีไม่น้อยสำหรับคุณแม่ที่มีลูกคนแรกมาแล้วอย่างง่ายดาย แต่พออยากมีคนที่สองท้องสองยาก พยายามเท่าไหร่น้องก็ไม่มาสักที จนบางคนก็กลายเป็นผู้มีบุตรยากไปโดยที่ไม่รู้ว่าสาเหตุเกิดจากอะไร","187","","https://www.thrivewellnessth.com/post/ท้องสองยาก","https://static.wixstatic.com/media/0828cb_9b89e2433eff47afbc57c9dd277ec11e~mv2.jpg/v1/fill/w_1000,h_563,al_c,q_85,usm_0.66_1.00_0.01/0828cb_9b89e2433eff47afbc57c9dd277ec11e~mv2.jpg","","1","อยากมีลูกคนที่2 แต่ท้องยาก ต้องบำรุงอย่างไร","BlogPosting Person itemPage ImageObject Organization","5566","19","2","116","1","1"
"https://www.thrivewellnessth.com/post/ทำไมถึงแฮงค์","200","","https://www.thrivewellnessth.com/post/%E0%B8%97%E0%B8%B3%E0%B9%84%E0%B8%A1%E0%B8%96%E0%B8%B6%E0%B8%87%E0%B9%81%E0%B8%AE%E0%B8%87%E0%B8%84%E0%B9%8C","200","","3522","1201","Work Hard Drink Harder จุดจบสายปาร์ตี้ ทำไมเราต้องแฮงค์","55","หาคำตอบอาการแฮงค์คืออะไร? เช็กร่างกายเมื่อแฮงค์โอเวอร์หนัก ทำไมถึงจำอะไรไม่ได้","78","","https://www.thrivewellnessth.com/post/ทำไมถึงแฮงค์","https://static.wixstatic.com/media/d03445_0a0ac12523e947fb8ec67cc1e30899c4~mv2.jpg/v1/fill/w_1000,h_563,al_c,q_85,usm_0.66_1.00_0.01/d03445_0a0ac12523e947fb8ec67cc1e30899c4~mv2.jpg","","1","Work Hard Drink Harder จุดจบสายปาร์ตี้ ทำไมเราต้องแฮงค์","BlogPosting Person itemPage ImageObject Organization","10401","23","2","115","1","1"
"https://www.thrivewellnessth.com/post/นอนกรน-สัญญาณเตือนไขมันพอกตับ","200","","https://www.thrivewellnessth.com/post/%E0%B8%99%E0%B8%AD%E0%B8%99%E0%B8%81%E0%B8%A3%E0%B8%99-%E0%B8%AA%E0%B8%B1%E0%B8%8D%E0%B8%8D%E0%B8%B2%E0%B8%93%E0%B9%80%E0%B8%95%E0%B8%B7%E0%B8%AD%E0%B8%99%E0%B9%84%E0%B8%82%E0%B8%A1%E0%B8%B1%E0%B8%99%E0%B8%9E%E0%B8%AD%E0%B8%81%E0%B8%95%E0%B8%B1%E0%B8%9A","200","","3075","1156","นอนกรน!! สัญญาณเตือนไขมันพอกตับ","31","เชื่อว่าหลายๆคนน่าจะเคยพบเจอประสบการณ์ที่คนรักหรือรูมเมท นอนกรน เสียงจนทำให้คุณนอนไม่หลับ บางครั้งอาจดูเหมือนเป็นการนอนกรนปกติ แต่แท้จริงแล้วการนอนกรนไม่ถือเป็นเรื่องปกติ และอาจจะเป็นสัญญาณเตือนของโรคไขมันพอกตับอยู่ก็เป็นได้","224","","https://www.thrivewellnessth.com/post/นอนกรน-สัญญาณเตือนไขมันพอกตับ","https://static.wixstatic.com/media/0828cb_2efef6af4ab2486cab0cf9a0f87bbe18~mv2.jpg/v1/fill/w_1000,h_563,al_c,q_85,usm_0.66_1.00_0.01/0828cb_2efef6af4ab2486cab0cf9a0f87bbe18~mv2.jpg","","1","นอนกรน!! สัญญาณเตือนไขมันพอกตับ","BlogPosting Person itemPage ImageObject Organization","4205","19","2","118","1","1"
"https://www.thrivewellnessth.com/post/นักจิตบำบัด","200","","https://www.thrivewellnessth.com/post/%E0%B8%99%E0%B8%B1%E0%B8%81%E0%B8%88%E0%B8%B4%E0%B8%95%E0%B8%9A%E0%B8%B3%E0%B8%9A%E0%B8%B1%E0%B8%94","200","","3114","1164","ทำไมต้องคุยกับนักจิตบำบัด หรือจิตแพทย์","38","ทำไมต้องคุยกับนักจิตบำบัด หรือจิตแพทย์ เพราะโรคทางอารมณ์ แทบจะกลายเป็นเรื่องแรกปะปนอยู่กับความเจ็บป่วยในปัจจุบัน","112","","https://www.thrivewellnessth.com/post/นักจิตบำบัด","https://static.wixstatic.com/media/0828cb_132e33708b444311823907190f52dadb~mv2.jpg/v1/fill/w_1000,h_563,al_c,q_85,usm_0.66_1.00_0.01/0828cb_132e33708b444311823907190f52dadb~mv2.jpg","","1","ทำไมต้องคุยกับนักจิตบำบัด หรือจิตแพทย์","BlogPosting Person itemPage ImageObject Organization","5275","21","4","115","1","1"
"https://www.thrivewellnessth.com/post/น้ำตาล-ภัยร้าย","200","","https://www.thrivewellnessth.com/post/%E0%B8%99%E0%B9%89%E0%B8%B3%E0%B8%95%E0%B8%B2%E0%B8%A5-%E0%B8%A0%E0%B8%B1%E0%B8%A2%E0%B8%A3%E0%B9%89%E0%B8%B2%E0%B8%A2","200","","3563","1157","น้ำตาลภัยร้ายใกล้ตัวที่คุณไม่คาดคิด","35","น้ำตาลหรือของหวานจัดเป็นอาหารที่สาวๆส่วนใหญ่ชื่นชอบกันอย่างมาก น้ำตาลหรือความหวาน ที่เราทานแล้วรู้สึกสดชื่น กระปรี้กระเปร่านั้น ถ้าหากมากเกินไป มักจะก่อให้เกิดผลที่แสนขม","169","","https://www.thrivewellnessth.com/post/น้ำตาล-ภัยร้าย","https://static.wixstatic.com/media/0828cb_2197efea9c4447efa78bbcfcc029e17f~mv2.jpg/v1/fill/w_1000,h_563,al_c,q_85,usm_0.66_1.00_0.01/0828cb_2197efea9c4447efa78bbcfcc029e17f~mv2.jpg","","1","น้ำตาลภัยร้ายใกล้ตัวที่คุณไม่คาดคิด","BlogPosting Person itemPage ImageObject Organization","5239","19","2","117","1","1"
"https://www.thrivewellnessth.com/post/บ้านหมุน-โรคต้องระวังของผู้สูงวัย","200","","https://www.thrivewellnessth.com/post/%E0%B8%9A%E0%B9%89%E0%B8%B2%E0%B8%99%E0%B8%AB%E0%B8%A1%E0%B8%B8%E0%B8%99-%E0%B9%82%E0%B8%A3%E0%B8%84%E0%B8%95%E0%B9%89%E0%B8%AD%E0%B8%87%E0%B8%A3%E0%B8%B0%E0%B8%A7%E0%B8%B1%E0%B8%87%E0%B8%82%E0%B8%AD%E0%B8%87%E0%B8%9C%E0%B8%B9%E0%B9%89%E0%B8%AA%E0%B8%B9%E0%B8%87%E0%B8%A7%E0%B8%B1%E0%B8%A2","200","","3603","1161","บ้านหมุน โรคต้องระวังของผู้สูงวัย","33","ผู้คนจำนวนไม่น้อยในปัจจุบันมักชอบมีอาการเวียนหัวจนบ้านหมุน ทั้งๆที่อยู่เฉยๆ และถูกพบมากที่สุดในกลุ่มผู้สูงอายุ หากบ้านไหนมีผู้สูงอายุลูกหลานควรดูแลอย่างใกล้ชิด และไม่ควรชะล่าใจเมื่อท่านมีอาการเหล่านี้ขึ้นมา เพราะอาจเกิดอุบัติเหตุหรือมันอาจเป็นสัญญาณเตือนถึงโรคที่ร้ายแรงอยู่ก็เป็นได้","283","","https://www.thrivewellnessth.com/post/บ้านหมุน-โรคต้องระวังของผู้สูงวัย","https://static.wixstatic.com/media/0828cb_d41a9215ebb24a02b17891ff0e52e025~mv2.jpg/v1/fill/w_1000,h_563,al_c,q_85,usm_0.66_1.00_0.01/0828cb_d41a9215ebb24a02b17891ff0e52e025~mv2.jpg","","1","บ้านหมุน โรคต้องระวังของผู้สูงวัย","BlogPosting Person itemPage ImageObject Organization","5509","17","2","114","1","1"
"https://www.thrivewellnessth.com/post/บำรุงมดลูกและรังไข่","200","","https://www.thrivewellnessth.com/post/%E0%B8%9A%E0%B8%B3%E0%B8%A3%E0%B8%B8%E0%B8%87%E0%B8%A1%E0%B8%94%E0%B8%A5%E0%B8%B9%E0%B8%81%E0%B9%81%E0%B8%A5%E0%B8%B0%E0%B8%A3%E0%B8%B1%E0%B8%87%E0%B9%84%E0%B8%82%E0%B9%88","200","","173","1184","คิดอยากมีลูกต้องบำรุงมดลูกและรังไข่ให้แข็งแรงIV DRIP Fertility","62","สำหรับคุณผู้หญิงที่กำลังเตรียมความพร้อมเป็นว่าที่คุณแม่หรือกำลังเตรียมความพร้อมในการทำ ICSI ไม่ควรพลาดกับตัวช่วยสำคัญอย่าง Vitamin IV Drip สูตร Fertility Support ที่ช่วยในการบำรุงรังไข่และมดลูกของคุณผู้หญิงให้มีความแข็งแรงสมบูรณ์มากที่สุด","238","","https://www.thrivewellnessth.com/post/บำรุงมดลูกและรังไข่","https://static.wixstatic.com/media/0828cb_ca4ec63e013943bc84b6106aa198062f~mv2.jpg/v1/fill/w_1000,h_563,al_c,q_85,usm_0.66_1.00_0.01/0828cb_ca4ec63e013943bc84b6106aa198062f~mv2.jpg","","1","คิดอยากมีลูกต้องบำรุงมดลูกและรังไข่ให้แข็งแรงIV DRIP Fertility","BlogPosting Person itemPage ImageObject Organization","4738","23","6","117","1","1"
"https://www.thrivewellnessth.com/post/บำรุงสมอง","200","","https://www.thrivewellnessth.com/post/%E0%B8%9A%E0%B8%B3%E0%B8%A3%E0%B8%B8%E0%B8%87%E0%B8%AA%E0%B8%A1%E0%B8%AD%E0%B8%87","200","","3296","1160","7 อาหารที่ช่วยบำรุงสมองและระบบประสาท อยากบำรุงสมองต้องไม่พลาด","61","เมื่ออายุเพิ่มมากขึ้นสมองเราจะทำงานได้ช้าลงหรือเสื่อมลง โดยโรคที่จะตามมาหลักๆคือ โรคอัลไซเมอร์ (Alzheimer’s Disease) เราจึงต้องหันมาดูแลและชะลอความเสื่อมของสมอง ด้วยการเลือกกินอาหารที่มีประโยชน์ แล้วอาหารที่สามารถบำรุงสมองได้มีอะไรบ้างมาดูกันค่ะ","245","","https://www.thrivewellnessth.com/post/บำรุงสมอง","https://static.wixstatic.com/media/0828cb_cce9520d2a62457fabb00b28010922d0~mv2.jpg/v1/fill/w_1000,h_563,al_c,q_85,usm_0.66_1.00_0.01/0828cb_cce9520d2a62457fabb00b28010922d0~mv2.jpg","","1","7 อาหารที่ช่วยบำรุงสมองและระบบประสาท อยากบำรุงสมองต้องไม่พลาด","BlogPosting Person itemPage ImageObject Organization","6291","20","2","115","1","1"
"https://www.thrivewellnessth.com/post/เบิร์นไขมัน","200","","https://www.thrivewellnessth.com/post/%E0%B9%80%E0%B8%9A%E0%B8%B4%E0%B8%A3%E0%B9%8C%E0%B8%99%E0%B9%84%E0%B8%82%E0%B8%A1%E0%B8%B1%E0%B8%99","200","","277","1204","3 เทคนิค เบิร์นไขมัน! สำหรับสายไม่ออกกำลังกายหนัก แต่หุ่นยังกระชับ ปังสวย","73","มาเบิร์นไขมันอย่างมีประสิทธิภาพ โดยวิธีธรรมชาติและเบสิคที่สุดกันค่ะ เพราะการเบิร์นไขมันที่ดีที่สุดไม่ใช่การทานอาหารเสริมแล้วสลายได้เอง แต่ต้องมาจากกลไกทางร่างกายที่ดึงไขมันออกมาเพื่อเผาผลาญ และสลายไปแต่ยังคงไว้ด้วยมวลกล้ามเนื้อ","227","","https://www.thrivewellnessth.com/post/เบิร์นไขมัน","https://static.wixstatic.com/media/d03445_0a111c4951bd4313a0c74bb04286bd38~mv2.jpg/v1/fill/w_1000,h_563,al_c,q_85,usm_0.66_1.00_0.01/d03445_0a111c4951bd4313a0c74bb04286bd38~mv2.jpg","","1","3 เทคนิค เบิร์นไขมัน! สำหรับสายไม่ออกกำลังกายหนัก แต่หุ่นยังกระชับ ปังสวย","BlogPosting Person itemPage ImageObject Organization","7188","25","5","121","1","1"
"https://www.thrivewellnessth.com/post/ประจำเดือนขาด","200","","https://www.thrivewellnessth.com/post/%E0%B8%9B%E0%B8%A3%E0%B8%B0%E0%B8%88%E0%B8%B3%E0%B9%80%E0%B8%94%E0%B8%B7%E0%B8%AD%E0%B8%99%E0%B8%82%E0%B8%B2%E0%B8%94","200","","408","1162","ประจำเดือนขาดเพราะฮอร์โมนไม่สมดุล","33","","0","","https://www.thrivewellnessth.com/post/ประจำเดือนขาด","https://static.wixstatic.com/media/0828cb_8643a30cb83c4eeeb498f0de99b04946~mv2.jpg/v1/fill/w_1000,h_563,al_c,q_85,usm_0.66_1.00_0.01/0828cb_8643a30cb83c4eeeb498f0de99b04946~mv2.jpg","","1","ประจำเดือนขาดเพราะฮอร์โมนไม่สมดุล","BlogPosting Person itemPage ImageObject Organization","6004","19","2","118","1","1"
"https://www.thrivewellnessth.com/post/ประจำเดือนเคลื่อน-ไม่มาตามนัด-ปวดท้องประจำเดือน-ต้องไปหาหมอหรือไม่","200","","https://www.thrivewellnessth.com/post/%E0%B8%9B%E0%B8%A3%E0%B8%B0%E0%B8%88%E0%B8%B3%E0%B9%80%E0%B8%94%E0%B8%B7%E0%B8%AD%E0%B8%99%E0%B9%80%E0%B8%84%E0%B8%A5%E0%B8%B7%E0%B9%88%E0%B8%AD%E0%B8%99-%E0%B9%84%E0%B8%A1%E0%B9%88%E0%B8%A1%E0%B8%B2%E0%B8%95%E0%B8%B2%E0%B8%A1%E0%B8%99%E0%B8%B1%E0%B8%94-%E0%B8%9B%E0%B8%A7%E0%B8%94%E0%B8%97%E0%B9%89%E0%B8%AD%E0%B8%87%E0%B8%9B%E0%B8%A3%E0%B8%B0%E0%B8%88%E0%B8%B3%E0%B9%80%E0%B8%94%E0%B8%B7%E0%B8%AD%E0%B8%99-%E0%B8%95%E0%B9%89%E0%B8%AD%E0%B8%87%E0%B9%84%E0%B8%9B%E0%B8%AB%E0%B8%B2%E0%B8%AB%E0%B8%A1%E0%B8%AD%E0%B8%AB%E0%B8%A3%E0%B8%B7%E0%B8%AD%E0%B9%84%E0%B8%A1%E0%B9%88","200","","3494","1182","ประจำเดือนเคลื่อน ไม่มาตามนัด ปวดท้องเมนส์ ต้องหาหมอหรือไม่?","60","","0","","https://www.thrivewellnessth.com/post/ประจำเดือนเคลื่อน-ไม่มาตามนัด-ปวดท้องประจำเดือน-ต้องไปหาหมอหรือไม่","https://static.wixstatic.com/media/989780_dad8221022d342d18a3ccba47100c22b~mv2.jpeg/v1/fill/w_1000,h_667,al_c,q_85,usm_0.66_1.00_0.01/989780_dad8221022d342d18a3ccba47100c22b~mv2.jpeg","","1","ประจำเดือนเคลื่อน ไม่มาตามนัด ปวดท้องประจำเดือน ต้องไปหาหมอหรือไม่?","BlogPosting Person itemPage ImageObject Organization","6887","25","9","115","1","1"
"https://www.thrivewellnessth.com/post/ประจำเดือนมามากเกิน-เพิ่มความเสี่ยง-เลือดจาง-และขาดธาตุเหล็ก","200","","https://www.thrivewellnessth.com/post/%E0%B8%9B%E0%B8%A3%E0%B8%B0%E0%B8%88%E0%B8%B3%E0%B9%80%E0%B8%94%E0%B8%B7%E0%B8%AD%E0%B8%99%E0%B8%A1%E0%B8%B2%E0%B8%A1%E0%B8%B2%E0%B8%81%E0%B9%80%E0%B8%81%E0%B8%B4%E0%B8%99-%E0%B9%80%E0%B8%9E%E0%B8%B4%E0%B9%88%E0%B8%A1%E0%B8%84%E0%B8%A7%E0%B8%B2%E0%B8%A1%E0%B9%80%E0%B8%AA%E0%B8%B5%E0%B9%88%E0%B8%A2%E0%B8%87-%E0%B9%80%E0%B8%A5%E0%B8%B7%E0%B8%AD%E0%B8%94%E0%B8%88%E0%B8%B2%E0%B8%87-%E0%B9%81%E0%B8%A5%E0%B8%B0%E0%B8%82%E0%B8%B2%E0%B8%94%E0%B8%98%E0%B8%B2%E0%B8%95%E0%B8%B8%E0%B9%80%E0%B8%AB%E0%B8%A5%E0%B9%87%E0%B8%81","200","","3382","1164","ประจำเดือนมามากเกิน เพิ่มความเสี่ยง เลือดจาง และขาดธาตุเหล็ก","60","","0","","https://www.thrivewellnessth.com/post/ประจำเดือนมามากเกิน-เพิ่มความเสี่ยง-เลือดจาง-และขาดธาตุเหล็ก","https://static.wixstatic.com/media/8a2520_2e7a7f6737234247b56fde731f606648~mv2.jpg/v1/fill/w_1000,h_500,al_c,q_85,usm_0.66_1.00_0.01/8a2520_2e7a7f6737234247b56fde731f606648~mv2.jpg","","1","ประจำเดือนมามากเกิน เพิ่มความเสี่ยง เลือดจาง และขาดธาตุเหล็ก","BlogPosting Person itemPage ImageObject Organization","4475","21","5","113","1","1"
"https://www.thrivewellnessth.com/post/ประเภทของผิว","200","","https://www.thrivewellnessth.com/post/%E0%B8%9B%E0%B8%A3%E0%B8%B0%E0%B9%80%E0%B8%A0%E0%B8%97%E0%B8%82%E0%B8%AD%E0%B8%87%E0%B8%9C%E0%B8%B4%E0%B8%A7","200","","3666","1235","รู้จักประเภทของผิว เพื่อสร้าง Skin Barrier อย่างถูกวิธี","55","การรู้จักประเภทของผิวตนเองสำคัญอย่างไร? ผิวแต่ละประเภทบำรุงและทำความสะอาดแบบบไหนได้บ้าง เพื่อลดการเกิดสิว และสร้างเกราะป้องกันผิวให้แข็งแรงอย่างไร ไธรฟ์ เวลเนส คลินิก มีคำตอบค่ะ","177","","https://www.thrivewellnessth.com/post/ประเภทของผิว","https://static.wixstatic.com/media/d03445_6ef82a0b3e6548cdb1eb9949c2a45880~mv2.jpg/v1/fill/w_1000,h_563,al_c,q_85,usm_0.66_1.00_0.01/d03445_6ef82a0b3e6548cdb1eb9949c2a45880~mv2.jpg","","1","รู้จักประเภทของผิว เพื่อสร้าง Skin Barrier อย่างถูกวิธี","BlogPosting Person itemPage ImageObject Organization","9809","30","2","124","1","1"
"https://www.thrivewellnessth.com/post/ประโยชน-ของ-coq10","200","","https://www.thrivewellnessth.com/post/%E0%B8%9B%E0%B8%A3%E0%B8%B0%E0%B9%82%E0%B8%A2%E0%B8%8A%E0%B8%99-%E0%B8%82%E0%B8%AD%E0%B8%87-coq10","200","","3396","1170","7 ประโยชน์ของ CoQ10 ที่คุณควรต้องรู้","36","","0","","https://www.thrivewellnessth.com/post/ประโยชน-ของ-coq10","https://static.wixstatic.com/media/989780_df34809c5ad44353843bc3878627d02e~mv2.png/v1/fill/w_800,h_800,al_c,q_90/989780_df34809c5ad44353843bc3878627d02e~mv2.png","","1","ประโยชน์ของ CoQ10","BlogPosting Person itemPage ImageObject Organization","5341","20","3","114","1","1"
"https://www.thrivewellnessth.com/post/ปวดท้องประจำเดือน","200","","https://www.thrivewellnessth.com/post/%E0%B8%9B%E0%B8%A7%E0%B8%94%E0%B8%97%E0%B9%89%E0%B8%AD%E0%B8%87%E0%B8%9B%E0%B8%A3%E0%B8%B0%E0%B8%88%E0%B8%B3%E0%B9%80%E0%B8%94%E0%B8%B7%E0%B8%AD%E0%B8%99","200","","3370","1168","ปวดท้องประจำเดือน ปวดบิดท้องน้อย อาจมาจากขาดวิตามิน ติดกาแฟ นอนดึก เครียดสูง","76","ปวดท้องประจำเดือน ปวดบิดๆ ปวดหน่วงจนทำอะไรไม่ได้ อาจมาจาก Lifestyle ขาดวิตามิน กินของมัน ทานกาแฟ ติดซีรีส์ นอนเช้า?","115","","https://www.thrivewellnessth.com/post/ปวดท้องประจำเดือน","https://static.wixstatic.com/media/d03445_fc69149fe64043f2a910ce39fc2daa93~mv2.jpg/v1/fill/w_1000,h_563,al_c,q_85,usm_0.66_1.00_0.01/d03445_fc69149fe64043f2a910ce39fc2daa93~mv2.jpg","","1","ปวดท้องประจำเดือน ปวดบิดท้องน้อย อาจมาจากขาดวิตามิน ติดกาแฟ นอนดึก เครียดสูง","BlogPosting Person itemPage ImageObject Organization","5002","21","2","119","1","1"
"https://www.thrivewellnessth.com/post/ปวดหัวไมเกรน-เครียดสะสม-และแพนิค","200","","https://www.thrivewellnessth.com/post/%E0%B8%9B%E0%B8%A7%E0%B8%94%E0%B8%AB%E0%B8%B1%E0%B8%A7%E0%B9%84%E0%B8%A1%E0%B9%80%E0%B8%81%E0%B8%A3%E0%B8%99-%E0%B9%80%E0%B8%84%E0%B8%A3%E0%B8%B5%E0%B8%A2%E0%B8%94%E0%B8%AA%E0%B8%B0%E0%B8%AA%E0%B8%A1-%E0%B9%81%E0%B8%A5%E0%B8%B0%E0%B9%81%E0%B8%9E%E0%B8%99%E0%B8%B4%E0%B8%84","200","","568","1193","เสริมสร้างร่างกาย ดูแล Mental Health ให้ดี ช่วยลดปวดหัวไมเกรน เครียดสะสม และแพนิค","81","อาการปวดหัวไมเกรน ความเครียดสะสม ส่งผลให้ร่างกายของคุณรับมือไม่ไหว หาวิธีผ่อนคลาย ฮีลตัวเองด้วยวิธีไหนก็ยังไม่เป็นผล ในบางรายอาจมีอาการของโรคแพนิค วิตกกังวล ส่งผลกระทบในชีวิตประจำวัน สาเหตุเกิดขึ้นจากอะไรอีกบ้าง นอกจากความเครียดและประสบการณ์ไม่ดีที่คุณพบ","254","","https://www.thrivewellnessth.com/post/ปวดหัวไมเกรน-เครียดสะสม-และแพนิค","https://static.wixstatic.com/media/d03445_d8a97015644d47d7a93db98f046617a5~mv2.jpg/v1/fill/w_1000,h_563,al_c,q_85,usm_0.66_1.00_0.01/d03445_d8a97015644d47d7a93db98f046617a5~mv2.jpg","","1","เสริมสร้างร่างกาย ดูแล Mental Health ให้ดี ช่วยลดปวดหัวไมเกรน เครียดสะสม และแพนิค","BlogPosting Person itemPage ImageObject Organization","5525","26","4","119","1","1"
"https://www.thrivewellnessth.com/post/ปัญหาขอบตาดำคล้ำอาจรุนแรงกว่าแค่พักผ่อนไม่เพียงพอ","200","","https://www.thrivewellnessth.com/post/%E0%B8%9B%E0%B8%B1%E0%B8%8D%E0%B8%AB%E0%B8%B2%E0%B8%82%E0%B8%AD%E0%B8%9A%E0%B8%95%E0%B8%B2%E0%B8%94%E0%B8%B3%E0%B8%84%E0%B8%A5%E0%B9%89%E0%B8%B3%E0%B8%AD%E0%B8%B2%E0%B8%88%E0%B8%A3%E0%B8%B8%E0%B8%99%E0%B9%81%E0%B8%A3%E0%B8%87%E0%B8%81%E0%B8%A7%E0%B9%88%E0%B8%B2%E0%B9%81%E0%B8%84%E0%B9%88%E0%B8%9E%E0%B8%B1%E0%B8%81%E0%B8%9C%E0%B9%88%E0%B8%AD%E0%B8%99%E0%B9%84%E0%B8%A1%E0%B9%88%E0%B9%80%E0%B8%9E%E0%B8%B5%E0%B8%A2%E0%B8%87%E0%B8%9E%E0%B8%AD","200","","3293","1167","ปัญหาขอบตาดำคล้ำ อาจรุนแรงกว่าแค่พักผ่อนไม่เพียงพอ","50","","0","","https://www.thrivewellnessth.com/post/ปัญหาขอบตาดำคล้ำอาจรุนแรงกว่าแค่พักผ่อนไม่เพียงพอ","https://static.wixstatic.com/media/8a2520_212621a0a94c44ec9ac3ec3a3d35a16f~mv2.png/v1/fill/w_1000,h_1000,al_c,q_90,usm_0.66_1.00_0.01/8a2520_212621a0a94c44ec9ac3ec3a3d35a16f~mv2.png","","1","ปัญหาขอบตาดำคล้ำ อาจรุนแรงกว่าแค่พักผ่อนไม่เพียงพอ","BlogPosting Person itemPage ImageObject Organization","6127","19","3","114","1","1"
"https://www.thrivewellnessth.com/post/ปัญหาสิวประจำเดือน","200","","https://www.thrivewellnessth.com/post/%E0%B8%9B%E0%B8%B1%E0%B8%8D%E0%B8%AB%E0%B8%B2%E0%B8%AA%E0%B8%B4%E0%B8%A7%E0%B8%9B%E0%B8%A3%E0%B8%B0%E0%B8%88%E0%B8%B3%E0%B9%80%E0%B8%94%E0%B8%B7%E0%B8%AD%E0%B8%99","200","","368","1198","ปัญหาสิวประจำเดือน เกิดขึ้นได้อย่างไร? พร้อมวิธีแก้ที่ไม่กลับเป็นสิวซ้ำ","71","ทำไมเป็นประจำเดือน สิวเสี้ยน สิวอุดตัน สิวอักเสบ เห่อหนักเต็มหน้า ยิ่งช่วงบริเวณ T-zone คาง กราม รอบปาก เกิดซ้ำเรื้อรัง เป็นปัญหาผิวพัง สร้างความรำคาญใจประจำทุกเดือน สาเหตุเหล่านี้เกิดจากอะไรได้บ้าง","198","","https://www.thrivewellnessth.com/post/ปัญหาสิวประจำเดือน","https://static.wixstatic.com/media/d03445_caa804fc485f4e21a32207ca8c393a63~mv2.jpg/v1/fill/w_1000,h_563,al_c,q_85,usm_0.66_1.00_0.01/d03445_caa804fc485f4e21a32207ca8c393a63~mv2.jpg","","1","ปัญหาสิวประจำเดือน เกิดขึ้นได้อย่างไร? พร้อมวิธีแก้ที่ไม่กลับเป็นสิวซ้ำ","BlogPosting Person itemPage ImageObject Organization","9721","22","3","119","1","1"
"https://www.thrivewellnessth.com/post/ปัญหาสุขภาพของผู้หญิงวัย-30","200","","https://www.thrivewellnessth.com/post/%E0%B8%9B%E0%B8%B1%E0%B8%8D%E0%B8%AB%E0%B8%B2%E0%B8%AA%E0%B8%B8%E0%B8%82%E0%B8%A0%E0%B8%B2%E0%B8%9E%E0%B8%82%E0%B8%AD%E0%B8%87%E0%B8%9C%E0%B8%B9%E0%B9%89%E0%B8%AB%E0%B8%8D%E0%B8%B4%E0%B8%87%E0%B8%A7%E0%B8%B1%E0%B8%A2-30","200","","274","1178","ปัญหาสุขภาพของผู้หญิงวัย 30","27","30 ยังแจ๋ว วัยที่สาวๆ กำลังได้ใช้ชีวิตอย่างเต็มที่ ผ่านประสบการณ์ชีวิตและกำลังเป็นวัยที่สวยสะพรั่ง แต่ถึงอย่างนั้น สาวๆ ที่กำลังเป็น Working woman ก็อาจลืมใส่ใจเรื่องการทานอาหาร การออกกำลังกาย พักผ่อนน้อย เครียดกับงาน ที่ทำให้สุขภาพอาจสวนทางกัน","244","","https://www.thrivewellnessth.com/post/ปัญหาสุขภาพของผู้หญิงวัย-30","https://static.wixstatic.com/media/d03445_f887618d9fd14227a8946c5773cd5983~mv2.jpg/v1/fill/w_1000,h_563,al_c,q_85,usm_0.66_1.00_0.01/d03445_f887618d9fd14227a8946c5773cd5983~mv2.jpg","","1","ปัญหาสุขภาพของผู้หญิงวัย 30","BlogPosting Person itemPage ImageObject Organization","7879","19","2","116","1","1"
"https://www.thrivewellnessth.com/post/เป็นภูมิแพ้ร่างกายอ่อนแอ","200","","https://www.thrivewellnessth.com/post/%E0%B9%80%E0%B8%9B%E0%B9%87%E0%B8%99%E0%B8%A0%E0%B8%B9%E0%B8%A1%E0%B8%B4%E0%B9%81%E0%B8%9E%E0%B9%89%E0%B8%A3%E0%B9%88%E0%B8%B2%E0%B8%87%E0%B8%81%E0%B8%B2%E0%B8%A2%E0%B8%AD%E0%B9%88%E0%B8%AD%E0%B8%99%E0%B9%81%E0%B8%AD","200","","3698","1167","เป็นภูมิแพ้ ร่างกายอ่อนแอแก้ยังไงดี?","36","เมื่อเป็นภูมิแพ้แล้ว ต้องดูแลตัวเองอย่างไรดี ให้ระบบภูมิคุ้มกันไม่แพ้ต่อสารก่อภูมิแพ้รอบตัว","91","","https://www.thrivewellnessth.com/post/เป็นภูมิแพ้ร่างกายอ่อนแอ","https://static.wixstatic.com/media/d03445_31fc95c56dce4cdf8b9055329b016186~mv2.jpg/v1/fill/w_1000,h_563,al_c,q_85,usm_0.66_1.00_0.01/d03445_31fc95c56dce4cdf8b9055329b016186~mv2.jpg","","1","เป็นภูมิแพ้ ร่างกายอ่อนแอแก้ยังไงดี?","BlogPosting Person itemPage ImageObject Organization","4996","20","3","120","1","1"
"https://www.thrivewellnessth.com/post/ผมร่วงผมบางจากอายุที่เพิ่มขึ้น","200","","https://www.thrivewellnessth.com/post/%E0%B8%9C%E0%B8%A1%E0%B8%A3%E0%B9%88%E0%B8%A7%E0%B8%87%E0%B8%9C%E0%B8%A1%E0%B8%9A%E0%B8%B2%E0%B8%87%E0%B8%88%E0%B8%B2%E0%B8%81%E0%B8%AD%E0%B8%B2%E0%B8%A2%E0%B8%B8%E0%B8%97%E0%B8%B5%E0%B9%88%E0%B9%80%E0%B8%9E%E0%B8%B4%E0%B9%88%E0%B8%A1%E0%B8%82%E0%B8%B6%E0%B9%89%E0%B8%99","200","","3310","1168","ผมร่วง ผมบาง จากอายุที่เพิ่มขึ้น","32","","0","","https://www.thrivewellnessth.com/post/ผมร่วงผมบางจากอายุที่เพิ่มขึ้น","https://static.wixstatic.com/media/8a2520_4e5178bce7794a34b969107c478c19d3~mv2.png/v1/fill/w_1000,h_563,al_c,q_90,usm_0.66_1.00_0.01/8a2520_4e5178bce7794a34b969107c478c19d3~mv2.png","","1","ผมร่วง ผมบาง จากอายุที่เพิ่มขึ้น","BlogPosting Person itemPage ImageObject Organization","4303","20","2","115","1","1"
"https://www.thrivewellnessth.com/post/ผลตรวจภูมิแพ้อาหารแฝง-คุณจีน่า-the-face","200","","https://www.thrivewellnessth.com/post/%E0%B8%9C%E0%B8%A5%E0%B8%95%E0%B8%A3%E0%B8%A7%E0%B8%88%E0%B8%A0%E0%B8%B9%E0%B8%A1%E0%B8%B4%E0%B9%81%E0%B8%9E%E0%B9%89%E0%B8%AD%E0%B8%B2%E0%B8%AB%E0%B8%B2%E0%B8%A3%E0%B9%81%E0%B8%9D%E0%B8%87-%E0%B8%84%E0%B8%B8%E0%B8%93%E0%B8%88%E0%B8%B5%E0%B8%99%E0%B9%88%E0%B8%B2-the-face","200","","3252","1177","ผลตรวจภูมิแพ้อาหารแฝง ""คุณจีน่า The Face""","41","""ร่างกายขาดวิตามิน แร่ธาตุ โลหะหนักสะสม ส่งผลกระทบต่อสุขภาพระยะยาว แถมอาหารที่ชอบกินทําผิวพัง สมดุลลําไส้เสีย"" ถึงเวลาฟังผลหลังจาก ""คุณจีน่า The Face"" เข้ารับการตรวจภูมิแพ้อาหารแฝง Food","185","","https://www.thrivewellnessth.com/post/ผลตรวจภูมิแพ้อาหารแฝง-คุณจีน่า-the-face","https://static.wixstatic.com/media/d03445_0bc6cb6ea56347719526677a4a08b088~mv2.jpg/v1/fill/w_1000,h_563,al_c,q_85,usm_0.66_1.00_0.01/d03445_0bc6cb6ea56347719526677a4a08b088~mv2.jpg","","1","ผลตรวจภูมิแพ้อาหารแฝง ""คุณจีน่า The Face""","BlogPosting Person itemPage ImageObject Organization","4827","22","2","118","2","1"
"https://www.thrivewellnessth.com/post/ผิวสวย","200","","https://www.thrivewellnessth.com/post/%E0%B8%9C%E0%B8%B4%E0%B8%A7%E0%B8%AA%E0%B8%A7%E0%B8%A2","200","","3288","1154","เผยผิวสวยง่ายๆด้วย 3 เคล็ดลับจาก ไธรฟ์ คลินิก","45","การดูแลผิวด้วยวิตามินเราสามารถเพิ่มวิตามินผิวได้หลากหลายวิธี ไม่ว่าจะเป็นวิธีการ Drip Vitamin การฉีด Vitamin หรือจะเป็นการทาน Vitamin ก็สามารถช่วยบำรุงผิวสวยได้เช่นกัน","167","","https://www.thrivewellnessth.com/post/ผิวสวย","https://static.wixstatic.com/media/0828cb_2527f3b70f61448db9c2d67f9fa55c0f~mv2.jpg/v1/fill/w_1000,h_563,al_c,q_85,usm_0.66_1.00_0.01/0828cb_2527f3b70f61448db9c2d67f9fa55c0f~mv2.jpg","","1","เผยผิวสวยง่ายๆด้วย 3 เคล็ดลับจาก ไธรฟ์ คลินิก","BlogPosting Person itemPage ImageObject Organization","4521","19","2","115","1","1"
"https://www.thrivewellnessth.com/post/ผิวสวย-1","200","","https://www.thrivewellnessth.com/post/%E0%B8%9C%E0%B8%B4%E0%B8%A7%E0%B8%AA%E0%B8%A7%E0%B8%A2-1","200","","592","1158","ความลับของเหล่าเซเลป ผิวสวยเพราะการนอนหลับที่ดี","47","อยากผิวสวยต้องพักผ่อนให้เพียงพอเพราะการนอนหลับไม่เพียงพอนอกจากส่งผลเสียต่อร่างกาย ยังส่งผลร้ายต่อผิวพรรณอีกด้วย เมื่อเรามีเวลานอนน้อย นอนไม่หลับ นอนดึก จะทำให้ร่างกายโทรม ผิวพรรณเสื่อมลง การสร้างคอลลาเจนลดลง จนทำให้ผิวดูแก่เกินวัย มีริ้วรอย ผิวหมองคล้ำ ดูไม่สดใสนั่นเอง","269","","https://www.thrivewellnessth.com/post/ผิวสวย-1","https://static.wixstatic.com/media/0828cb_f71a1dce439a4883b102b8ff76d25cd5~mv2.jpg/v1/fill/w_1000,h_563,al_c,q_85,usm_0.66_1.00_0.01/0828cb_f71a1dce439a4883b102b8ff76d25cd5~mv2.jpg","","1","ความลับของเหล่าเซเลป ผิวสวยเพราะการนอนหลับที่ดี","BlogPosting Person itemPage ImageObject Organization","5062","19","2","117","1","1"
"https://www.thrivewellnessth.com/post/ผื่นแพ้อากาศ","200","","https://www.thrivewellnessth.com/post/%E0%B8%9C%E0%B8%B7%E0%B9%88%E0%B8%99%E0%B9%81%E0%B8%9E%E0%B9%89%E0%B8%AD%E0%B8%B2%E0%B8%81%E0%B8%B2%E0%B8%A8","200","","3538","1213","ผื่นแพ้อากาศ แดง คัน ยืนเกาทั้งวันไม่ยอมหยุด!","45","ผื่นแพ้อากาศ เป็นโรคที่ร่างกายของเราเกิดปฏิกิริยาตอบโต้เมื่อได้รับสารก่อภูมิแพ้ ซึ่งจะแสดงออกผ่านทางผิวหนังจนทำให้ผิวเกิดการอักเสบเรื้อรังขึ้น ทั้งนี้เพราะระบบภูมิคุ้มกันของเราตก!","179","","https://www.thrivewellnessth.com/post/ผื่นแพ้อากาศ","https://static.wixstatic.com/media/d03445_7b88535637ec442d924d245704e7bc99~mv2.jpg/v1/fill/w_1000,h_563,al_c,q_85,usm_0.66_1.00_0.01/d03445_7b88535637ec442d924d245704e7bc99~mv2.jpg","","1","อย่าปล่อยให้วันสำคัญปังน้อยลง Accident! ที่เป็นผื่นแพ้อากาศ แดง คัน ยืนเกาทั้งวันไม่ยอมหยุด","BlogPosting Person itemPage ImageObject Organization","8337","23","3","115","1","1"
"https://www.thrivewellnessth.com/post/ผื่นลมพิษ","200","","https://www.thrivewellnessth.com/post/%E0%B8%9C%E0%B8%B7%E0%B9%88%E0%B8%99%E0%B8%A5%E0%B8%A1%E0%B8%9E%E0%B8%B4%E0%B8%A9","200","","262","1207","ผื่นลมพิษ ผื่นแดงที่แก้ไม่หายขาด เป็นทุกทีที่อากาศเปลี่ยน แก้ไขได้อย่างไร","73","อาการผื่นลมพิษที่เกิดขึ้นอันตรายหรือไม่ หลีกเลี่ยงอาการผื่นลมพิษนี้ได้อย่างไรบ้าง ไธรฟ์ เวลเนส คลินิก ชวนสร้างความเข้าใจถึงผื่นคันที่เกิดขึ้น","141","","https://www.thrivewellnessth.com/post/ผื่นลมพิษ","https://static.wixstatic.com/media/d03445_0a33f2c029574985bcccda8eb9c6508b~mv2.jpg/v1/fill/w_1000,h_563,al_c,q_85,usm_0.66_1.00_0.01/d03445_0a33f2c029574985bcccda8eb9c6508b~mv2.jpg","","1","ผื่นลมพิษ ผื่นแดงที่แก้ไม่หายขาด เป็นทุกทีที่อากาศเปลี่ยน แก้ไขได้อย่างไร","BlogPosting Person itemPage ImageObject Organization","10561","22","2","122","1","1"
"https://www.thrivewellnessth.com/post/พักผ่อนน้อย","200","","https://www.thrivewellnessth.com/post/%E0%B8%9E%E0%B8%B1%E0%B8%81%E0%B8%9C%E0%B9%88%E0%B8%AD%E0%B8%99%E0%B8%99%E0%B9%89%E0%B8%AD%E0%B8%A2","200","","2740","1159","นอนไม่หลับ พักผ่อนน้อย ตัวเร่งที่ทำให้ภูมิคุ้มกันตกต่ำลง","56","การพักผ่อนสำคัญมากต่อร่างกายคนเราอย่างมาก เพราะในช่วงเวลาที่เราได้พักผ่อนนั่นร่างกายจะมีการซ่อมแซมตัวเองเพื่อฟื้นฟูส่วนที่สึกหรอ หากเราพักผ่อนน้อยร่างกายก็จะเหมือนคนที่กำลังทำงานอยู่ตลอดเวลาแบบไม่มีการพัก จนส่งผลเสียให้เสี่ยงเกิดโรคเบาหวาน โรคหัวใจ อีกทั้งยังส่งผลให้ภูมิคุ้มกันตกต่ำลงจนป่วยง่าย ติดเชื้อง่ายนั่นเอง","315","","https://www.thrivewellnessth.com/post/พักผ่อนน้อย","https://static.wixstatic.com/media/0828cb_02320487b84c45fbbe4573ac17e4076a~mv2.jpg/v1/fill/w_1000,h_563,al_c,q_85,usm_0.66_1.00_0.01/0828cb_02320487b84c45fbbe4573ac17e4076a~mv2.jpg","","1","นอนไม่หลับ พักผ่อนน้อย ตัวเร่งที่ทำให้ภูมิคุ้มกันตกต่ำลง","BlogPosting Person itemPage ImageObject Organization","4971","19","2","118","1","1"
"https://www.thrivewellnessth.com/post/เพราะความจำเสื่อมนั้นน่ากลัวจะดีไหม-หากคุณรู้ความเสี่ยงเพื่อป้องกันและฟื้นฟู","200","","https://www.thrivewellnessth.com/post/%E0%B9%80%E0%B8%9E%E0%B8%A3%E0%B8%B2%E0%B8%B0%E0%B8%84%E0%B8%A7%E0%B8%B2%E0%B8%A1%E0%B8%88%E0%B8%B3%E0%B9%80%E0%B8%AA%E0%B8%B7%E0%B9%88%E0%B8%AD%E0%B8%A1%E0%B8%99%E0%B8%B1%E0%B9%89%E0%B8%99%E0%B8%99%E0%B9%88%E0%B8%B2%E0%B8%81%E0%B8%A5%E0%B8%B1%E0%B8%A7%E0%B8%88%E0%B8%B0%E0%B8%94%E0%B8%B5%E0%B9%84%E0%B8%AB%E0%B8%A1-%E0%B8%AB%E0%B8%B2%E0%B8%81%E0%B8%84%E0%B8%B8%E0%B8%93%E0%B8%A3%E0%B8%B9%E0%B9%89%E0%B8%84%E0%B8%A7%E0%B8%B2%E0%B8%A1%E0%B9%80%E0%B8%AA%E0%B8%B5%E0%B9%88%E0%B8%A2%E0%B8%87%E0%B9%80%E0%B8%9E%E0%B8%B7%E0%B9%88%E0%B8%AD%E0%B8%9B%E0%B9%89%E0%B8%AD%E0%B8%87%E0%B8%81%E0%B8%B1%E0%B8%99%E0%B9%81%E0%B8%A5%E0%B8%B0%E0%B8%9F%E0%B8%B7%E0%B9%89%E0%B8%99%E0%B8%9F%E0%B8%B9","200","","3701","1165","เพราะความจำเสื่อมนั้นน่ากลัวจะดีไหม หากคุณรู้ความเสี่ยงเพื่อป้องกันและฟื้นฟู","76","","0","","https://www.thrivewellnessth.com/post/เพราะความจำเสื่อมนั้นน่ากลัวจะดีไหม-หากคุณรู้ความเสี่ยงเพื่อป้องกันและฟื้นฟู","https://static.wixstatic.com/media/8a2520_c5421764b5db498083b2594b701818bf~mv2.jpg/v1/fill/w_1000,h_908,al_c,q_85,usm_0.66_1.00_0.01/8a2520_c5421764b5db498083b2594b701818bf~mv2.jpg","","1","เพราะความจำเสื่อมนั้นน่ากลัวจะดีไหม หากคุณรู้ความเสี่ยงเพื่อป้องกันและฟื้นฟู","BlogPosting Person itemPage ImageObject Organization","5179","20","4","113","1","1"
"https://www.thrivewellnessth.com/post/ภัย5ข้อจากอาหารfastfood","200","","https://www.thrivewellnessth.com/post/%E0%B8%A0%E0%B8%B1%E0%B8%A25%E0%B8%82%E0%B9%89%E0%B8%AD%E0%B8%88%E0%B8%B2%E0%B8%81%E0%B8%AD%E0%B8%B2%E0%B8%AB%E0%B8%B2%E0%B8%A3fastfood","200","","3367","1187","ภัย 5 ข้อ จากอาหาร Fast Food ส่งผลเสียต่อร่างกายอย่างไร","55","Fast Food เป็น Safezone ของอาหารจริงหรือ? รู้ทัน ป้องกัน ผ่านภัย 5 ข้อ ก่อนกดสั่ง","81","","https://www.thrivewellnessth.com/post/ภัย5ข้อจากอาหารfastfood","https://static.wixstatic.com/media/d03445_ed0d310bf0944ecc874bb024fc77b898~mv2.jpg/v1/fill/w_1000,h_563,al_c,q_85,usm_0.66_1.00_0.01/d03445_ed0d310bf0944ecc874bb024fc77b898~mv2.jpg","","1","ภัย 5 ข้อ จากอาหาร Fast Food","BlogPosting Person itemPage ImageObject Organization","5118","26","4","114","1","1"
"https://www.thrivewellnessth.com/post/ภาวะต่อมหมวกไตล้า-adrenalfatigue","200","","https://www.thrivewellnessth.com/post/%E0%B8%A0%E0%B8%B2%E0%B8%A7%E0%B8%B0%E0%B8%95%E0%B9%88%E0%B8%AD%E0%B8%A1%E0%B8%AB%E0%B8%A1%E0%B8%A7%E0%B8%81%E0%B9%84%E0%B8%95%E0%B8%A5%E0%B9%89%E0%B8%B2-adrenalfatigue","200","","557","1175","ทํางานหนัก พักผ่อนน้อย เสี่ยงภาวะต่อมหมวกไตล้า","46","ภาวะต่อมหมวกไตล้า (Adrenal Fatigue) มีความเครียดเป็นตัวกระตุ้นโดยเกิดได้จากหลายปัจจัย เพราะมีความเกี่ยวเนื่องกับฮอร์โมนหลายชนิด เช่น Cortisol, DHEAs รวมถึงฮอร์โมนเพศที่จะสวิงผิดเพี้ยนไปได้","188","","https://www.thrivewellnessth.com/post/ภาวะต่อมหมวกไตล้า-adrenalfatigue","https://static.wixstatic.com/media/0828cb_9bcc0ae277d44b71b061e0cfa6fc00ff~mv2.jpg/v1/fill/w_1000,h_563,al_c,q_85,usm_0.66_1.00_0.01/0828cb_9bcc0ae277d44b71b061e0cfa6fc00ff~mv2.jpg","","1","ทํางานหนัก พักผ่อนน้อย เสี่ยงภาวะต่อมหมวกไตล้า","BlogPosting Person itemPage ImageObject Organization","6866","21","2","117","1","1"
"https://www.thrivewellnessth.com/post/ภาวะต่อมหมวกไตล้า-รักษาง่าย-ป้องกันได้ด้วย-3-step","200","","https://www.thrivewellnessth.com/post/%E0%B8%A0%E0%B8%B2%E0%B8%A7%E0%B8%B0%E0%B8%95%E0%B9%88%E0%B8%AD%E0%B8%A1%E0%B8%AB%E0%B8%A1%E0%B8%A7%E0%B8%81%E0%B9%84%E0%B8%95%E0%B8%A5%E0%B9%89%E0%B8%B2-%E0%B8%A3%E0%B8%B1%E0%B8%81%E0%B8%A9%E0%B8%B2%E0%B8%87%E0%B9%88%E0%B8%B2%E0%B8%A2-%E0%B8%9B%E0%B9%89%E0%B8%AD%E0%B8%87%E0%B8%81%E0%B8%B1%E0%B8%99%E0%B9%84%E0%B8%94%E0%B9%89%E0%B8%94%E0%B9%89%E0%B8%A7%E0%B8%A2-3-step","200","","3376","1183","ภาวะต่อมหมวกไตล้า ตื่นเช้าไม่สดชื่น รักษาและป้องกันได้ด้วย 3 Step","65","ม่อยากตื่น / ตื่นนอนไม่สดชื่น บ่ายง่วงนอน อยากกินแต่ของหวาน/","60","","https://www.thrivewellnessth.com/post/ภาวะต่อมหมวกไตล้า-รักษาง่าย-ป้องกันได้ด้วย-3-step","https://static.wixstatic.com/media/d03445_5ec18b5f3522450dbed1cfd18e1ec899~mv2.jpg/v1/fill/w_1000,h_563,al_c,q_85,usm_0.66_1.00_0.01/d03445_5ec18b5f3522450dbed1cfd18e1ec899~mv2.jpg","","1","ภาวะต่อมหมวกไตล้า ตื่นเช้าไม่สดชื่น ง่วงนอนทุกเวลา ตกดึกสมองแล่น รักษาง่าย ป้องกันได้ด้วย 3 Step","BlogPosting Person itemPage ImageObject Organization","5799","21","4","117","2","1"
"https://www.thrivewellnessth.com/post/ภาวะวัยทองก่อนวัยอันควร","200","","https://www.thrivewellnessth.com/post/%E0%B8%A0%E0%B8%B2%E0%B8%A7%E0%B8%B0%E0%B8%A7%E0%B8%B1%E0%B8%A2%E0%B8%97%E0%B8%AD%E0%B8%87%E0%B8%81%E0%B9%88%E0%B8%AD%E0%B8%99%E0%B8%A7%E0%B8%B1%E0%B8%A2%E0%B8%AD%E0%B8%B1%E0%B8%99%E0%B8%84%E0%B8%A7%E0%B8%A3","200","","3645","1163","สัญญาณเตือน!! ภาวะวัยทองก่อนวัยอันควร","37","โดยปกติคนเราจะเริ่มเข้าสู่วัยทองในช่วงอายุ 40-50 ปี แต่ในปัจจุบันมีคนจำนวนไม่น้อยที่อายุยังไม่ถึง 40 ปีก็เริ่มเข้าสู่ภาวะวัยทองแล้ว แล้ววัยทองก่อนวัยอันควร คืออะไร สาเหตุเกิดจากอะไร วันนี้เรามาทำความรู้จัดกับภาวะวัยทองกันค่ะ","224","","https://www.thrivewellnessth.com/post/ภาวะวัยทองก่อนวัยอันควร","https://static.wixstatic.com/media/0828cb_f212411019d34e88b42577d50fc900df~mv2.jpg/v1/fill/w_1000,h_563,al_c,q_85,usm_0.66_1.00_0.01/0828cb_f212411019d34e88b42577d50fc900df~mv2.jpg","","1","สัญญาณเตือน!! ภาวะวัยทองก่อนวัยอันควร","BlogPosting Person itemPage ImageObject Organization","5242","19","2","117","3","1"
"https://www.thrivewellnessth.com/post/ภูมิคุ้มกันต่ำ-รู้ก่อนป่วยหนัก-ป้องกันได้ง่ายๆแค่ปรับ-lifestyle","200","","https://www.thrivewellnessth.com/post/%E0%B8%A0%E0%B8%B9%E0%B8%A1%E0%B8%B4%E0%B8%84%E0%B8%B8%E0%B9%89%E0%B8%A1%E0%B8%81%E0%B8%B1%E0%B8%99%E0%B8%95%E0%B9%88%E0%B8%B3-%E0%B8%A3%E0%B8%B9%E0%B9%89%E0%B8%81%E0%B9%88%E0%B8%AD%E0%B8%99%E0%B8%9B%E0%B9%88%E0%B8%A7%E0%B8%A2%E0%B8%AB%E0%B8%99%E0%B8%B1%E0%B8%81-%E0%B8%9B%E0%B9%89%E0%B8%AD%E0%B8%87%E0%B8%81%E0%B8%B1%E0%B8%99%E0%B9%84%E0%B8%94%E0%B9%89%E0%B8%87%E0%B9%88%E0%B8%B2%E0%B8%A2%E0%B9%86%E0%B9%81%E0%B8%84%E0%B9%88%E0%B8%9B%E0%B8%A3%E0%B8%B1%E0%B8%9A-lifestyle","200","","4397","1164","ภูมิคุ้มกันต่ำ รู้ก่อนป่วยหนัก ป้องกันได้ง่ายๆแค่ปรับ Lifestyle","63","","0","","https://www.thrivewellnessth.com/post/ภูมิคุ้มกันต่ำ-รู้ก่อนป่วยหนัก-ป้องกันได้ง่ายๆแค่ปรับ-lifestyle","https://static.wixstatic.com/media/8a2520_d4a2b45d3c154b268459c0c08e7aa405~mv2.jpg/v1/fill/w_1000,h_563,al_c,q_85,usm_0.66_1.00_0.01/8a2520_d4a2b45d3c154b268459c0c08e7aa405~mv2.jpg","","1","ภูมิคุ้มกันต่ำ รู้ก่อนป่วยหนัก ป้องกันได้ง่ายๆแค่ปรับ Lifestyle","BlogPosting Person itemPage ImageObject Organization","5609","19","4","114","1","1"
"https://www.thrivewellnessth.com/post/ภูมิคุ้มกันพัง","200","","https://www.thrivewellnessth.com/post/%E0%B8%A0%E0%B8%B9%E0%B8%A1%E0%B8%B4%E0%B8%84%E0%B8%B8%E0%B9%89%E0%B8%A1%E0%B8%81%E0%B8%B1%E0%B8%99%E0%B8%9E%E0%B8%B1%E0%B8%87","200","","3284","1160","5 สัญญาณผิวเตือนภูมิคุ้มกันพัง","30","5 สัญญาณผิวเตือนภูมิคุ้มกันพัง ผิวลอก ผิวแห้ง ผื่นภูมิแพ้ สิวอักเสบ เซ็บเดิร์ม และโรคตุ่มน้ำพอง","95","","https://www.thrivewellnessth.com/post/ภูมิคุ้มกันพัง","https://static.wixstatic.com/media/0828cb_57acd8451d524cb8abaa972ff7e5b7a5~mv2.jpg/v1/fill/w_1000,h_563,al_c,q_85,usm_0.66_1.00_0.01/0828cb_57acd8451d524cb8abaa972ff7e5b7a5~mv2.jpg","","1","5 สัญญาณผิวเตือนภูมิคุ้มกันพัง","BlogPosting Person itemPage ImageObject Organization","6368","19","2","118","1","1"
"https://www.thrivewellnessth.com/post/ภูมิแพ้ของคนเลี้ยงสัตว์","200","","https://www.thrivewellnessth.com/post/%E0%B8%A0%E0%B8%B9%E0%B8%A1%E0%B8%B4%E0%B9%81%E0%B8%9E%E0%B9%89%E0%B8%82%E0%B8%AD%E0%B8%87%E0%B8%84%E0%B8%99%E0%B9%80%E0%B8%A5%E0%B8%B5%E0%B9%89%E0%B8%A2%E0%B8%87%E0%B8%AA%E0%B8%B1%E0%B8%95%E0%B8%A7%E0%B9%8C","200","","212","1208","อุปสรรคความรัก ภูมิแพ้ของคนเลี้ยงสัตว์","38","ภูมิแพ้ความรักของหมา แมว นอกจากอันตรายทางใจแล้วยังส่งผลให้คุณเป็นภูมิแพ้ขนสัตว์อันตรายที่เกิดได้ไม่ทันตั้งตัว","109","","https://www.thrivewellnessth.com/post/ภูมิแพ้ของคนเลี้ยงสัตว์","https://static.wixstatic.com/media/d03445_6db7f8740d97474596e2d8e1aeec7824~mv2.jpg/v1/fill/w_1000,h_563,al_c,q_85,usm_0.66_1.00_0.01/d03445_6db7f8740d97474596e2d8e1aeec7824~mv2.jpg","","1","อุปสรรคความรัก ภูมิแพ้ของคนเลี้ยงสัตว์","BlogPosting Person itemPage ImageObject Organization","6833","25","5","113","2","1"
"https://www.thrivewellnessth.com/post/ภูมิแพ้อากาศ","200","","https://www.thrivewellnessth.com/post/%E0%B8%A0%E0%B8%B9%E0%B8%A1%E0%B8%B4%E0%B9%81%E0%B8%9E%E0%B9%89%E0%B8%AD%E0%B8%B2%E0%B8%81%E0%B8%B2%E0%B8%A8","200","","3288","1192","ภูมิแพ้อากาศพาหาสาเหตุ อาการและการป้องกันเมื่อคุณก็เป็นชาวภูมิแพ้","65","ภูมิแพ้อากาศ (Allergic Rhinitis) หรือโรคจมูกอักเสบจากภูมิแพ้ ไข้ละอองฟาง โรคที่มีสาเหตุประเภทเดียวกัน คือ เกิดจากการอักเสบบริเวณเนื้อเยื่อจมูก หูู ตา ไซนัส และลำคอ เพราะร่างกายมีปฏิกิริยาตอบโต้เมื่อได้รับสารก่อภูมิแพ้ในอากาศโดยเฉพาะ","232","","https://www.thrivewellnessth.com/post/ภูมิแพ้อากาศ","https://static.wixstatic.com/media/d03445_42597c944c314cf9a70d4d5e27172be2~mv2.jpg/v1/fill/w_1000,h_563,al_c,q_85,usm_0.66_1.00_0.01/d03445_42597c944c314cf9a70d4d5e27172be2~mv2.jpg","","1","ภูมิแพ้อากาศ โรคยอดฮิตที่คนไทยแพ้ไม่หยุด พาหาสาเหตุ อาการและการป้องกันเมื่อคุณก็เป็นชาวภูมิแพ้","BlogPosting Person itemPage ImageObject Organization","8262","22","2","116","1","1"
"https://www.thrivewellnessth.com/post/มลพิษทางอากาศ","200","","https://www.thrivewellnessth.com/post/%E0%B8%A1%E0%B8%A5%E0%B8%9E%E0%B8%B4%E0%B8%A9%E0%B8%97%E0%B8%B2%E0%B8%87%E0%B8%AD%E0%B8%B2%E0%B8%81%E0%B8%B2%E0%B8%A8","200","","3043","1166","มลพิษทางอากาศสู่มะเร็งปอดแบบไม่ทันรู้ตัว แม้ว่าคุณไม่ได้สูบบุหรี่","65","ในปัจจุบันคนไทยจำนวนไม่น้อยที่ถูกพบว่าเป็นมะเร็งปอดแม้ไม่ได้สูบบุหรี่ เพราะสูดดมควันบุหรี่มือสอง หรือแม้แต่สัมผัสสารก่อมะเร็งอย่าง แร่ใยหิน (asbestos), ก๊าซเรดอน (radon), สารหนู, ถ่านหิน, รังสี, ควันธูป, ควันท่อไอเสีย รวมไปถึงมลภาวะทางอากาศ ซึ่งล้วนเป็นปัจจัยที่ก่อให้เกิดโรคมะเร็งปอดทั้งหมด","291","","https://www.thrivewellnessth.com/post/มลพิษทางอากาศ","https://static.wixstatic.com/media/0828cb_95c9ea1babb840e9bb589ffc23807883~mv2.jpg/v1/fill/w_1000,h_563,al_c,q_85,usm_0.66_1.00_0.01/0828cb_95c9ea1babb840e9bb589ffc23807883~mv2.jpg","","1","มลพิษทางอากาศสู่มะเร็งปอดแบบไม่ทันรู้ตัว แม้ว่าคุณไม่ได้สูบบุหรี่","BlogPosting Person itemPage ImageObject Organization","5285","21","2","117","1","1"
"https://www.thrivewellnessth.com/post/มารู้จักหน่อไม้ฝรั่งกันเถอะ","200","","https://www.thrivewellnessth.com/post/%E0%B8%A1%E0%B8%B2%E0%B8%A3%E0%B8%B9%E0%B9%89%E0%B8%88%E0%B8%B1%E0%B8%81%E0%B8%AB%E0%B8%99%E0%B9%88%E0%B8%AD%E0%B9%84%E0%B8%A1%E0%B9%89%E0%B8%9D%E0%B8%A3%E0%B8%B1%E0%B9%88%E0%B8%87%E0%B8%81%E0%B8%B1%E0%B8%99%E0%B9%80%E0%B8%96%E0%B8%AD%E0%B8%B0","200","","4985","1164","Healthy Food ตอนที่ 1 มารู้จักหน่อไม้ฝรั่งกันเถอะ","49","","0","","https://www.thrivewellnessth.com/post/มารู้จักหน่อไม้ฝรั่งกันเถอะ","https://static.wixstatic.com/media/8a2520_0e8b5e6984be40b8bf8dfe1a5ecec856~mv2.jpg/v1/fill/w_1000,h_750,al_c,q_85,usm_0.66_1.00_0.01/8a2520_0e8b5e6984be40b8bf8dfe1a5ecec856~mv2.jpg","","1","Healthy Food ตอนที่ 1 มารู้จักหน่อไม้ฝรั่งกันเถอะ","BlogPosting Person itemPage ImageObject Organization","3763","20","3","115","1","1"
"https://www.thrivewellnessth.com/post/ยาสเตียรอยด์","200","","https://www.thrivewellnessth.com/post/%E0%B8%A2%E0%B8%B2%E0%B8%AA%E0%B9%80%E0%B8%95%E0%B8%B5%E0%B8%A2%E0%B8%A3%E0%B8%AD%E0%B8%A2%E0%B8%94%E0%B9%8C","200","","3782","1213","ไขความลับ ยาสเตียรอยด์ มีประโยชน์แต่ก็ไม่ใช่ทุกคำตอบการรักษา","60","ถึงจะเป็นยาเพื่อประโยชน์ทางการรักษาให้คล้ายกับฮอร์โมนสเตียรอยด์ก็ตาม แต่มันก็ยังคงเป็นยาที่อันตรายและอาจไม่ใช่คำตอบของทุกการรักษา","129","","https://www.thrivewellnessth.com/post/ยาสเตียรอยด์","https://static.wixstatic.com/media/d03445_b55b02379f9e4a0ca70bdc1bc818ae13~mv2.jpg/v1/fill/w_1000,h_563,al_c,q_85,usm_0.66_1.00_0.01/d03445_b55b02379f9e4a0ca70bdc1bc818ae13~mv2.jpg","","1","ไขความลับ ยาสเตียรอยด์","BlogPosting Person itemPage ImageObject Organization","8926","25","5","123","1","1"
"https://www.thrivewellnessth.com/post/รอยสิว","200","","https://www.thrivewellnessth.com/post/%E0%B8%A3%E0%B8%AD%E0%B8%A2%E0%B8%AA%E0%B8%B4%E0%B8%A7","200","","3122","1182","สกัดปัญหาสิว คืนความมั่นใจ รอยสิวจางไว ไม่ทิ้งรอย ด้วยการรู้ปัญหาต้นตอของสิวที่แท้จริง","86","“สิว” เกิดจากรูขุมขนบนผิวหนังซึ่งมีต่อมไขมัน ไม่สามารถขับไขมันออกมาได้ เมื่อรูขุมขนเหล่านี้ถูกปิดกั้นจากเซลล์ผิวที่ตายแล้ว รวมถึงสิ่งสกปรกอื่น ๆ จนทำให้เกิดการอุดตันภายใต้ชั้นผิว ยิ่งคุณมีสภาพผิวมันยิ่งทำให้เกิดสิวได้ง่าย","221","","https://www.thrivewellnessth.com/post/รอยสิว","https://static.wixstatic.com/media/d03445_f6a4ff2a76454e91b932b94161dee293~mv2.jpg/v1/fill/w_1000,h_563,al_c,q_85,usm_0.66_1.00_0.01/d03445_f6a4ff2a76454e91b932b94161dee293~mv2.jpg","","1","สกัดปัญหาสิว คืนความมั่นใจ รอยสิวจางไว ไม่ทิ้งรอย ด้วยการรู้ปัญหาต้นตอของสิวที่แท้จริง","BlogPosting Person itemPage ImageObject Organization","6638","22","2","121","1","1"
"https://www.thrivewellnessth.com/post/ราคาและประโยชน์ของการบำรุงผิวหน้าด้วย-prp","200","","https://www.thrivewellnessth.com/post/%E0%B8%A3%E0%B8%B2%E0%B8%84%E0%B8%B2%E0%B9%81%E0%B8%A5%E0%B8%B0%E0%B8%9B%E0%B8%A3%E0%B8%B0%E0%B9%82%E0%B8%A2%E0%B8%8A%E0%B8%99%E0%B9%8C%E0%B8%82%E0%B8%AD%E0%B8%87%E0%B8%81%E0%B8%B2%E0%B8%A3%E0%B8%9A%E0%B8%B3%E0%B8%A3%E0%B8%B8%E0%B8%87%E0%B8%9C%E0%B8%B4%E0%B8%A7%E0%B8%AB%E0%B8%99%E0%B9%89%E0%B8%B2%E0%B8%94%E0%B9%89%E0%B8%A7%E0%B8%A2-prp","200","","2618","1175","ราคาและประโยชน์ของการบำรุงผิวหน้าด้วย PRP","41","","0","","https://www.thrivewellnessth.com/post/ราคาและประโยชน์ของการบำรุงผิวหน้าด้วย-prp","https://static.wixstatic.com/media/989780_a48126019532402eb11f44566dc320db~mv2.png/v1/fill/w_1000,h_563,al_c,q_90,usm_0.66_1.00_0.01/989780_a48126019532402eb11f44566dc320db~mv2.png","","1","ราคาและประโยชน์ของการบำรุงผิวหน้าด้วย PRP","BlogPosting Person itemPage ImageObject Organization","6678","20","2","113","1","1"
"https://www.thrivewellnessth.com/post/แร่ธาตุ","200","","https://www.thrivewellnessth.com/post/%E0%B9%81%E0%B8%A3%E0%B9%88%E0%B8%98%E0%B8%B2%E0%B8%95%E0%B8%B8","200","","206","1210","คุณรู้จัก แร่ธาตุ ดีแค่ไหน? ประโยชน์ที่ช่วยทั้งผิว ผม เล็บ","58","แร่ธาตุ 1 ในอาหาร 5 หมู่ที่ทุกคุณมองข้าม เป็นสิ่งที่ต้องการเพียงเล็กน้อยก็จริงแต่ขาดไม่ได้! เพราะแร่ธาตุช่วยทำให้ทุกระบบดำเนินไปได้อย่างดี","138","","https://www.thrivewellnessth.com/post/แร่ธาตุ","https://static.wixstatic.com/media/d03445_9d6e8c456563408ab8052470f8cf1d1b~mv2.jpg/v1/fill/w_1000,h_563,al_c,q_85,usm_0.66_1.00_0.01/d03445_9d6e8c456563408ab8052470f8cf1d1b~mv2.jpg","","1","คุณรู้จัก แร่ธาตุ ดีแค่ไหน? สารอนินทรีย์ที่มอบให้ตั้งแต่เรื่องผิวพรรณ ฟัน ผม เล็บ ไปจนถึงอวัยวะภายใน","BlogPosting Person itemPage ImageObject Organization","9110","24","5","115","1","1"
"https://www.thrivewellnessth.com/post/แร่ธาตุกับความสำคัญต่อสุขภาพของเรา","200","","https://www.thrivewellnessth.com/post/%E0%B9%81%E0%B8%A3%E0%B9%88%E0%B8%98%E0%B8%B2%E0%B8%95%E0%B8%B8%E0%B8%81%E0%B8%B1%E0%B8%9A%E0%B8%84%E0%B8%A7%E0%B8%B2%E0%B8%A1%E0%B8%AA%E0%B8%B3%E0%B8%84%E0%B8%B1%E0%B8%8D%E0%B8%95%E0%B9%88%E0%B8%AD%E0%B8%AA%E0%B8%B8%E0%B8%82%E0%B8%A0%E0%B8%B2%E0%B8%9E%E0%B8%82%E0%B8%AD%E0%B8%87%E0%B9%80%E0%B8%A3%E0%B8%B2","200","","3636","1183","แร่ธาตุที่มีน้อยแต่สำคัญสุดๆต่อสุขภาพของเรา","43","","0","","https://www.thrivewellnessth.com/post/แร่ธาตุกับความสำคัญต่อสุขภาพของเรา","https://static.wixstatic.com/media/07052e_984801075b3043ef9253b074b7cced4c~mv2.jpg/v1/fill/w_1000,h_667,al_c,q_85,usm_0.66_1.00_0.01/07052e_984801075b3043ef9253b074b7cced4c~mv2.jpg","","1","แร่ธาตุสำคัญต่อสุขภาพของเรา!","BlogPosting Person itemPage ImageObject Organization","6689","24","8","116","1","1"
"https://www.thrivewellnessth.com/post/แร่ธาตุหลักสำหรับสาวๆ","200","","https://www.thrivewellnessth.com/post/%E0%B9%81%E0%B8%A3%E0%B9%88%E0%B8%98%E0%B8%B2%E0%B8%95%E0%B8%B8%E0%B8%AB%E0%B8%A5%E0%B8%B1%E0%B8%81%E0%B8%AA%E0%B8%B3%E0%B8%AB%E0%B8%A3%E0%B8%B1%E0%B8%9A%E0%B8%AA%E0%B8%B2%E0%B8%A7%E0%B9%86","200","","3111","1162","3 แร่ธาตุหลักสำหรับสาวๆ Working Woman","37","สาวๆหลายคนที่กำลังเป็น Working woman ทำงานหนักจนลืมหันมาดูแลตัวเอง พักผ่อนน้อย เครียดกับงานมากจนเกินไป จนร่างกายพังและขาดวิตามินแร่ธาตุบางชนิดไป วันนี้ ไธรฟ์ คลินิก มีแร่ธาตุหลักสำหรับสาวๆ Working woman ที่ขาดไม่ได้มาฝาก","220","","https://www.thrivewellnessth.com/post/แร่ธาตุหลักสำหรับสาวๆ","https://static.wixstatic.com/media/0828cb_11d9cacf9791499bb28721608d59953f~mv2.jpg/v1/fill/w_1000,h_563,al_c,q_85,usm_0.66_1.00_0.01/0828cb_11d9cacf9791499bb28721608d59953f~mv2.jpg","","1","3 แร่ธาตุหลักสำหรับสาวๆ Working Woman","BlogPosting Person itemPage ImageObject Organization","6308","19","2","118","1","1"
"https://www.thrivewellnessth.com/post/โรคsle","200","","https://www.thrivewellnessth.com/post/%E0%B9%82%E0%B8%A3%E0%B8%84sle","200","","3308","1182","โรค SLE คืออะไรทำไมเราถึงแพ้ภูมิตัวเอง","38","SLE คืออะไร เกิดขึ้นได้อย่างไร สาเหตุของโรคแพ้ภูมิตัวเอง สัญญาณอาการเริ่มแรกของโรคแพ้ภูมิตัวเอง","95","","https://www.thrivewellnessth.com/post/โรคsle","https://static.wixstatic.com/media/8a2520_eb1928a566404ee2aa63a518317115af~mv2.jpg/v1/fill/w_1000,h_563,al_c,q_85,usm_0.66_1.00_0.01/8a2520_eb1928a566404ee2aa63a518317115af~mv2.jpg","","1","โรค SLE คืออะไรทำไมเราถึงแพ้ภูมิตัวเอง","BlogPosting Person itemPage ImageObject Organization","6235","21","2","120","1","1"
"https://www.thrivewellnessth.com/post/โรคงูสวัด","200","","https://www.thrivewellnessth.com/post/%E0%B9%82%E0%B8%A3%E0%B8%84%E0%B8%87%E0%B8%B9%E0%B8%AA%E0%B8%A7%E0%B8%B1%E0%B8%94","200","","226","1187","งูสวัด โรคที่อาจแฝงอยู่และเป็นได้ไม่รู้ตัว","42","กำลังรู้สึกแสบร้อนที่ผิวหนังโดยไม่ทราบสาเหตุ หรือเปล่า? หรือเกิดผื่นแดงเป็นปื้นที่ผิว ร่วมกับมีตุ่มน้ำใส เรียงกันเป็นกลุ่มและรู้สึกแสบร้อน อาการที่มาพร้อมกับปวดตามตัว 2-3 วันก่อนหน้า อาจเป็น ‘โรคงูสวัด’ โดยไม่ทันตั้งตัว","219","","https://www.thrivewellnessth.com/post/โรคงูสวัด","https://static.wixstatic.com/media/d03445_7b3b66bd870640b4853e3974a7c1df7d~mv2.jpg/v1/fill/w_1000,h_563,al_c,q_85,usm_0.66_1.00_0.01/d03445_7b3b66bd870640b4853e3974a7c1df7d~mv2.jpg","","1","งูสวัด โรคที่อาจแฝงอยู่และเป็นได้ไม่รู้ตัว","BlogPosting Person itemPage ImageObject Organization","6265","25","2","119","1","1"
"https://www.thrivewellnessth.com/post/โรคซึมเศร้า","200","","https://www.thrivewellnessth.com/post/%E0%B9%82%E0%B8%A3%E0%B8%84%E0%B8%8B%E0%B8%B6%E0%B8%A1%E0%B9%80%E0%B8%A8%E0%B8%A3%E0%B9%89%E0%B8%B2","200","","3388","1209","โรคซึมเศร้า เกิดจาก สภาวะจิตใจ จุลินทรีย์ในลำไส้ หรือสารเคมีในสมอง?","67","","0","","https://www.thrivewellnessth.com/post/โรคซึมเศร้า","https://static.wixstatic.com/media/8a2520_304268058d1a448bb15812666a50a35e~mv2.jpg/v1/fill/w_1000,h_563,al_c,q_85,usm_0.66_1.00_0.01/8a2520_304268058d1a448bb15812666a50a35e~mv2.jpg","","1","โรคซึมเศร้า เกิดจาก สภาวะจิตใจ จุลินทรีย์ในลำไส้ หรือสารเคมีในสมอง?","BlogPosting Person itemPage ImageObject Organization","9607","25","4","114","1","1"
"https://www.thrivewellnessth.com/post/โรคเบาหวาน-diabetesmellitus","200","","https://www.thrivewellnessth.com/post/%E0%B9%82%E0%B8%A3%E0%B8%84%E0%B9%80%E0%B8%9A%E0%B8%B2%E0%B8%AB%E0%B8%A7%E0%B8%B2%E0%B8%99-diabetesmellitus","200","","234","1163","เบาความหวาน ลดความเสี่ยงเบาหวาน","31","นพ.ธเรศ กรัษนัยรวิวงค์ อธิบดีกรมควบคุมโรค กระทรวงสาธารณสุข กล่าวว่า ผู้ป่วยโรคเบาหวานเพิ่มขึ้นจากปี 2564 จำนวน 1.5 แสนคนต่อปี เท่ากับในปัจจุบันมีผู้ป่วยโรคเบาหวานถึง 3.3 คนต่อปี","177","","https://www.thrivewellnessth.com/post/โรคเบาหวาน-diabetesmellitus","https://static.wixstatic.com/media/0828cb_3b26d551c5be43b4b2a5c6c0c02affa2~mv2.jpg/v1/fill/w_1000,h_563,al_c,q_85,usm_0.66_1.00_0.01/0828cb_3b26d551c5be43b4b2a5c6c0c02affa2~mv2.jpg","","1","เบาความหวาน ลดความเสี่ยงเบาหวาน","BlogPosting Person itemPage ImageObject Organization","5907","19","2","115","1","1"
"https://www.thrivewellnessth.com/post/โรคปลายประสาทอักเสบ-peripheral-neuropathy","200","","https://www.thrivewellnessth.com/post/%E0%B9%82%E0%B8%A3%E0%B8%84%E0%B8%9B%E0%B8%A5%E0%B8%B2%E0%B8%A2%E0%B8%9B%E0%B8%A3%E0%B8%B0%E0%B8%AA%E0%B8%B2%E0%B8%97%E0%B8%AD%E0%B8%B1%E0%B8%81%E0%B9%80%E0%B8%AA%E0%B8%9A-peripheral-neuropathy","200","","3467","1168","โรคปลายประสาทอักเสบ (Peripheral neuropathy)","43","ลองคิดดูว่าหยิบจับอะไรก็เจ็บปวด หรือทุกย่างก้าวก็จะปวดร้าว ทรมานทั้งร่างกายและจิตใจ หากคุณชามือ ชาเท้า หรือเริ่มปวดแสบปวดร้อนที่มือหรือเท้า ระวังโรคปลายประสาทอักเสบ","164","","https://www.thrivewellnessth.com/post/โรคปลายประสาทอักเสบ-peripheral-neuropathy","https://static.wixstatic.com/media/0828cb_fa18d9a1853b45a185b680effc8fc0c9~mv2.jpg/v1/fill/w_1000,h_563,al_c,q_85,usm_0.66_1.00_0.01/0828cb_fa18d9a1853b45a185b680effc8fc0c9~mv2.jpg","","1","โรคปลายประสาทอักเสบ (Peripheral neuropathy)","BlogPosting Person itemPage ImageObject Organization","5389","20","2","117","1","1"
"https://www.thrivewellnessth.com/post/โรคแพ้ภูมิตัวเอง","200","","https://www.thrivewellnessth.com/post/%E0%B9%82%E0%B8%A3%E0%B8%84%E0%B9%81%E0%B8%9E%E0%B9%89%E0%B8%A0%E0%B8%B9%E0%B8%A1%E0%B8%B4%E0%B8%95%E0%B8%B1%E0%B8%A7%E0%B9%80%E0%B8%AD%E0%B8%87","200","","1318","1169","SLE คุณผู้หญิง เสี่ยงแพ้ภูมิตัวเองมากกว่าคุณผู้ชาย 9 เท่า","57","","0","","https://www.thrivewellnessth.com/post/โรคแพ้ภูมิตัวเอง","https://static.wixstatic.com/media/d03445_17585b422ea6408d8fe4864806f37bd3~mv2.jpg/v1/fill/w_1000,h_563,al_c,q_85,usm_0.66_1.00_0.01/d03445_17585b422ea6408d8fe4864806f37bd3~mv2.jpg","","1","SLE คุณผู้หญิง เสี่ยงแพ้ภูมิตัวเองมากกว่าคุณผู้ชาย 9 เท่า","BlogPosting Person itemPage ImageObject Organization","4426","21","2","118","1","1"
"https://www.thrivewellnessth.com/post/โรคภูมิแพ้","200","","https://www.thrivewellnessth.com/post/%E0%B9%82%E0%B8%A3%E0%B8%84%E0%B8%A0%E0%B8%B9%E0%B8%A1%E0%B8%B4%E0%B9%81%E0%B8%9E%E0%B9%89","200","","3589","1198","โรคภูมิแพ้เกิดขึ้นได้อย่างไร อาการแบบไหนเรียกภูมิแพ้","52","อาการคัดจมูก น้ำมูกไหล ผื่นคัน อาการภูมิแพ้ที่มักเป็นประจำเกิดจากอะไร อาการแบบนี้อันตรายถึงชีวิตเราหรือไม่? และเราเป็นกลุ่มเสี่ยงแนวโน้มมนุษย์ภูมิแพ้ที่เพิ่มขึ้นทุกปีหรือเปล่า? เรียนรู้และเข้าใจเรื่องภูมิแพ้ผ่าน ไธรฟ์ เวลเนส คลินิก","231","","https://www.thrivewellnessth.com/post/โรคภูมิแพ้","https://static.wixstatic.com/media/d03445_fbd53ed080b84beeb9ad4e60b41f7c4b~mv2.jpg/v1/fill/w_1000,h_563,al_c,q_85,usm_0.66_1.00_0.01/d03445_fbd53ed080b84beeb9ad4e60b41f7c4b~mv2.jpg","","1","โรคภูมิแพ้เกิดขึ้นได้อย่างไร อาการแบบไหนเรียกเป็นภูมิแพ้","BlogPosting Person itemPage ImageObject Organization","5423","24","4","121","1","1"
"https://www.thrivewellnessth.com/post/โรคมะเร็ง","200","","https://www.thrivewellnessth.com/post/%E0%B9%82%E0%B8%A3%E0%B8%84%E0%B8%A1%E0%B8%B0%E0%B9%80%E0%B8%A3%E0%B9%87%E0%B8%87","200","","3155","1163","ดูแลสุขภาพต้านโรคมะเร็ง อาหารดี อากาศดี อารมณ์ดี","48","โรคมะเร็งถือเป็นโรคร้ายที่คร่าชีวิตคนมากที่สุดเป็นอันดับ 1 ซึ่ง WHO ได้รายงานว่าอัตราผู้ป่วยโรคมะเร็งเพิ่มสูงขึ้นปีละ 139,206 คน และในปี 2566 คนไทมีผู้ป่วยรายใหม่เพิ่มขึ้นอีก 140,000 คน และในจำนวนนี้มีผู้เสียชีวิตประมาณ 80,000 คนต่อปี","234","","https://www.thrivewellnessth.com/post/โรคมะเร็ง","https://static.wixstatic.com/media/0828cb_eb6cd833a0e14af1a92e85fbd7694c3d~mv2.jpg/v1/fill/w_1000,h_563,al_c,q_85,usm_0.66_1.00_0.01/0828cb_eb6cd833a0e14af1a92e85fbd7694c3d~mv2.jpg","","1","ดูแลสุขภาพต้านโรคมะเร็ง อาหารดี อากาศดี อารมณ์ดี","BlogPosting Person itemPage ImageObject Organization","6792","19","2","117","1","1"
"https://www.thrivewellnessth.com/post/โรคไม่ติดต่อเรื้อรัง-ncds","200","","https://www.thrivewellnessth.com/post/%E0%B9%82%E0%B8%A3%E0%B8%84%E0%B9%84%E0%B8%A1%E0%B9%88%E0%B8%95%E0%B8%B4%E0%B8%94%E0%B8%95%E0%B9%88%E0%B8%AD%E0%B9%80%E0%B8%A3%E0%B8%B7%E0%B9%89%E0%B8%AD%E0%B8%A3%E0%B8%B1%E0%B8%87-ncds","200","","307","1167","โรคไม่ติดต่อเรื้อรัง หรือ NCDs คืออะไร","38","NCDs หรือ Non-Communicable Diseases หรือกลุ่มโรคไม่ติดต่อเรื้อรัง เป็นโรคที่ไม่ได้เกิดจากการติดเชื้อโรค และไม่สามารถแพร่กระจายไปสู่ผู้อื่นได้ ส่วนใหญ่แล้วโรคในกลุ่มนี้เกิดจากพฤติกรรมการใช้ชีวิต นิสัย ความชอบ ทั้งการรับประทานอาหาร การดื่ม การสูบบุหรี่ หรือแม้แต่ความขี้เกียจที่จะออกกำลังกาย จะมีการดำเนินโรคอย่างช้าๆ สะสมทีละนิด ไปเรื่อยๆในแต่ละวัน","347","","https://www.thrivewellnessth.com/post/โรคไม่ติดต่อเรื้อรัง-ncds","https://static.wixstatic.com/media/0828cb_7f6e36b1349745448fbc2423e40658d8~mv2.jpg/v1/fill/w_1000,h_563,al_c,q_85,usm_0.66_1.00_0.01/0828cb_7f6e36b1349745448fbc2423e40658d8~mv2.jpg","","1","โรคไม่ติดต่อเรื้อรัง หรือ NCDs คืออะไร","BlogPosting Person itemPage ImageObject Organization","7514","19","2","116","1","1"
"https://www.thrivewellnessth.com/post/โรคหลอดเลือดอุดตัน","200","","https://www.thrivewellnessth.com/post/%E0%B9%82%E0%B8%A3%E0%B8%84%E0%B8%AB%E0%B8%A5%E0%B8%AD%E0%B8%94%E0%B9%80%E0%B8%A5%E0%B8%B7%E0%B8%AD%E0%B8%94%E0%B8%AD%E0%B8%B8%E0%B8%94%E0%B8%95%E0%B8%B1%E0%B8%99","200","","3188","1162","Chelation ตัวช่วยป้องกันภาวะหลอดเลือดอุดตัน ที่ติดตามคุณมากับความอ้วน เหล้า และบุหรี่","85","โรคหลอดเลือดอุดตัน (PAD) เป็นสัญญาณของภาวะหลอดเลือดแข็งตัว การสะสมของไขมัน หรือการสะสมของแคลเซียมในหลอดเลือด ซึ่งเข้ามากีดขวางการไหลเวียนของเลือดในหลอดเลือดดำที่ส่งไปยังอวัยวะต่างๆ  จนทำให้เกิดเลือดคั่ง จับตัว และเกิดเป็นลิ่มเลือด","230","","https://www.thrivewellnessth.com/post/โรคหลอดเลือดอุดตัน","https://static.wixstatic.com/media/0828cb_ed0e2822ac8740cba7867e05159d862b~mv2.jpg/v1/fill/w_1000,h_563,al_c,q_85,usm_0.66_1.00_0.01/0828cb_ed0e2822ac8740cba7867e05159d862b~mv2.jpg","","1","Chelation ตัวช่วยป้องกันภาวะหลอดเลือดอุดตัน ที่ติดตามคุณมากับความอ้วน เหล้า และบุหรี่","BlogPosting Person itemPage ImageObject Organization","5575","19","2","116","1","1"
"https://www.thrivewellnessth.com/post/ลำไส้ดี-ชีวิตดี-ปี2025","200","","https://www.thrivewellnessth.com/post/%E0%B8%A5%E0%B8%B3%E0%B9%84%E0%B8%AA%E0%B9%89%E0%B8%94%E0%B8%B5-%E0%B8%8A%E0%B8%B5%E0%B8%A7%E0%B8%B4%E0%B8%95%E0%B8%94%E0%B8%B5-%E0%B8%9B%E0%B8%B52025","200","","3085","1169","ลำไส้ดี ชีวิตดี ปี2025","22","ค้นพบความสำคัญของลำไส้ในชีวิตประจำวัน! สุขภาพลำไส้ช่วยเพิ่มพลังงานและลดความเครียด เริ่มต้นสุขภาพดีปี 2025 วันนี้!","113","","https://www.thrivewellnessth.com/post/ลำไส้ดี-ชีวิตดี-ปี2025","https://static.wixstatic.com/media/989780_a6984bf5b65a4909badbcf490fe0efd0~mv2.webp/v1/fill/w_1000,h_908,al_c,q_85,usm_0.66_1.00_0.01/989780_a6984bf5b65a4909badbcf490fe0efd0~mv2.webp","","1","ลำไส้ดี ชีวิตดี ปี2025","BlogPosting Person itemPage ImageObject Organization","5068","21","2","118","1","1"
"https://www.thrivewellnessth.com/post/ลำไส้แปรปรวน","200","","https://www.thrivewellnessth.com/post/%E0%B8%A5%E0%B8%B3%E0%B9%84%E0%B8%AA%E0%B9%89%E0%B9%81%E0%B8%9B%E0%B8%A3%E0%B8%9B%E0%B8%A3%E0%B8%A7%E0%B8%99","200","","3671","1192","ท้องเสีย ท้องผูก ถ่ายผิดปกติ เป็นแล้วไม่หายขาดเพราะโรค ลำไส้แปรปรวน (IBS)","73","","0","","https://www.thrivewellnessth.com/post/ลำไส้แปรปรวน","https://static.wixstatic.com/media/8a2520_02816d5f1e984269bb863b72c869cd50~mv2.jpg/v1/fill/w_1000,h_563,al_c,q_85,usm_0.66_1.00_0.01/8a2520_02816d5f1e984269bb863b72c869cd50~mv2.jpg","","1","ท้องเสีย ท้องผูก ถ่ายผิดปกติ เป็นแล้วไม่หายขาดเพราะโรค ลำไส้แปรปรวน (IBS)","BlogPosting Person itemPage ImageObject Organization","8839","22","6","114","1","1"
"https://www.thrivewellnessth.com/post/ลำไส้อักเสบ","200","","https://www.thrivewellnessth.com/post/%E0%B8%A5%E0%B8%B3%E0%B9%84%E0%B8%AA%E0%B9%89%E0%B8%AD%E0%B8%B1%E0%B8%81%E0%B9%80%E0%B8%AA%E0%B8%9A","200","","211","1210","ปวดท้องบ่อย ท้องเสียประจำ? อย่าปล่อยไว้ คุณอาจเสี่ยงลำไส้อักเสบ","63","ปวดท้องโดนบีบ? เข้าห้องน้ำบ่อย? คลื่นไส้อาเจียน ดื่มน้ำได้น้อย? อาการเหล่านี้อาจเป็นสะญญาณเตือนภัยว่าลำไส้คุณกำลังประท้วง!","122","","https://www.thrivewellnessth.com/post/ลำไส้อักเสบ","https://static.wixstatic.com/media/d03445_c842368d477f41039595dad07641ecdc~mv2.jpg/v1/fill/w_1000,h_563,al_c,q_85,usm_0.66_1.00_0.01/d03445_c842368d477f41039595dad07641ecdc~mv2.jpg","","1","ปวดท้องบ่อย ท้องเสียประจำ อาการที่ไม่ควรปล่อยไว้ เพราะอาจเป็นลำไส้อักเสบ","BlogPosting Person itemPage ImageObject Organization","9703","22","4","114","1","1"
"https://www.thrivewellnessth.com/post/โลหะหนัก","200","","https://www.thrivewellnessth.com/post/%E0%B9%82%E0%B8%A5%E0%B8%AB%E0%B8%B0%E0%B8%AB%E0%B8%99%E0%B8%B1%E0%B8%81","200","","3426","1196","โลหะหนัก ทำไมเราต้องระวังมากขนาดนี้กันนะ","40","โลหะหนักเป็นสารที่เราถูกรับมาได้โดยง่าย แต่สลายตัวและถูกขับออกไปได้ยากมากค่ะ โลหะหนักสลายตัวที่ช้า กว่าจะรู้ตัวก็คือสภาพร่างกายคุณอาจแสดงให้เห็นถึงปัญหาแล้ว","156","","https://www.thrivewellnessth.com/post/โลหะหนัก","https://static.wixstatic.com/media/d03445_4ebb09a3c4654bb6825b66d8d14adb68~mv2.jpg/v1/fill/w_1000,h_563,al_c,q_85,usm_0.66_1.00_0.01/d03445_4ebb09a3c4654bb6825b66d8d14adb68~mv2.jpg","","1","Q&A ทุกเรื่องของโลหะหนักทำไมเราต้องระวังมากขนาดนี้กันนะ?","BlogPosting Person itemPage ImageObject Organization","7160","18","3","112","1","1"
"https://www.thrivewellnessth.com/post/ไลฟ์สไตล์ประจำวันที่ทำร้ายผิว","200","","https://www.thrivewellnessth.com/post/%E0%B9%84%E0%B8%A5%E0%B8%9F%E0%B9%8C%E0%B8%AA%E0%B9%84%E0%B8%95%E0%B8%A5%E0%B9%8C%E0%B8%9B%E0%B8%A3%E0%B8%B0%E0%B8%88%E0%B8%B3%E0%B8%A7%E0%B8%B1%E0%B8%99%E0%B8%97%E0%B8%B5%E0%B9%88%E0%B8%97%E0%B8%B3%E0%B8%A3%E0%B9%89%E0%B8%B2%E0%B8%A2%E0%B8%9C%E0%B8%B4%E0%B8%A7","200","","3515","1159","4 ไลฟ์สไตล์ประจำวันที่ทำร้ายผิวโดยไม่รู้ตัว","43","","0","","https://www.thrivewellnessth.com/post/ไลฟ์สไตล์ประจำวันที่ทำร้ายผิว","https://static.wixstatic.com/media/d03445_3b0a922578594d1f944a5fd0ae74b560~mv2.jpg/v1/fill/w_1000,h_563,al_c,q_85,usm_0.66_1.00_0.01/d03445_3b0a922578594d1f944a5fd0ae74b560~mv2.jpg","","1","ไลฟ์สไตล์ประจำวันที่ทำร้ายผิว","BlogPosting Person itemPage ImageObject Organization","4615","19","3","114","1","1"
"https://www.thrivewellnessth.com/post/วันต่อต้านมะเร็งแห่งชาติ","200","","https://www.thrivewellnessth.com/post/%E0%B8%A7%E0%B8%B1%E0%B8%99%E0%B8%95%E0%B9%88%E0%B8%AD%E0%B8%95%E0%B9%89%E0%B8%B2%E0%B8%99%E0%B8%A1%E0%B8%B0%E0%B9%80%E0%B8%A3%E0%B9%87%E0%B8%87%E0%B9%81%E0%B8%AB%E0%B9%88%E0%B8%87%E0%B8%8A%E0%B8%B2%E0%B8%95%E0%B8%B4","200","","3316","1170","วันต่อต้านมะเร็งแห่งชาติ เพราะมะเร็งคือโรคร้ายที่อยู่ใกล้ตัวเรา","63","กรมการแพทย์ โดยสถาบันมะเร็งแห่งชาติ ชวนคนไทยร่วมต้านภัยโรคมะเร็งเนื่องในวันต่อต้านโรคมะเร็งแห่งชาติ 10 ธันวาคม เพื่อแก้ไขปัญหาสาธารณสุขที่สำคัญของประเทศ เนื่องจากโรคมะเร็งเป็นสาเหตุการตาย อันดับ 1 ของคนไทยมาตั้งแต่ปี พ.ศ.2542 จนถึงปัจจุบัน","239","","https://www.thrivewellnessth.com/post/วันต่อต้านมะเร็งแห่งชาติ","https://static.wixstatic.com/media/0828cb_b0905a3920714af0b4265acf97a72e04~mv2.jpg/v1/fill/w_1000,h_563,al_c,q_85,usm_0.66_1.00_0.01/0828cb_b0905a3920714af0b4265acf97a72e04~mv2.jpg","","1","วันต่อต้านมะเร็งแห่งชาติ เพราะมะเร็งคือโรคร้ายที่อยู่ใกล้ตัวเรา","BlogPosting Person itemPage ImageObject Organization","7201","20","2","117","1","1"
"https://www.thrivewellnessth.com/post/วัยทองในผู้ชาย","200","","https://www.thrivewellnessth.com/post/%E0%B8%A7%E0%B8%B1%E0%B8%A2%E0%B8%97%E0%B8%AD%E0%B8%87%E0%B9%83%E0%B8%99%E0%B8%9C%E0%B8%B9%E0%B9%89%E0%B8%8A%E0%B8%B2%E0%B8%A2","200","","435","1167","คุณผู้ชายเช็กด่วน!ลงพุง ขี้เหวี่ยงวีน กำลังเข้าสู่วัยทองหรือเปล่า?","66","ภาวะวัยทองไม่ได้เกิดแค่ในผู้หญิงเท่านั้น เพราะคุณผู้ชายก็เจอภาวะ ‘ชายวัยทอง’ ได้ โดยเฉพาะหนุ่มๆ ที่เริ่มอ้วนลงพุง ขี้โมโห หงุดหงิดง่าย กําลังเข้าสู่วัยทองหรือเปล่า?","164","","https://www.thrivewellnessth.com/post/วัยทองในผู้ชาย","https://static.wixstatic.com/media/d03445_ff0f574f274341a689bf69a6e71db70b~mv2.jpg/v1/fill/w_1000,h_563,al_c,q_85,usm_0.66_1.00_0.01/d03445_ff0f574f274341a689bf69a6e71db70b~mv2.jpg","","1","คุณผู้ชายเช็กด่วน!ลงพุง ขี้เหวี่ยงวีน กำลังเข้าสู่วัยทองหรือเปล่า?","BlogPosting Person itemPage ImageObject Organization","5131","19","2","118","1","1"
"https://www.thrivewellnessth.com/post/วิตามินช่วยลดน้ำหนัก","200","","https://www.thrivewellnessth.com/post/%E0%B8%A7%E0%B8%B4%E0%B8%95%E0%B8%B2%E0%B8%A1%E0%B8%B4%E0%B8%99%E0%B8%8A%E0%B9%88%E0%B8%A7%E0%B8%A2%E0%B8%A5%E0%B8%94%E0%B8%99%E0%B9%89%E0%B8%B3%E0%B8%AB%E0%B8%99%E0%B8%B1%E0%B8%81","200","","311","1172","""ลดน้ำหนักไม่ดี ทานวิตามินอะไรดี"" วิตามินที่ช่วยเสริมเรื่องการลดน้ำหนัก","71","","0","","https://www.thrivewellnessth.com/post/วิตามินช่วยลดน้ำหนัก","https://static.wixstatic.com/media/d03445_660ffb3b2a024d41962c22233e042fad~mv2.jpg/v1/fill/w_1000,h_563,al_c,q_85,usm_0.66_1.00_0.01/d03445_660ffb3b2a024d41962c22233e042fad~mv2.jpg","","1","""ลดน้ำหนักไม่ดี ทานวิตามินอะไรดี"" วิตามินที่ช่วยเสริมเรื่องการลดน้ำหนัก","BlogPosting Person itemPage ImageObject Organization","4521","22","2","118","1","1"
"https://www.thrivewellnessth.com/post/วิตามินดีทำหน้าที่เป็นฮอร์โมน-video","200","","https://www.thrivewellnessth.com/post/%E0%B8%A7%E0%B8%B4%E0%B8%95%E0%B8%B2%E0%B8%A1%E0%B8%B4%E0%B8%99%E0%B8%94%E0%B8%B5%E0%B8%97%E0%B8%B3%E0%B8%AB%E0%B8%99%E0%B9%89%E0%B8%B2%E0%B8%97%E0%B8%B5%E0%B9%88%E0%B9%80%E0%B8%9B%E0%B9%87%E0%B8%99%E0%B8%AE%E0%B8%AD%E0%B8%A3%E0%B9%8C%E0%B9%82%E0%B8%A1%E0%B8%99-video","200","","3133","1180","รู้หรือไม่! วิตามินดีนั้นดีต่อร่างกายมากจริง","44","","0","","https://www.thrivewellnessth.com/post/วิตามินดีทำหน้าที่เป็นฮอร์โมน-video","https://static.wixstatic.com/media/07052e_9d76755ee5774357bb9a80dc88cafd89~mv2.jpg/v1/fill/w_840,h_504,al_c,lg_1,q_85/07052e_9d76755ee5774357bb9a80dc88cafd89~mv2.jpg","","1","รู้หรือไม่! วิตามินดีนั้นดีต่อร่างกายมากจริง","BlogPosting Person itemPage ImageObject Organization","5131","24","5","115","1","1"
"https://www.thrivewellnessth.com/post/วิตามินบีรวม","200","","https://www.thrivewellnessth.com/post/%E0%B8%A7%E0%B8%B4%E0%B8%95%E0%B8%B2%E0%B8%A1%E0%B8%B4%E0%B8%99%E0%B8%9A%E0%B8%B5%E0%B8%A3%E0%B8%A7%E0%B8%A1","200","","3639","1195","อยากอารมณ์ดี มีภูมิคุ้มกัน หายขี้ลืม ต้องมี! Vitamin B","54","Vitamin B สําคัญอย่างไร? เด่นเรื่องช่วยระบบประสาทและสมอง ช่วยเสริมประสิทธิภาพทํางานของระบบภูมิคุ้มกัน ช่วยเผาผลาญสารอาหารไปเป็นพลังงานได้เต็มที่ ลดอาการมึนงง สมองตื้อ อ่อนเพลีย","176","","https://www.thrivewellnessth.com/post/วิตามินบีรวม","https://static.wixstatic.com/media/d03445_efa22eb63940437594c7653f255ebf50~mv2.jpg/v1/fill/w_1000,h_563,al_c,q_85,usm_0.66_1.00_0.01/d03445_efa22eb63940437594c7653f255ebf50~mv2.jpg","","1","อยากอารมณ์ดี มีภูมิคุ้มกัน หายขี้ลืม ต้องมี! Vitamin B","BlogPosting Person itemPage ImageObject Organization","4446","24","7","113","2","1"
"https://www.thrivewellnessth.com/post/วิตามินผิวขาว","200","","https://www.thrivewellnessth.com/post/%E0%B8%A7%E0%B8%B4%E0%B8%95%E0%B8%B2%E0%B8%A1%E0%B8%B4%E0%B8%99%E0%B8%9C%E0%B8%B4%E0%B8%A7%E0%B8%82%E0%B8%B2%E0%B8%A7","200","","3434","1176","วิตามินผิวขาว ที่ไม่อันตรายเป็นอย่างไร","38","วิตามินผิวขาว ช่วยผิวฉ่ำ กระจ่างใส ที่ไม่อันตรายแถมช่วยเสริมภูมิคุ้มกัน ขับสารพิษในตับและปอด","92","","https://www.thrivewellnessth.com/post/วิตามินผิวขาว","https://static.wixstatic.com/media/d03445_7692ae88a773435e84064307a2e5c04f~mv2.jpg/v1/fill/w_1000,h_563,al_c,q_85,usm_0.66_1.00_0.01/d03445_7692ae88a773435e84064307a2e5c04f~mv2.jpg","","1","วิตามินผิวขาว ช่วยผิวฉ่ำ กระจ่างใส ที่ไม่อันตรายแถมช่วยเสริมภูมิคุ้มกัน ขับสารพิษในตับและปอด","BlogPosting Person itemPage ImageObject Organization","6249","21","4","118","1","1"
"https://www.thrivewellnessth.com/post/วิตามินไม่ใช่ยา","200","","https://www.thrivewellnessth.com/post/%E0%B8%A7%E0%B8%B4%E0%B8%95%E0%B8%B2%E0%B8%A1%E0%B8%B4%E0%B8%99%E0%B9%84%E0%B8%A1%E0%B9%88%E0%B9%83%E0%B8%8A%E0%B9%88%E0%B8%A2%E0%B8%B2","200","","3237","1157","""วิตามิน"" ไม่ใช่ ""ยา"" สิ่งที่แตกต่างกับยา แบ่งออกกี่กลุ่ม","57","","0","","https://www.thrivewellnessth.com/post/วิตามินไม่ใช่ยา","https://i.ytimg.com/vi/qjHZi9xTing/sddefault.jpg","","1","""วิตามิน"" ไม่ใช่ ""ยา""","BlogPosting Person itemPage ImageObject Organization","5238","18","2","114","1","1"
"https://www.thrivewellnessth.com/post/วิตามินรวมดีต่อผิว","200","","https://www.thrivewellnessth.com/post/%E0%B8%A7%E0%B8%B4%E0%B8%95%E0%B8%B2%E0%B8%A1%E0%B8%B4%E0%B8%99%E0%B8%A3%E0%B8%A7%E0%B8%A1%E0%B8%94%E0%B8%B5%E0%B8%95%E0%B9%88%E0%B8%AD%E0%B8%9C%E0%B8%B4%E0%B8%A7","200","","161","1211","ลบปัญหาผิวอย่างเป็นธรรมชาติ ไม่ง้อรองพื้น ด้วยวิตามินรวมจากเมนูอาหาร","68","ความเครียด วิตกกังวล มลภาวะ ส่งผลต่อระบบภูมิคุ้มกันบกพร่อง อนมุลอิสระในร่างกายสูง เพิ่มวิตามินรวมดีๆ จากเมนูอาหารที่อุดมไปด้วยวิตามินรวมเหล่านี้","144","","https://www.thrivewellnessth.com/post/วิตามินรวมดีต่อผิว","https://static.wixstatic.com/media/d03445_b1900f419d8645528ba9b4500391436c~mv2.jpg/v1/fill/w_1000,h_563,al_c,q_85,usm_0.66_1.00_0.01/d03445_b1900f419d8645528ba9b4500391436c~mv2.jpg","","1","ลบปัญหาผิวอย่างเป็นธรรมชาติ ไม่ง้อรองพื้น ด้วยวิตามินรวมจากเมนูอาหาร","BlogPosting Person itemPage ImageObject Organization","7073","24","4","120","1","1"
"https://www.thrivewellnessth.com/post/สเตียรอยด์","200","","https://www.thrivewellnessth.com/post/%E0%B8%AA%E0%B9%80%E0%B8%95%E0%B8%B5%E0%B8%A2%E0%B8%A3%E0%B8%AD%E0%B8%A2%E0%B8%94%E0%B9%8C","200","","3140","1190","สเตียรอยด์ ความจริงของยาฤทธิ์ครอบจักรวาล ที่เราสร้างได้เอง","58","คุณอาจเคยได้ยินหรือคุ้นเคยกับ คำว่า “สารสเตียรอยด์” กันเป็นอย่างดี เนื่องจากปัญหาผู้ใช้ครีมติดสารสเตียรอยด์จนผิวพัง ผิวแตกลาย หรือใช้เป็นยาหายจากอาการปวดหลัง ปวดข้อในพริบตา จนหลายคนเกิดความกังวล เบือนหน้าหนีทันทีเมื่อได้ยินชื่อ ‘สเตียรอยด์’ รู้หรือไม่…จริงๆ แล้วสเตียรอยด์คือสารที่ร่างกายของเราสร้างขึ้นมาเอง","308","","https://www.thrivewellnessth.com/post/สเตียรอยด์","https://static.wixstatic.com/media/8a2520_5fee9389939f4a8eaae47e2f177888f8~mv2.jpg/v1/fill/w_1000,h_563,al_c,q_85,usm_0.66_1.00_0.01/8a2520_5fee9389939f4a8eaae47e2f177888f8~mv2.jpg","","1","สเตียรอยด์ ความจริงของยาฤทธิ์ครอบจักรวาล ที่จริงๆ แล้วร่างกายเราสร้างเองได้","BlogPosting Person itemPage ImageObject Organization","6549","22","4","122","1","1"
"https://www.thrivewellnessth.com/post/สร้างภูมิคุ้มกัน","200","","https://www.thrivewellnessth.com/post/%E0%B8%AA%E0%B8%A3%E0%B9%89%E0%B8%B2%E0%B8%87%E0%B8%A0%E0%B8%B9%E0%B8%A1%E0%B8%B4%E0%B8%84%E0%B8%B8%E0%B9%89%E0%B8%A1%E0%B8%81%E0%B8%B1%E0%B8%99","200","","554","1185","ทำแค่นี้เอง! แต่สร้างภูมิคุ้มกันให้ร่างกายไม่ป่วยบ่อยได้","56","เพราะภูมิคุ้มกันช่วยให้ร่างกายคุณไม่ป่วยง่าย กำจัดเชื้อไวรัสและแบคทีเรียที่เป็นตัวก่อให้เกิดโรคร้าย การสร้างภูมิคุ้มกันจึงจำเป็นอย่างมากในสภาวะที่อากาศเปลี่ยนแปลงบ่อย ฝุ่นควัน การติดเชื้อโควิด-19","195","","https://www.thrivewellnessth.com/post/สร้างภูมิคุ้มกัน","https://static.wixstatic.com/media/d03445_4be0d9b7ccda4b24adaa279b64613705~mv2.jpg/v1/fill/w_1000,h_563,al_c,q_85,usm_0.66_1.00_0.01/d03445_4be0d9b7ccda4b24adaa279b64613705~mv2.jpg","","1","ทำแค่นี้เอง! แต่สร้างภูมิคุ้มกันให้ร่างกายไม่ป่วยบ่อยได้","BlogPosting Person itemPage ImageObject Organization","6991","22","2","119","1","1"
"https://www.thrivewellnessth.com/post/สัญญาณการขาดโปรตีน","200","","https://www.thrivewellnessth.com/post/%E0%B8%AA%E0%B8%B1%E0%B8%8D%E0%B8%8D%E0%B8%B2%E0%B8%93%E0%B8%81%E0%B8%B2%E0%B8%A3%E0%B8%82%E0%B8%B2%E0%B8%94%E0%B9%82%E0%B8%9B%E0%B8%A3%E0%B8%95%E0%B8%B5%E0%B8%99","200","","3228","1217","นอนเร็วก็ง่วง ทำอะไรก็เหนื่อย หรือว่าขาดโปรตีน?","47","หากคุณหลงรักในการออกกำลังกาย ไม่ว่าจะเวท ว่าย ปั่น วิ่งหรือแม้แต่พิลาทีส โยคะ ... อย่าลืมเติมกรดอะมิโนสำคัญ เพราะร่างกายคุณต้องการทั้งเกลือแร่และกรดอะมิโนเพื่อชดเชยและสร้างกล้ามเนื้อขึ้นมาใหม่","192","","https://www.thrivewellnessth.com/post/สัญญาณการขาดโปรตีน","https://static.wixstatic.com/media/d03445_fd81485a2fd74f648b527dc658da1efc~mv2.jpg/v1/fill/w_1000,h_563,al_c,q_85,usm_0.66_1.00_0.01/d03445_fd81485a2fd74f648b527dc658da1efc~mv2.jpg","","1","นอนเร็วแค่ไหนก็ยังง่วง ทำอะไรนิดหน่อยก็เหนื่อยล้าหรือว่าร่างกายคุณกำลังส่งสัญญาณการขาดโปรตีน","BlogPosting Person itemPage ImageObject Organization","6874","21","4","114","1","1"
"https://www.thrivewellnessth.com/post/สัมมนาbachflower","200","","https://www.thrivewellnessth.com/post/%E0%B8%AA%E0%B8%B1%E0%B8%A1%E0%B8%A1%E0%B8%99%E0%B8%B2bachflower","200","","3330","1186","สรุป สัมมนา Bach Flower Remedies ที่ Thrive Wellness Clinic","59","วันที่ 10 พฤศจิกายน ที่ผ่านมาได้มีการจัดสัมมนาในหัวข้อเรื่อง Bach Flower Remedies ที่ Thrive Wellness Clinic จัดบรรยายโดย พญ. อุรวดี จันทร์แจ่มแสง (หมอเอม)​ และนักบำบัด คุณจันทร์ ชิดจันทร์ นวลแพง
Bach Flower Registered Practitioner","231","","https://www.thrivewellnessth.com/post/สัมมนาbachflower","https://static.wixstatic.com/media/0828cb_101a3eb5b8c5441e9e6c225bf6e2cdcb~mv2.jpg/v1/fill/w_1000,h_563,al_c,q_85,usm_0.66_1.00_0.01/0828cb_101a3eb5b8c5441e9e6c225bf6e2cdcb~mv2.jpg","","1","สรุป สัมมนา Bach Flower Remedies ที่ Thrive Wellness Clinic","BlogPosting Person itemPage ImageObject Organization","5825","28","11","114","2","1"
"https://www.thrivewellnessth.com/post/สารเคมีรอบๆตัวที่คุกคามสุขภาพของคุณ","200","","https://www.thrivewellnessth.com/post/%E0%B8%AA%E0%B8%B2%E0%B8%A3%E0%B9%80%E0%B8%84%E0%B8%A1%E0%B8%B5%E0%B8%A3%E0%B8%AD%E0%B8%9A%E0%B9%86%E0%B8%95%E0%B8%B1%E0%B8%A7%E0%B8%97%E0%B8%B5%E0%B9%88%E0%B8%84%E0%B8%B8%E0%B8%81%E0%B8%84%E0%B8%B2%E0%B8%A1%E0%B8%AA%E0%B8%B8%E0%B8%82%E0%B8%A0%E0%B8%B2%E0%B8%9E%E0%B8%82%E0%B8%AD%E0%B8%87%E0%B8%84%E0%B8%B8%E0%B8%93","200","","3421","1166","สารเคมีรอบๆ ตัวที่คุกคามสุขภาพของคุณ","36","","0","","https://www.thrivewellnessth.com/post/สารเคมีรอบๆตัวที่คุกคามสุขภาพของคุณ","https://static.wixstatic.com/media/8a2520_30b2da539f9e4fe483d90c8125bfd9db~mv2.jpg/v1/fill/w_960,h_960,al_c,q_85/8a2520_30b2da539f9e4fe483d90c8125bfd9db~mv2.jpg","","1","สารเคมีรอบๆ ตัวที่คุกคามสุขภาพของคุณ","BlogPosting Person itemPage ImageObject Organization","5197","19","3","114","1","1"
"https://www.thrivewellnessth.com/post/สารพิษจากภาชนะ","200","","https://www.thrivewellnessth.com/post/%E0%B8%AA%E0%B8%B2%E0%B8%A3%E0%B8%9E%E0%B8%B4%E0%B8%A9%E0%B8%88%E0%B8%B2%E0%B8%81%E0%B8%A0%E0%B8%B2%E0%B8%8A%E0%B8%99%E0%B8%B0","200","","3201","1159","สารพิษตัวร้ายจากภาชนะใกล้ตัว!!","30","สารพิษจากภาชนะใกล้ตัว สารโลหะหนัก เจือปน ในปัจจุบันคนเรานิยมที่จะสั่งอาหารแบบ Delivery กันมาก และยังอาหารกล่องที่ซื้อทานหิ้วกลับบ้านกันอีก คุณอาจไม่ทันระวังว่าในภาชนะที่ใช้ใส่อาหารนั่นล้วนมีสารพิษอันรายแฝงอยู่ทั้งนั้น","217","","https://www.thrivewellnessth.com/post/สารพิษจากภาชนะ","https://static.wixstatic.com/media/0828cb_4fb978a4b5764e7195005e364c0b8d14~mv2.jpg/v1/fill/w_1000,h_563,al_c,q_85,usm_0.66_1.00_0.01/0828cb_4fb978a4b5764e7195005e364c0b8d14~mv2.jpg","","1","สารพิษตัวร้ายจากภาชนะใกล้ตัว!!","BlogPosting Person itemPage ImageObject Organization","5858","20","3","115","1","1"
"https://www.thrivewellnessth.com/post/สารพิษโลหะหนัก","200","","https://www.thrivewellnessth.com/post/%E0%B8%AA%E0%B8%B2%E0%B8%A3%E0%B8%9E%E0%B8%B4%E0%B8%A9%E0%B9%82%E0%B8%A5%E0%B8%AB%E0%B8%B0%E0%B8%AB%E0%B8%99%E0%B8%B1%E0%B8%81","200","","281","1164","9 อาการที่บ่งบอกว่าร่างกายมีสารพิษโลหะหนักสะสม","46","สารพิษโลหะหนักนั้นแอบแฝงอยู่ทั่วไปรอบๆตัว มากกว่าที่เราจะคาดคิด เช่น ในอากาศ (ฝุ่น PM 2.5, ควันรถ) เครื่องสำอาง น้ำยาเปลี่ยนสีผม  ยาหรือเจลทาเล็บ ภาชนะที่ใส่อาหาร เครื่องครัวต่างๆ  หรือแม้แต่วัคซีนที่ฉีดเข้าร่างกายคุณ เป็นต้น","225","","https://www.thrivewellnessth.com/post/สารพิษโลหะหนัก","https://static.wixstatic.com/media/0828cb_7bdb33877e624573a6c766a6348e45fa~mv2.jpg/v1/fill/w_1000,h_563,al_c,q_85,usm_0.66_1.00_0.01/0828cb_7bdb33877e624573a6c766a6348e45fa~mv2.jpg","","1","9 อาการที่บ่งบอกว่าร่างกายมีสารพิษโลหะหนักสะสม","BlogPosting Person itemPage ImageObject Organization","5708","20","2","118","1","1"
"https://www.thrivewellnessth.com/post/สารให้ความหวานแทนน้ำตาลอันตรายกว่าน้ำตาล","200","","https://www.thrivewellnessth.com/post/%E0%B8%AA%E0%B8%B2%E0%B8%A3%E0%B9%83%E0%B8%AB%E0%B9%89%E0%B8%84%E0%B8%A7%E0%B8%B2%E0%B8%A1%E0%B8%AB%E0%B8%A7%E0%B8%B2%E0%B8%99%E0%B9%81%E0%B8%97%E0%B8%99%E0%B8%99%E0%B9%89%E0%B8%B3%E0%B8%95%E0%B8%B2%E0%B8%A5%E0%B8%AD%E0%B8%B1%E0%B8%99%E0%B8%95%E0%B8%A3%E0%B8%B2%E0%B8%A2%E0%B8%81%E0%B8%A7%E0%B9%88%E0%B8%B2%E0%B8%99%E0%B9%89%E0%B8%B3%E0%B8%95%E0%B8%B2%E0%B8%A5","200","","3444","1171","สารให้ความหวานแทนน้ำตาลอันตรายกว่าน้ำตาล","40","","0","","https://www.thrivewellnessth.com/post/สารให้ความหวานแทนน้ำตาลอันตรายกว่าน้ำตาล","https://static.wixstatic.com/media/nsplsh_da24420060254218b587e9303de96c96~mv2.jpg/v1/fill/w_1000,h_667,al_c,q_85,usm_0.66_1.00_0.01/nsplsh_da24420060254218b587e9303de96c96~mv2.jpg","","1","สารให้ความหวานแทนน้ำตาลอันตรายกว่าน้ำตาล","BlogPosting Person itemPage ImageObject Organization","5975","18","3","111","1","1"
"https://www.thrivewellnessth.com/post/สาเหตุของอาการซึมเศร้า","200","","https://www.thrivewellnessth.com/post/%E0%B8%AA%E0%B8%B2%E0%B9%80%E0%B8%AB%E0%B8%95%E0%B8%B8%E0%B8%82%E0%B8%AD%E0%B8%87%E0%B8%AD%E0%B8%B2%E0%B8%81%E0%B8%B2%E0%B8%A3%E0%B8%8B%E0%B8%B6%E0%B8%A1%E0%B9%80%E0%B8%A8%E0%B8%A3%E0%B9%89%E0%B8%B2","200","","234","1173","สาเหตุของภาวะซึมเศร้า","21","ในปัจจุบันคนไทยจำนวนไม่น้อยที่ถูกพบว่าเป็นโรคซึมเศร้า จริงๆแล้วแทบทุกประเทศในโลกที่ต้องเผชิญปัญหาสุขภาพจิต  หากเรามองในมุมมองการแพทย์แผนปัจจุบัน จะพบว่า สาเหตุของภาวะซึมเศร้า อาจเกิดจาก","185","","https://www.thrivewellnessth.com/post/สาเหตุของอาการซึมเศร้า","https://static.wixstatic.com/media/0828cb_1804180ff66341e49ac6a1ecb7402714~mv2.jpg/v1/fill/w_1000,h_563,al_c,q_85,usm_0.66_1.00_0.01/0828cb_1804180ff66341e49ac6a1ecb7402714~mv2.jpg","","1","สาเหตุของภาวะซึมเศร้า","BlogPosting Person itemPage ImageObject Organization","7772","20","2","117","3","1"
"https://www.thrivewellnessth.com/post/สิวฮอร์โมน","200","","https://www.thrivewellnessth.com/post/%E0%B8%AA%E0%B8%B4%E0%B8%A7%E0%B8%AE%E0%B8%AD%E0%B8%A3%E0%B9%8C%E0%B9%82%E0%B8%A1%E0%B8%99","200","","232","1162","คุณผู้หญิงรู้ไหมเป็นสิวไม่หาย เพราะ ""ซีสต์"" ในรังไข่หรือเปล่า?","62","เป็นสิวไม่หายสักที เพราะปัญหาสุขภาพเรื้อรังที่ไม่ถูกแก้ไข! สังเกตตัวเอง หน้ามัน สิวขึ้นเยอะ ขนดก ประจำเดือนมาไม่ปกติ อ้วนเกินไปหรือเปล่า?","137","","https://www.thrivewellnessth.com/post/สิวฮอร์โมน","https://static.wixstatic.com/media/d03445_df468e5476db49cba9a8481188664c81~mv2.jpg/v1/fill/w_1000,h_563,al_c,q_85,usm_0.66_1.00_0.01/d03445_df468e5476db49cba9a8481188664c81~mv2.jpg","","1","คุณผู้หญิงรู้ไหมเป็นสิวไม่หาย เพราะ ""ซีสต์"" ในรังไข่หรือเปล่า?","BlogPosting Person itemPage ImageObject Organization","4479","21","2","117","1","1"
"https://www.thrivewellnessth.com/post/เสริมวิตามินและแร่ธาตุ","200","","https://www.thrivewellnessth.com/post/%E0%B9%80%E0%B8%AA%E0%B8%A3%E0%B8%B4%E0%B8%A1%E0%B8%A7%E0%B8%B4%E0%B8%95%E0%B8%B2%E0%B8%A1%E0%B8%B4%E0%B8%99%E0%B9%81%E0%B8%A5%E0%B8%B0%E0%B9%81%E0%B8%A3%E0%B9%88%E0%B8%98%E0%B8%B2%E0%B8%95%E0%B8%B8","200","","3423","1189","ไม่กินผักก็เสริมวิตามินและแร่ธาตุ Boost ระบบภูมิคุ้มกันได้","58","วิธี  Boost ภูมิต้านทานให้ด่านแรก! ต่อสู้กับเชื้อโรคได้ดีแม้คุณ ไม่กินผัก","73","","https://www.thrivewellnessth.com/post/เสริมวิตามินและแร่ธาตุ","https://static.wixstatic.com/media/d03445_a584dde8eb044345b024370a105c873f~mv2.jpg/v1/fill/w_1000,h_563,al_c,q_85,usm_0.66_1.00_0.01/d03445_a584dde8eb044345b024370a105c873f~mv2.jpg","","1","ไม่กินผักก็เสริมวิตามินและแร่ธาตุ Boost ระบบภูมิคุ้มกันได้","BlogPosting Person itemPage ImageObject Organization","5581","22","4","122","1","1"
"https://www.thrivewellnessth.com/post/หุ่นบอกโรค","200","","https://www.thrivewellnessth.com/post/%E0%B8%AB%E0%B8%B8%E0%B9%88%E0%B8%99%E0%B8%9A%E0%B8%AD%E0%B8%81%E0%B9%82%E0%B8%A3%E0%B8%84","200","","3153","1175","หุ่นแบบไหนเสี่ยงโรคร้ายมากกว่ากัน? พร้อมเคล็ดลับแต่งตัวตามรูปร่าง","65","น่ารักแบบสาวพลัสไซส์ Chubby Girl หาก Enjoy Eating มากไปอาจเสี่ยงโรค","67","","https://www.thrivewellnessth.com/post/หุ่นบอกโรค","https://static.wixstatic.com/media/d03445_37144a4fa364426095f136311f3aed5d~mv2.jpg/v1/fill/w_1000,h_563,al_c,q_85,usm_0.66_1.00_0.01/d03445_37144a4fa364426095f136311f3aed5d~mv2.jpg","","1","หุ่นแบบไหนเสี่ยงโรคร้ายมากกว่ากัน? พร้อมเคล็ดลับแต่งตัวตามรูปร่าง","BlogPosting Person itemPage ImageObject Organization","5080","21","2","121","1","1"
"https://www.thrivewellnessth.com/post/อยากผิวขาวธรรมชาติ","200","","https://www.thrivewellnessth.com/post/%E0%B8%AD%E0%B8%A2%E0%B8%B2%E0%B8%81%E0%B8%9C%E0%B8%B4%E0%B8%A7%E0%B8%82%E0%B8%B2%E0%B8%A7%E0%B8%98%E0%B8%A3%E0%B8%A3%E0%B8%A1%E0%B8%8A%E0%B8%B2%E0%B8%95%E0%B8%B4","200","","3554","1186","How to อยากขาวธรรมชาติ ไม่ยุ่งยาก ไม่หลายขั้นตอน","48","อยากขาวแต่ยังดูธรรมชาติไม่มีโป๊ะ พร้อมปลอดภัย แถมประหยัดเวลา ไม่ต้องมานั่งขัดผิว ง้อสปา เสี่ยงสารปรอทหรือสเตียรอยด์ให้กังวลใจค่ะ เสกเวลาผ่อนคลายให้มีผิวขาวตามสไตล์ด้วยดริปวิตามินผิวโดยเฉพาะสูตรจากไธรฟ์ เวลเนส คลินิก","215","","https://www.thrivewellnessth.com/post/อยากผิวขาวธรรมชาติ","https://static.wixstatic.com/media/d03445_e6b099a1be6840e998bc0a540babcd2e~mv2.jpg/v1/fill/w_1000,h_563,al_c,q_85,usm_0.66_1.00_0.01/d03445_e6b099a1be6840e998bc0a540babcd2e~mv2.jpg","","1","How to อยากขาวธรรมชาติ ไม่ยุ่งยาก ไม่หลายขั้นตอน","BlogPosting Person itemPage ImageObject Organization","6001","24","7","119","1","1"
"https://www.thrivewellnessth.com/post/อยากมีลูกต้องรู้จัก-amh-hormone","200","","https://www.thrivewellnessth.com/post/%E0%B8%AD%E0%B8%A2%E0%B8%B2%E0%B8%81%E0%B8%A1%E0%B8%B5%E0%B8%A5%E0%B8%B9%E0%B8%81%E0%B8%95%E0%B9%89%E0%B8%AD%E0%B8%87%E0%B8%A3%E0%B8%B9%E0%B9%89%E0%B8%88%E0%B8%B1%E0%B8%81-amh-hormone","200","","256","1191","อยากมีลูก อยากตั้งครรภ์ต้องรู้จักAMH Hormone","44","อยากมีลูก อยากตั้งครรภ์ต้องรู้จักฮอร์โมน AMH Hormone คืออะไร และช่วยในการตั้งครรภ์ได้อย่างไร
การตรวจวัดระดับฮอร์โมน AMH “ปริมาณของไข่ และคุณภาพของไข่”และใครที่ควรตรวจ","166","","https://www.thrivewellnessth.com/post/อยากมีลูกต้องรู้จัก-amh-hormone","https://static.wixstatic.com/media/989780_e1894273a19c42b692d4df2185a5db6a~mv2.jpg/v1/fill/w_1000,h_1000,al_c,q_85,usm_0.66_1.00_0.01/989780_e1894273a19c42b692d4df2185a5db6a~mv2.jpg","","1","อยากมีลูก อยากตั้งครรภ์ต้องรู้จักฮอร์โมน AMH Hormone","BlogPosting Person itemPage ImageObject Organization","6549","23","2","113","1","1"
"https://www.thrivewellnessth.com/post/อย่าชะล่าใจ-ใครที่ควรตรวจเช็กฮอร์โมน","200","","https://www.thrivewellnessth.com/post/%E0%B8%AD%E0%B8%A2%E0%B9%88%E0%B8%B2%E0%B8%8A%E0%B8%B0%E0%B8%A5%E0%B9%88%E0%B8%B2%E0%B9%83%E0%B8%88-%E0%B9%83%E0%B8%84%E0%B8%A3%E0%B8%97%E0%B8%B5%E0%B9%88%E0%B8%84%E0%B8%A7%E0%B8%A3%E0%B8%95%E0%B8%A3%E0%B8%A7%E0%B8%88%E0%B9%80%E0%B8%8A%E0%B9%87%E0%B8%81%E0%B8%AE%E0%B8%AD%E0%B8%A3%E0%B9%8C%E0%B9%82%E0%B8%A1%E0%B8%99","200","","3142","1158","อย่าชะล่าใจ! ใครที่ควรตรวจเช็กฮอร์โมน","37","อย่าชะล่าใจ! ใครที่ควรตรวจเช็กฮอร์โมน เพราะฮอร์โมนมีส่วนช่วยในการเจริญเติบโต การนอนหลับ การตกไข่ ประจำเดือน อารมณ์ ผิวพรรณ หรือแม้แต่ช่วงวัยทอง เมื่อฮอร์โมนเปลี่ยนไปจะส่งผลโดยตรงกับสุขภาพ ระบบเผาผลาญ เกิดริ้วรอย ดูแก่กว่าวัย อารมณ์แปรปรวน ฯลฯ","242","","https://www.thrivewellnessth.com/post/อย่าชะล่าใจ-ใครที่ควรตรวจเช็กฮอร์โมน","https://static.wixstatic.com/media/0828cb_e6a55cf046864ef1a1af6cb92f50c3a1~mv2.jpg/v1/fill/w_1000,h_563,al_c,q_85,usm_0.66_1.00_0.01/0828cb_e6a55cf046864ef1a1af6cb92f50c3a1~mv2.jpg","","1","อย่าชะล่าใจ! ใครที่ควรตรวจเช็กฮอร์โมน","BlogPosting Person itemPage ImageObject Organization","5872","19","2","114","1","1"
"https://www.thrivewellnessth.com/post/ออกกําลังกาย","200","","https://www.thrivewellnessth.com/post/%E0%B8%AD%E0%B8%AD%E0%B8%81%E0%B8%81%E0%B9%8D%E0%B8%B2%E0%B8%A5%E0%B8%B1%E0%B8%87%E0%B8%81%E0%B8%B2%E0%B8%A2","200","","3041","1160","ออกกําลังกายเท่าไหร่น้ำหนักก็ไม่ลด!","35","การออกกำลังกายเป็นยาวิเศษที่ช่วยลดน้ำหนัก แต่ยาวิเศษสำหรับแต่ละคนไม่เท่ากัน แม้ว่าคุณจะออกกำลังกายหนักเท่าไหร่น้ำหนักก็ไม่ลดสักที มาทำความเข้าใจกันก่อนว่า ปัจจัยที่ส่งผลให้ออกกำลังกายแล้วลดน้ำหนักไม่ลงมีอะไรบ้าง","211","","https://www.thrivewellnessth.com/post/ออกกําลังกาย","https://static.wixstatic.com/media/0828cb_6f15baa411224049952b42e2d26a277f~mv2.jpg/v1/fill/w_1000,h_563,al_c,q_85,usm_0.66_1.00_0.01/0828cb_6f15baa411224049952b42e2d26a277f~mv2.jpg","","1","ออกกําลังกายเท่าไหร่น้ำหนักก็ไม่ลด!","BlogPosting Person itemPage ImageObject Organization","5364","20","2","114","1","1"
"https://www.thrivewellnessth.com/post/ออกกำลังกายแต่น้ำหนักไม่ลง","200","","https://www.thrivewellnessth.com/post/%E0%B8%AD%E0%B8%AD%E0%B8%81%E0%B8%81%E0%B8%B3%E0%B8%A5%E0%B8%B1%E0%B8%87%E0%B8%81%E0%B8%B2%E0%B8%A2%E0%B9%81%E0%B8%95%E0%B9%88%E0%B8%99%E0%B9%89%E0%B8%B3%E0%B8%AB%E0%B8%99%E0%B8%B1%E0%B8%81%E0%B9%84%E0%B8%A1%E0%B9%88%E0%B8%A5%E0%B8%87","200","","3630","1176","ออกกำลังแทบตาย ลดไม่ได้สักโล","28","ลดน้ำหนักไม่ลง สาเหตุอาจไม่ใช่แค่ออกกําลังกายผิดวิธี แต่เพราะระบบเผาผลาญเสื่อม ฮอร์โมนในร่างกายหลั่งผิดปกติ สารอาหารไม่ถูกสร้างเป็นพลังงาน ไขมันถูกสะสม จนน้ำหนักตัวเพิ่มขึ้น","173","","https://www.thrivewellnessth.com/post/ออกกำลังกายแต่น้ำหนักไม่ลง","https://static.wixstatic.com/media/d03445_4a81796470984192a5d9f0018a526b7f~mv2.jpg/v1/fill/w_1000,h_563,al_c,q_85,usm_0.66_1.00_0.01/d03445_4a81796470984192a5d9f0018a526b7f~mv2.jpg","","1","ออกกำลังแทบตาย ลดไม่ได้สักโล","BlogPosting Person itemPage ImageObject Organization","5028","22","2","121","1","1"
"https://www.thrivewellnessth.com/post/ออกซิเจนบำบัดในห้องความดัน-นวัตกรรมเพื่อสุขภาพและอายุยืน-hyperbaric-oxygen-therapy","200","","https://www.thrivewellnessth.com/post/%E0%B8%AD%E0%B8%AD%E0%B8%81%E0%B8%8B%E0%B8%B4%E0%B9%80%E0%B8%88%E0%B8%99%E0%B8%9A%E0%B8%B3%E0%B8%9A%E0%B8%B1%E0%B8%94%E0%B9%83%E0%B8%99%E0%B8%AB%E0%B9%89%E0%B8%AD%E0%B8%87%E0%B8%84%E0%B8%A7%E0%B8%B2%E0%B8%A1%E0%B8%94%E0%B8%B1%E0%B8%99-%E0%B8%99%E0%B8%A7%E0%B8%B1%E0%B8%95%E0%B8%81%E0%B8%A3%E0%B8%A3%E0%B8%A1%E0%B9%80%E0%B8%9E%E0%B8%B7%E0%B9%88%E0%B8%AD%E0%B8%AA%E0%B8%B8%E0%B8%82%E0%B8%A0%E0%B8%B2%E0%B8%9E%E0%B9%81%E0%B8%A5%E0%B8%B0%E0%B8%AD%E0%B8%B2%E0%B8%A2%E0%B8%B8%E0%B8%A2%E0%B8%B7%E0%B8%99-hyperbaric-oxygen-therapy","200","","373","1180","ออกซิเจนบำบัดในห้องความดัน: นวัตกรรมเพื่อสุขภาพและอายุยืน Hyperbaric Oxygen Therapy","83","","0","","https://www.thrivewellnessth.com/post/ออกซิเจนบำบัดในห้องความดัน-นวัตกรรมเพื่อสุขภาพและอายุยืน-hyperbaric-oxygen-therapy","https://static.wixstatic.com/media/989780_aeb49c5646244a2f837c8010f152d1f2~mv2.webp/v1/fill/w_1000,h_563,al_c,q_85,usm_0.66_1.00_0.01/989780_aeb49c5646244a2f837c8010f152d1f2~mv2.webp","","1","ออกซิเจนบำบัดในห้องความดัน: นวัตกรรมเพื่อสุขภาพและอายุยืน Hyperbaric Oxygen Therapy","BlogPosting Person itemPage ImageObject Organization","5613","22","6","116","1","1"
"https://www.thrivewellnessth.com/post/อันตรายจากอากาศความร้อนและการขาดน้ำ","200","","https://www.thrivewellnessth.com/post/%E0%B8%AD%E0%B8%B1%E0%B8%99%E0%B8%95%E0%B8%A3%E0%B8%B2%E0%B8%A2%E0%B8%88%E0%B8%B2%E0%B8%81%E0%B8%AD%E0%B8%B2%E0%B8%81%E0%B8%B2%E0%B8%A8%E0%B8%84%E0%B8%A7%E0%B8%B2%E0%B8%A1%E0%B8%A3%E0%B9%89%E0%B8%AD%E0%B8%99%E0%B9%81%E0%B8%A5%E0%B8%B0%E0%B8%81%E0%B8%B2%E0%B8%A3%E0%B8%82%E0%B8%B2%E0%B8%94%E0%B8%99%E0%B9%89%E0%B8%B3","200","","3436","1167","Heat Stroke อันตรายจากอากาศความร้อนและการขาดน้ำ","47","","0","","https://www.thrivewellnessth.com/post/อันตรายจากอากาศความร้อนและการขาดน้ำ","https://static.wixstatic.com/media/8a2520_456a63335c4f428b84c211a2dea251c1~mv2.png/v1/fill/w_1000,h_523,al_c,q_90,usm_0.66_1.00_0.01/8a2520_456a63335c4f428b84c211a2dea251c1~mv2.png","","1","Heat Stroke อันตรายจากอากาศความร้อนและการขาดน้ำ","BlogPosting Person itemPage ImageObject Organization","6188","20","4","114","1","1"
"https://www.thrivewellnessth.com/post/อาการชาปลายนิ้วว","200","","https://www.thrivewellnessth.com/post/%E0%B8%AD%E0%B8%B2%E0%B8%81%E0%B8%B2%E0%B8%A3%E0%B8%8A%E0%B8%B2%E0%B8%9B%E0%B8%A5%E0%B8%B2%E0%B8%A2%E0%B8%99%E0%B8%B4%E0%B9%89%E0%B8%A7%E0%B8%A7","200","","3365","1209","อย่าปล่อยเบลอ! ชาปลายนิ้วเล็กๆ แต่ทำเป็นโรคใหญ่ๆ ได้","52","ชาปลายนิ้วมือ รู้สึกเหมือนโดนไฟช็อต ยิ่งเวลาตื่นนอนมาอาการยิ่งเป็นหนัก จี๊ดๆ อาการแบบนี้เมื่อเป็นบ่อยๆ ไม่ได้รบกวนแค่การทำกิจกรรมในชีวิตประจำวัน แต่ยังนำไปสู่โรคทางระบบประสาทอีกมากมายที่กำลังเตือนคุณอยู่","203","","https://www.thrivewellnessth.com/post/อาการชาปลายนิ้วว","https://static.wixstatic.com/media/d03445_dd791041152e43dbacac6a6114400243~mv2.jpg/v1/fill/w_1000,h_563,al_c,q_85,usm_0.66_1.00_0.01/d03445_dd791041152e43dbacac6a6114400243~mv2.jpg","","1","อย่าปล่อยเบลอ! ชาปลายนิ้วเล็กๆ แต่ทำเป็นโรคใหญ่ๆ ได้","BlogPosting Person itemPage ImageObject Organization","8405","26","2","118","1","1"
"https://www.thrivewellnessth.com/post/อาการบ้านหมุน","200","","https://www.thrivewellnessth.com/post/%E0%B8%AD%E0%B8%B2%E0%B8%81%E0%B8%B2%E0%B8%A3%E0%B8%9A%E0%B9%89%E0%B8%B2%E0%B8%99%E0%B8%AB%E0%B8%A1%E0%B8%B8%E0%B8%99","200","","3697","1174","อาการบ้านหมุน เพราะหลอดเลือดคุณกำลังอุดตันอยู่หรือเปล่า?","56","อาการเวียนศีรษะบ้านหมุน (Vertigo) จะรู้สึกว่าตัวเองกำลังหมุน โคลงเคลงตลอดเวลาทั้งที่อยู่กับที่ หากเกิดอาการเหล่านี้อาจบ่งบอก ถึงสัญญาณหลอดเลือดอุดตันที่อาจนำไปสู่โรคหลอดเลือดสมองตีบ หรือหลอดเลือดในสมองแตก","204","","https://www.thrivewellnessth.com/post/อาการบ้านหมุน","https://static.wixstatic.com/media/d03445_2f0f9761c40f46d1b925d83f98c8a80c~mv2.jpg/v1/fill/w_1000,h_563,al_c,q_85,usm_0.66_1.00_0.01/d03445_2f0f9761c40f46d1b925d83f98c8a80c~mv2.jpg","","1","อาการบ้านหมุน เพราะหลอดเลือดคุณกำลังอุดตันอยู่หรือเปล่า?","BlogPosting Person itemPage ImageObject Organization","4983","22","2","117","1","1"
"https://www.thrivewellnessth.com/post/อาการปวดหัวแบบนี้คืออะไร-อันตรายไหม","200","","https://www.thrivewellnessth.com/post/%E0%B8%AD%E0%B8%B2%E0%B8%81%E0%B8%B2%E0%B8%A3%E0%B8%9B%E0%B8%A7%E0%B8%94%E0%B8%AB%E0%B8%B1%E0%B8%A7%E0%B9%81%E0%B8%9A%E0%B8%9A%E0%B8%99%E0%B8%B5%E0%B9%89%E0%B8%84%E0%B8%B7%E0%B8%AD%E0%B8%AD%E0%B8%B0%E0%B9%84%E0%B8%A3-%E0%B8%AD%E0%B8%B1%E0%B8%99%E0%B8%95%E0%B8%A3%E0%B8%B2%E0%B8%A2%E0%B9%84%E0%B8%AB%E0%B8%A1","200","","3246","1183","อาการปวดหัวแบบนี้คืออะไร อันตรายไหม?","36","Check List! อาการปวดหัวแบบนี้ บอกอะไร? ความเครียด  โรคไมเกรน โรคไซนัสอักเสบ โรคอักเสบของกระดูกกราม อาการผิดปกติทางสมอง","118","","https://www.thrivewellnessth.com/post/อาการปวดหัวแบบนี้คืออะไร-อันตรายไหม","https://static.wixstatic.com/media/8a2520_d7834aeeb83f458aa502035f37c50f0b~mv2.jpg/v1/fill/w_1000,h_563,al_c,q_85,usm_0.66_1.00_0.01/8a2520_d7834aeeb83f458aa502035f37c50f0b~mv2.jpg","","1","อาการปวดหัวแบบนี้คืออะไร อันตรายไหม?","BlogPosting Person itemPage ImageObject Organization","5727","22","3","119","2","1"
"https://www.thrivewellnessth.com/post/อาการลำไส้ผิดปกติเป็นอย่างไรด้วย-3-step","200","","https://www.thrivewellnessth.com/post/%E0%B8%AD%E0%B8%B2%E0%B8%81%E0%B8%B2%E0%B8%A3%E0%B8%A5%E0%B8%B3%E0%B9%84%E0%B8%AA%E0%B9%89%E0%B8%9C%E0%B8%B4%E0%B8%94%E0%B8%9B%E0%B8%81%E0%B8%95%E0%B8%B4%E0%B9%80%E0%B8%9B%E0%B9%87%E0%B8%99%E0%B8%AD%E0%B8%A2%E0%B9%88%E0%B8%B2%E0%B8%87%E0%B9%84%E0%B8%A3%E0%B8%94%E0%B9%89%E0%B8%A7%E0%B8%A2-3-step","200","","3501","1179","คลายสงสัย อาการลำไส้ผิดปกติเป็นอย่างไร? ด้วย 3 Step","51","Step 1 แบบทดสอบลำไส้ผิดปกติ สังเกตตัวเองก่อนสาย รับประทานอาหารไม่ตรงเวลา สาย บ่าย ดึก คือเวลาประจำ พฤติกรรมการกินเหล่านี้ที่เสี่ยงให้ลำไส้ทำงานผิดปกติ","150","","https://www.thrivewellnessth.com/post/อาการลำไส้ผิดปกติเป็นอย่างไรด้วย-3-step","https://static.wixstatic.com/media/d03445_b0b6e4eb2a54410b91efd7a8be8149af~mv2.jpg/v1/fill/w_1000,h_563,al_c,q_85,usm_0.66_1.00_0.01/d03445_b0b6e4eb2a54410b91efd7a8be8149af~mv2.jpg","","1","คลายสงสัย อาการลำไส้ผิดปกติเป็นอย่างไร? ด้วย 3 Step","BlogPosting Person itemPage ImageObject Organization","5544","19","2","114","1","1"
"https://www.thrivewellnessth.com/post/อาการฮอร์โมนไม่สมดุลผ่าน-3-step","200","","https://www.thrivewellnessth.com/post/%E0%B8%AD%E0%B8%B2%E0%B8%81%E0%B8%B2%E0%B8%A3%E0%B8%AE%E0%B8%AD%E0%B8%A3%E0%B9%8C%E0%B9%82%E0%B8%A1%E0%B8%99%E0%B9%84%E0%B8%A1%E0%B9%88%E0%B8%AA%E0%B8%A1%E0%B8%94%E0%B8%B8%E0%B8%A5%E0%B8%9C%E0%B9%88%E0%B8%B2%E0%B8%99-3-step","200","","3773","1176","อย่าให้ฮอร์โมนรวนเรื้อรัง เช็กอาการฮอร์โมนไม่สมดุลผ่าน 3 Step","61","ปัญหาสุขภาพใหญ่ที่หลายคนมองข้ามมักมาจากฮอร์โมนที่ไม่ปกติ เพราะเมื่อเราป่วยเพราะฮอร์โมนบกพร่อง เราไม่สามารถรับรู้ได้อย่างแน่ชัดขนาดนั้น เพราะอาการส่วนใหญ่มักปั่นป่วนด้านอารมณ์ ความรู้สึก และทับซ้อนในหลายโรค ทำอย่างไร หากอยากประเมินดูว่าอาการแบบไหนเสี่ยงฮอร์โมนผิดปกติ","266","","https://www.thrivewellnessth.com/post/อาการฮอร์โมนไม่สมดุลผ่าน-3-step","https://static.wixstatic.com/media/d03445_e0db8ea223ed43bbba1662f025b6688b~mv2.jpg/v1/fill/w_1000,h_563,al_c,q_85,usm_0.66_1.00_0.01/d03445_e0db8ea223ed43bbba1662f025b6688b~mv2.jpg","","1","อย่าปล่อยให้ฮอร์โมนรวนเรื้อรัง เช็กอาการฮอร์โมนไม่สมดุลผ่าน 3 Step","BlogPosting Person itemPage ImageObject Organization","4628","20","2","115","1","1"
"https://www.thrivewellnessth.com/post/อาหารช่วยปรับฮอร์โมนเพศหญิง","200","","https://www.thrivewellnessth.com/post/%E0%B8%AD%E0%B8%B2%E0%B8%AB%E0%B8%B2%E0%B8%A3%E0%B8%8A%E0%B9%88%E0%B8%A7%E0%B8%A2%E0%B8%9B%E0%B8%A3%E0%B8%B1%E0%B8%9A%E0%B8%AE%E0%B8%AD%E0%B8%A3%E0%B9%8C%E0%B9%82%E0%B8%A1%E0%B8%99%E0%B9%80%E0%B8%9E%E0%B8%A8%E0%B8%AB%E0%B8%8D%E0%B8%B4%E0%B8%87","200","","3261","1159","รู้หรือไม่ อาหารช่วยปรับฮอร์โมนเพศหญิงได้ โดยไม่ต้องพึ่งยา","58","หลายคร้ังความสัมพันธ์ต้องพังลง ฮอร์โมนเพศหญิงของคุณผู้หญิงพร่องไป ฮอร์โมนเพศหญิงช่วยควบคุมการทำงานของระบบต่างๆในร่างกาย ผิวพรรณ ประจำเดือนอารมณ์ทางเพศ ความสุข รวมถึงการตกไข่สำหรับคนที่ต้องการมีลูก ดังนั้นผู้หญิงอย่างเราควรหันมาใส่ใจดูแลความสมดุลของฮอร์โมนด้วยวิธีง่ายๆด้วยอาหารช่วยปรับฮอร์โมนเพศหญิง","299","","https://www.thrivewellnessth.com/post/อาหารช่วยปรับฮอร์โมนเพศหญิง","https://static.wixstatic.com/media/0828cb_33cccee98ab54b47af4bbeb9f4d9f61c~mv2.jpg/v1/fill/w_1000,h_563,al_c,q_85,usm_0.66_1.00_0.01/0828cb_33cccee98ab54b47af4bbeb9f4d9f61c~mv2.jpg","","1","รู้หรือไม่ อาหารช่วยปรับฮอร์โมนเพศหญิงได้ โดยไม่ต้องพึ่งยา","BlogPosting Person itemPage ImageObject Organization","5024","19","2","117","1","1"
"https://www.thrivewellnessth.com/post/อาหารที่มี-probiotic","200","","https://www.thrivewellnessth.com/post/%E0%B8%AD%E0%B8%B2%E0%B8%AB%E0%B8%B2%E0%B8%A3%E0%B8%97%E0%B8%B5%E0%B9%88%E0%B8%A1%E0%B8%B5-probiotic","200","","286","1166","รวม 7 อาหารที่มี Probiotic สูง ช่วยสร้างสมดุลให้จุลินทรีย์ในลำไส้","65","โพรไบโอติกส์ (Probiotic) คือ จุลินทรีย์ดี ที่มีคุณสมบัติพิเศษคอยบาลานซ์ความเป็นกรดเบส คอยปรับสมดุลภายในลำไส้ ไม่ให้มีเชื้อจุลินทรีย์ชนิดไม่ดี เช่น เชื้อรา เชื้อยีสต์ แบคทีเรียร้ายอยู่ภายในลำไส้มากเกินไป เพราะจะส่งผลให้เกิดโรคในร่างกายได้ อาจทำให้ท้องเสีย ลำไส้แปรปรวน หงุดหงิดง่าย ซึมเศร้า ภูมิแพ้ ป่วยง่าย","306","","https://www.thrivewellnessth.com/post/อาหารที่มี-probiotic","https://static.wixstatic.com/media/0828cb_d01c80fd06644bddbb985ba92420080d~mv2.jpg/v1/fill/w_1000,h_563,al_c,q_85,usm_0.66_1.00_0.01/0828cb_d01c80fd06644bddbb985ba92420080d~mv2.jpg","","1","รวม 7 อาหารที่มี Probiotic สูง ช่วยสร้างสมดุลให้จุลินทรีย์ในลำไส้","BlogPosting Person itemPage ImageObject Organization","6749","20","2","116","1","1"
"https://www.thrivewellnessth.com/post/อาหารเสริม","200","","https://www.thrivewellnessth.com/post/%E0%B8%AD%E0%B8%B2%E0%B8%AB%E0%B8%B2%E0%B8%A3%E0%B9%80%E0%B8%AA%E0%B8%A3%E0%B8%B4%E0%B8%A1","200","","222","1231","รวบรวมความจริงของอาหารเสริมที่ไม่แย่เสมอไป เลือกเสริมอย่างไรถึงปลอดภัย? ไม่เอฟเฟกต์!","84","ไธรฟ์ เวลเนส คลินิก จะพาคุณไปทำความเข้าใจถึงอาหารเสริม ว่าจำเป็นต่อร่างกายเรามากแค่ไหน และหากต้องการ Supplement เราควรเลือกอย่างไรให้เหมาะแก่ร่างกายของเราอย่างปลอดภัยกันค่ะ","172","","https://www.thrivewellnessth.com/post/อาหารเสริม","https://static.wixstatic.com/media/d03445_59feb8b9e4e245908168287fff616e74~mv2.jpg/v1/fill/w_1000,h_563,al_c,q_85,usm_0.66_1.00_0.01/d03445_59feb8b9e4e245908168287fff616e74~mv2.jpg","","1","รวบรวมความจริงของอาหารเสริมที่ไม่แย่เสมอไป เลือกเสริมอย่างไรถึงปลอดภัย? ไม่เอฟเฟกต์!","BlogPosting Person itemPage ImageObject Organization","14033","24","4","112","1","1"
"https://www.thrivewellnessth.com/post/แอปเปิ้ล-ผลไม้-ดีต่อสุขภาพ","200","","https://www.thrivewellnessth.com/post/%E0%B9%81%E0%B8%AD%E0%B8%9B%E0%B9%80%E0%B8%9B%E0%B8%B4%E0%B9%89%E0%B8%A5-%E0%B8%9C%E0%B8%A5%E0%B9%84%E0%B8%A1%E0%B9%89-%E0%B8%94%E0%B8%B5%E0%B8%95%E0%B9%88%E0%B8%AD%E0%B8%AA%E0%B8%B8%E0%B8%82%E0%B8%A0%E0%B8%B2%E0%B8%9E","200","","3347","1162","Healthy Food ตอนที่ 2 แอปเปิ้ลผลไม้ที่ดีต่อสุขภาพและผิว","55","","0","","https://www.thrivewellnessth.com/post/แอปเปิ้ล-ผลไม้-ดีต่อสุขภาพ","https://static.wixstatic.com/media/8a2520_21828c8f534249acae4d6591aa55bd57~mv2.png/v1/fill/w_1000,h_563,al_c,q_90,usm_0.66_1.00_0.01/8a2520_21828c8f534249acae4d6591aa55bd57~mv2.png","","1","Healthy Food ตอนที่ 2 แอปเปิ้ลผลไม้ทานง่ายดีต่อสุขภาพร่างกายและผิวพรรณ","BlogPosting Person itemPage ImageObject Organization","3760","20","4","114","1","1"
"https://www.thrivewellnessth.com/post/ฮอร์โมนคนท้อง","200","","https://www.thrivewellnessth.com/post/%E0%B8%AE%E0%B8%AD%E0%B8%A3%E0%B9%8C%E0%B9%82%E0%B8%A1%E0%B8%99%E0%B8%84%E0%B8%99%E0%B8%97%E0%B9%89%E0%B8%AD%E0%B8%87","200","","3563","1157","ฮอร์โมนที่สำคัญต่อคุณแม่ตั้งครรภ์ มีอะไรบ้าง?","45","ฮอร์โมนคนท้อง แท้จริงแล้วมีหลายชนิดซึ่งหลายๆ คนอาจจะรู้จักแค่ฮอร์โมนเอสโตรเจน (Estrogen) ฮอร์โมนโปรเจสเตอโรน (Progesterone) และฮอร์โมน hCG (Human Chorionic Gonadotropin)","169","","https://www.thrivewellnessth.com/post/ฮอร์โมนคนท้อง","https://static.wixstatic.com/media/0828cb_5c6f4023e7a74d30b11b34c481739590~mv2.jpg/v1/fill/w_1000,h_563,al_c,q_85,usm_0.66_1.00_0.01/0828cb_5c6f4023e7a74d30b11b34c481739590~mv2.jpg","","1","ฮอร์โมนที่สำคัญต่อคุณแม่ตั้งครรภ์ มีอะไรบ้าง?","BlogPosting Person itemPage ImageObject Organization","5379","20","2","115","1","1"
"https://www.thrivewellnessth.com/post/ฮอร์โมนเพศ-1","200","","https://www.thrivewellnessth.com/post/%E0%B8%AE%E0%B8%AD%E0%B8%A3%E0%B9%8C%E0%B9%82%E0%B8%A1%E0%B8%99%E0%B9%80%E0%B8%9E%E0%B8%A8-1","200","","3477","1207","ฮอร์โมนเพศสำคัญยังไง? หาคำตอบได้ด้วยการตรวจฮอร์โมน","50","ทำไมผู้ชายเล่นกล้ามง่ายกว่าผู้หญิง? แล้วทำไมผู้หญิงบางคนถึงมีหนวด? การเทคฮอร์โมนมีอันตรายไหม? หาคำตอบได้ว่าทำไมฮอร์โมนเพศถึงสำคัญ เช็คอาการเพื่อดูว่าฮอร์โมนเรายังสมดุลอยู่?","172","","https://www.thrivewellnessth.com/post/ฮอร์โมนเพศ-1","https://static.wixstatic.com/media/d03445_ad7fd308d7684a2d84335d4685e1dd80~mv2.jpg/v1/fill/w_1000,h_563,al_c,q_85,usm_0.66_1.00_0.01/d03445_ad7fd308d7684a2d84335d4685e1dd80~mv2.jpg","","1","ความเป็นเพศชาย เพศหญิง รายละเอียดยิบย่อยของฮอร์โมนเพศ ที่เราควรใส่ใจไม่แพ้การตรวจสุขภาพรายปี","BlogPosting Person itemPage ImageObject Organization","7761","25","5","131","1","1"
"https://www.thrivewellnessth.com/post/ฮอร์โมนวัยทองคืออะไร-เริ่มตอนอายุเท่าไหร่-ควรตรวจเช็คตอนไหน","200","","https://www.thrivewellnessth.com/post/%E0%B8%AE%E0%B8%AD%E0%B8%A3%E0%B9%8C%E0%B9%82%E0%B8%A1%E0%B8%99%E0%B8%A7%E0%B8%B1%E0%B8%A2%E0%B8%97%E0%B8%AD%E0%B8%87%E0%B8%84%E0%B8%B7%E0%B8%AD%E0%B8%AD%E0%B8%B0%E0%B9%84%E0%B8%A3-%E0%B9%80%E0%B8%A3%E0%B8%B4%E0%B9%88%E0%B8%A1%E0%B8%95%E0%B8%AD%E0%B8%99%E0%B8%AD%E0%B8%B2%E0%B8%A2%E0%B8%B8%E0%B9%80%E0%B8%97%E0%B9%88%E0%B8%B2%E0%B9%84%E0%B8%AB%E0%B8%A3%E0%B9%88-%E0%B8%84%E0%B8%A7%E0%B8%A3%E0%B8%95%E0%B8%A3%E0%B8%A7%E0%B8%88%E0%B9%80%E0%B8%8A%E0%B9%87%E0%B8%84%E0%B8%95%E0%B8%AD%E0%B8%99%E0%B9%84%E0%B8%AB%E0%B8%99","200","","3468","1175","Menopause","9","วัยทอง (Menopause) คือ ผู้หญิงที่เข้าสู่ช่วงหมดประจำเดือน เกิดจากรังไข่หยุดทำงานส่งผลให้ร่างกายหยุดผลิตฮอร์โมนเอสโตรเจน (Estrogen) ฮอร์โมนโปรเจสเตอโรน (Progesterone) จึงไม่มีการตกไข่ทำให้ประจำเดือนหยุดและหายไป","209","","https://www.thrivewellnessth.com/post/ฮอร์โมนวัยทองคืออะไร-เริ่มตอนอายุเท่าไหร่-ควรตรวจเช็คตอนไหน","https://static.wixstatic.com/media/0828cb_23ad613a8ab94a0b9a42afbd09517dae~mv2.jpg/v1/fill/w_1000,h_563,al_c,q_85,usm_0.66_1.00_0.01/0828cb_23ad613a8ab94a0b9a42afbd09517dae~mv2.jpg","","1","ฮอร์โมนวัยทองคืออะไร เริ่มตอนอายุเท่าไหร่ ควรตรวจเช็คตอนไหน","BlogPosting Person itemPage ImageObject Organization","5853","23","3","116","2","1"
"https://www.thrivewellnessth.com/post/ฺboostภูมิคุ้มกัน","200","","https://www.thrivewellnessth.com/post/%E0%B8%BAboost%E0%B8%A0%E0%B8%B9%E0%B8%A1%E0%B8%B4%E0%B8%84%E0%B8%B8%E0%B9%89%E0%B8%A1%E0%B8%81%E0%B8%B1%E0%B8%99","200","","3173","1194","5 วิตามินเสริมภูมิคุ้มกันได้ ไม่มีตกแน่นอน!","43","เพราะอากาศเปลี่ยนแปลงบ่อย ฝนตกหนักทู้กวัน พอไม่ตกก็แดดร้อนจนจะเป็นลม ยิ่งคนเป็นภูมิแพ้อาการยิ่งอ่อนไหว ต้อง Boost ภูมิคุ้มกัน(ตก) ให้ร่างกายพร้อมชาร์จสู้กับทุกอีเวนต์ที่ต้อง Hangout","181","","https://www.thrivewellnessth.com/post/ฺboostภูมิคุ้มกัน","https://static.wixstatic.com/media/d03445_1b834da222834f189c124d32f218cf30~mv2.jpg/v1/fill/w_1000,h_563,al_c,q_85,usm_0.66_1.00_0.01/d03445_1b834da222834f189c124d32f218cf30~mv2.jpg","","1","5 วิตามินเสริมภูมิคุ้มกันได้ ไม่มีตกแน่นอน!","BlogPosting Person itemPage ImageObject Organization","7445","22","4","116","1","1"
"https://www.thrivewellnessth.com/pricing-plans/list","200","","https://www.thrivewellnessth.com/pricing-plans/list","200","","3090","930","Plans & Pricing | Thrivewellness","32","","0","index","https://www.thrivewellnessth.com/pricing-plans/list","https://static.wixstatic.com/media/989780_d41e687d87de43d98f0b6c07e12bd364%7Emv2.jpg/v1/fit/w_2500,h_1330,al_c/989780_d41e687d87de43d98f0b6c07e12bd364%7Emv2.jpg","","1","เลือกแพ็กเกจราคาของคุณ","","153","0","0","0","0","0"
"https://www.thrivewellnessth.com/promotion","200","","https://www.thrivewellnessth.com/promotion","200","","3135","1003","Promotion | Thrivewellness","26","Health Check Up เริ่มต้นปีด้วยสุขภาพดี ไปกับ Thrive Wellness Clinic เรื่องหนึ่งที่ลืมไม่ได้ คือเรื่องสุขภาพ และเราเข้าใจว่าอยู่ Check list ลำดับต้นๆที่ทุกคนให้ความสำคัญในการเริ่มต้นปี โปรโมชั่นพิเศษสำหรับเดือนนี้ พิเศษสำหรับคนชอบ Unlimited","239","","https://www.thrivewellnessth.com/promotion","https://static.wixstatic.com/media/989780_038f0e11522944c38332d5b1dfdab7d3~mv2.jpg/v1/fill/w_1280,h_720,al_c/989780_038f0e11522944c38332d5b1dfdab7d3~mv2.jpg","","1","New Promotion","","3599","20","2","75","1","1"
"https://www.thrivewellnessth.com/rt-pcr","200","","https://www.thrivewellnessth.com/rt-pcr","200","","2737","1003","ตรวจโควิด RT-PCR ผลแม่นยำ 99.99% พร้อมใบ Fit-to-fly","51","ตรวจเชื้อโควิดผลออกภายใน 24 ชม. ด้วยวิธี RT-PCR ซึ่งแม่นยำที่สุดกว่า 99.99% พร้อมออกใบรับรองแพทย์ fit-to-fly สำหรับการเดินทาง","125","","https://www.thrivewellnessth.com/rt-pcr","https://static.wixstatic.com/media/989780_4ccf72354f4046498b81275315e210aa~mv2.jpg/v1/fill/w_1200,h_800,al_c/989780_4ccf72354f4046498b81275315e210aa~mv2.jpg","","1","RT-PCR","","4237","18","3","75","2","1"
"https://www.thrivewellnessth.com/service-page/botox-usa","200","","https://www.thrivewellnessth.com/service-page/botox-usa","200","","304","932","BOTOX USA | Thrivewellness","26","BOTOX USA 300IU","15","index","https://www.thrivewellnessth.com/service-page/botox-usa","https://static.wixstatic.com/media/989780_3ff20cce6cbc46f69ba5d32c58af1ac8~mv2.jpg/v1/fit/w_1048,h_891,al_c,q_85/989780_3ff20cce6cbc46f69ba5d32c58af1ac8~mv2.jpg","","1","BOTOX USA","ImageObject","251","0","0","2","0","0"
"https://www.thrivewellnessth.com/service-page/check-up-services","200","","https://www.thrivewellnessth.com/service-page/check-up-services","200","","317","932","CHECK UP SERVICES | Thrivewellness","34","","0","index","https://www.thrivewellnessth.com/service-page/check-up-services","https://static.wixstatic.com/media/989780_ca823094225048c5bdde4e40dd4ea366~mv2_d_2002_2002_s_2.jpg/v1/fit/w_2002,h_2002,al_c,q_90/989780_ca823094225048c5bdde4e40dd4ea366~mv2_d_2002_2002_s_2.jpg","","1","CHECK UP SERVICES","ImageObject","238","0","0","2","0","0"
"https://www.thrivewellnessth.com/service-page/prp-therapy","200","","https://www.thrivewellnessth.com/service-page/prp-therapy","200","","2706","934","PRP Therapy | Thrivewellness","28","การรักษาด้วย PRP ยังถูกใช้เพื่อให้ฟื้นตัวได้ไวขึ้นจากการผ่าตัด ช่วยในเรื่องของกระดูก และเส้นเอ็น และการผ่าตัดศัลยกรรมอื่นๆ PRP มักจะฉีดโดยตรงเข้าที่บริเวณที่ต้องการ เช่น บริเวณที่มีความยืดหยุ่นน้อย บริเวณที่มีแผล การฉีด PRP ไปทำให้เกิดการรวบรวมและการกระตุ้นให้ขบวนการซ่อมแซมเกิดขึ้นโดยไปหยุดยั้งการเกิดความเสื่อมถอยของเนื้อเยื่อเอ็น (Stop Angioblastic Degeneration Process) PRP ช่วยดึงสภาพของเอ็นให้กลับมามีคุณสมบัติเหมือนเดิม การฉีด PRP เพื่อซ่อมแซมกล้ามเนื้อที่ฉีกขาดก็เช่นเดียวกัน","483","index","https://www.thrivewellnessth.com/service-page/prp-therapy","https://static.wixstatic.com/media/989780_6d4238745d8645548cbaa8800c21651a~mv2.jpg/v1/fit/w_1080,h_1080,al_c,q_85/989780_6d4238745d8645548cbaa8800c21651a~mv2.jpg","","1","PRP Therapy","ImageObject","723","0","0","2","0","0"
"https://www.thrivewellnessth.com/service-page/จองน-ดหมายเข-าร-บบร-การ","200","","https://www.thrivewellnessth.com/service-page/%E0%B8%88%E0%B8%AD%E0%B8%87%E0%B8%99-%E0%B8%94%E0%B8%AB%E0%B8%A1%E0%B8%B2%E0%B8%A2%E0%B9%80%E0%B8%82-%E0%B8%B2%E0%B8%A3-%E0%B8%9A%E0%B8%9A%E0%B8%A3-%E0%B8%81%E0%B8%B2%E0%B8%A3","200","","2541","932","จองนัดหมายเข้ารับบริการ | Thrivewellness","40","","0","index","https://www.thrivewellnessth.com/service-page/จองน-ดหมายเข-าร-บบร-การ","https://static.wixstatic.com/media/989780_f95e7241779840c6875517d249a129b6~mv2.png/v1/fit/w_500,h_500,al_c/989780_f95e7241779840c6875517d249a129b6~mv2.png","","1","จองนัดหมายเข้ารับบริการ","ImageObject","226","0","0","2","0","0"
"https://www.thrivewellnessth.com/service-page/ปร-กษาออนไลน-tele-consulting","200","","https://www.thrivewellnessth.com/service-page/%E0%B8%9B%E0%B8%A3-%E0%B8%81%E0%B8%A9%E0%B8%B2%E0%B8%AD%E0%B8%AD%E0%B8%99%E0%B9%84%E0%B8%A5%E0%B8%99-tele-consulting","200","","1456","933","ปรึกษาออนไลน์ (Tele-consulting) | Thrivewellness","48","","0","index","https://www.thrivewellnessth.com/service-page/ปร-กษาออนไลน-tele-consulting","https://static.wixstatic.com/media/nsplsh_5644394873766733445651~mv2_d_5184_3456_s_4_2.jpg/v1/fit/w_5184,h_3456,al_c,q_90/nsplsh_5644394873766733445651~mv2_d_5184_3456_s_4_2.jpg","","1","ปรึกษาออนไลน์ (Tele-consulting)","ImageObject","354","0","0","3","0","0"
"https://www.thrivewellnessth.com/skin-vitamins","200","","https://www.thrivewellnessth.com/skin-vitamins","200","","251","1222","วิตามินผิว | Thrive Wellness | เดอะคริสตัล เอกมัย-รามอินทรา","59","ใครๆ ก็อยากมีผิวสวยใส ดูสุขภาพดี มีออร่ากันใช่มั้ยล่ะคะ ซึ่งการมีผิวสวยไม่ได้หมายความแค่ว่าผิวขาวเพียงเท่านั้น ผิวในแบบที่เป็นคุณไม่เกี่ยวว่าคุณจะมีสีผิวแบบไหนก็นับว่าเป็นผิวสวย สุขภาพดีได้ ไธรฟ์ เวลเนส คลินิก เลยอยากแนะนำการมีผิวสวยใสในแบบที่เป็นคุณง่ายๆ ด้วยวิตามินผิวกันค่ะ
วิตามินสำหรับผิว นอกจากการกินแล้วยังมีวิธีอื่นในการเติมวิตามินให้ผิว เป็นอย่างไรไปลองอ่านกัน","369","","https://www.thrivewellnessth.com/skin-vitamins","https://static.wixstatic.com/media/989780_79a453a6e0d5484990a77b9e160e7065~mv2.jpg/v1/fill/w_1040,h_1040,al_c/989780_79a453a6e0d5484990a77b9e160e7065~mv2.jpg","","1","วิตามินผิว","","5556","24","2","82","1","1"
"https://www.thrivewellnessth.com/special-test","200","","https://www.thrivewellnessth.com/special-test","200","","1277","1022","โปรแกรมตรวจสุขภาพเชิงลึกที่ Thrive Wellness Center","50","Holistic Health Check up การตรวจสุขภาพเชิงลึกซึ่งสามารถตรวจได้ถึงพันธุกรรม DNA ตรวจภูมิแพ้อาหารแฝง ตรวจสารโลหะหนักและสารพิษตกค้างในเลือด","136","","https://www.thrivewellnessth.com/special-test","https://static.wixstatic.com/media/77f5caab3f7d42d0ba0e174c88d9eac7.jpeg/v1/fill/w_5760,h_3840,al_c/77f5caab3f7d42d0ba0e174c88d9eac7.jpeg","","1","การตรวจสุขภาพเชิงลึก Thrive Special Test Program","","3972","26","2","83","1","1"
"https://www.thrivewellnessth.com/specialized-iv-drip/clear-brain","200","","https://www.thrivewellnessth.com/specialized-iv-drip/clear-brain","200","","2863","997","Clear Brain | ไธรฟ์คลินิกสุขภาพ | Thrive Wellness Center","56","ถ้าคุณเคยเจอแสงจ้า หรือจุดบอดสายตา หรือแม้แต่อาการปวดหัวไมเกรน ซึ่งทำให้ประสิทธิภาพการทำงานลดลง บางครั้งลุยงานหนักๆ อยู่ๆก็สมองล้า คิดอะไรก็หัวไม่แล่นมากเท่าเดิม พยายามนอนให้เยอะๆ ออกไปเที่ยวพักผ่อนก็แล้ว ยังรู้สึกเหมือนสมองกลับมาทำงานได้ไม่เต็มที่ สมองล้า ไม่สดชื่น หัวไม่ไวเหมือนเดิม สูตร Clear Brain ของ ไธรฟ์ อาจเป็นสิ่งที่คุณกำลังต้องการ 

สูตร Clear Brain มีส่วนผสมของ Magnesium ที่ทำให้กล้ามเนื้อผ่อนคลาย รวมไปถึงป้องกันอาการปวดหัวไมเกรนเฉียบพลัน แม็กนีเซียมยังเป็นสารแต่ธาตุสำคัญที่ร่างกายต้องการเพื่อให้ร่างกายทำงานได้อย่างเป็นปกติ โดยเฉพาะในระบบประสาท ระดับแม็กนีเซียมต่ำนั้นส่งผลโดยตรงต่ออาการปวดหัวและไมเกรน","619","","https://www.thrivewellnessth.com/specialized-iv-drip/clear-brain","https://static.wixstatic.com/media/989780_fee818ff92c6445ea50d1fc1e841601f~mv2.png/v1/fill/w_310,h_400,al_c/Clear%20Brain.png","","1","Clear Brain","ImageObject","3310","17","2","76","1","1"
"https://www.thrivewellnessth.com/specialized-iv-drip/energy-active-","200","","https://www.thrivewellnessth.com/specialized-iv-drip/energy-active-","200","","2755","998","Energy Active  | ไธรฟ์คลินิกสุขภาพ | Thrive Wellness Center","59","วิตามินดริปสูตร Energy Active ของไธรฟ์คลินิก จะช่วยให้คุณสัมผัสถึงพลังของร่างกายที่ฟื้นฟูได้อย่างเต็มที่ ด้วยซุปเปอร์วิตามินบีรวมของไธรฟ์ เพราะจริงๆแล้ว ร่างกายของคุณนั้นต้องการวิตามินบีในตระกูลวิตามินบีทั้งหมด เพื่อช่วยในกระบวนการทางเคมีและกระบวนการเผาผลาญ เรียกได้ว่า ทุกๆเซลล์ในตัวคุณ ทั้งหมดของร่างกายของคุณนั้นจะเกิดกระบวนการเผาผลาญตลอดเวลาเพื่อสร้างพลังงาน ลองนึกภาพว่าถ้าคุณไม่มีแรงแม้แต่จะขยับตัวหรือหายใจสิ! นอกจากนั้นวิตามินบีรวมก้ยังเป็นสิ่งจำเป็นสำหรับกระบวนการกำจัดของเสียหรือ detox รวมไปถึงช่วยให้สมองของคุณทำงานได้อย่างเต็มที่ 

ดังนั้นการเสริมวิตามินบีอย่างครบถ้วนจึงช่วยทำให้คุณรู้สึกสดชื่นจากภายในได้อย่างแท้จริง คุณจะรุ้สึกว่าร่างกายกะปรี้กะเปร่า หายเหนื่อยไวขึ้น และพร้อมลุยวันทำงานหนักๆได้ต่อไป","715","","https://www.thrivewellnessth.com/specialized-iv-drip/energy-active-","https://static.wixstatic.com/media/989780_b887350ff34341e2b570f377eff260df~mv2.png/v1/fill/w_310,h_400,al_c/Thrive%20Energy%20Active.png","","1","Energy Active","ImageObject","3590","17","2","76","1","1"
"https://www.thrivewellnessth.com/specialized-iv-drip/healthy-gut","200","","https://www.thrivewellnessth.com/specialized-iv-drip/healthy-gut","200","","2851","998","Healthy Gut | ไธรฟ์คลินิกสุขภาพ | Thrive Wellness Center","56","ผ่านได้มากเกินไป อาจทำให้ร่างกายได้รับสารอาหารโมเลกุลใหญ่ สารอาหารที่ยังย่อยไม่เสร็จ ซึ่งรวมถึงสารพิษต่างๆ หรือภาวะลำไส้รั่วนั่นเอง แอลกลูตามันจะช่วยให้ผนังลำไส้ปิด ป้องกันการที่ระบบภูมิต้านทานก่อสารภูมิแพ้และก่อการอักเสบ
นอกจากโปรตีนและกรดอะมิโนที่สำคัญแล้ว ยังมีสารต้านอนุมูลอิสระอีกมากมายซึ่งช่วยป้องกันการอักเสบภายในลำไส้ 

ลำไส้ของเรานั้นถือว่าเป็นศูนย์กลางของสุขภาพที่ดีในการแพทย์พื้นบ้านหลายๆประเทศ ทั้งการแพทย์อายุรเวทและการแพทย์แผนจีน และการศึกษาใหม่ๆบอกเราว่า ลำไส้นั้นมีบทบาทสำคัญในกระบวรการต่างๆมากมายในร่างกาย ทั้งย่อยและดูดซึมสารอาหารขนาดเล็ก รวมถึงดูดซึมสารอาหารที่สำคัญ เช่น กรดอะมิโน คาร์โบไฮเดรต ไขมัน แร่ธาตุและสารหารอื่นๆ กำจัดขยะจากกระบวนการต่างๆ เช่น โลหะหนักผ่านระบบภูมิคุ้มกันและน้ำดี ลำไส้ถือเป็นอวัยวะที่เกี่ยวกับภูมิคุ้มกันที่ใหญ่ที่สุด เป็นเกราะป้องกันแบคทีเรีย ไวรัส และเชื้อราต่างๆ รวมถึงสารพิษต่างๆที่ร่างกายได้รับมา เหมือนที่เราได้ยินกันบ่อยๆว่า ลำไส้ คือสมองที่สอง การทำให้ระบบลำไส้สุขภาพดี ส่งผลต่อสุขภาพร่างกายที่ดีในองค์รวม","959","","https://www.thrivewellnessth.com/specialized-iv-drip/healthy-gut","https://static.wixstatic.com/media/989780_07f5b0f424c845c7aa4553dd25b607fd~mv2.png/v1/fill/w_310,h_400,al_c/Thrive%20Healthy%20Gut.png","","1","Healthy Gut","ImageObject","3476","17","2","76","1","1"
"https://www.thrivewellnessth.com/specialized-iv-drip/immune-booster","200","","https://www.thrivewellnessth.com/specialized-iv-drip/immune-booster","200","","2784","998","Immune Booster | ไธรฟ์คลินิกสุขภาพ | Thrive Wellness Center","59","วิตามินดริปสูตรนี้ช่วยป้องกันไม่ให้ร่างกายติดเชื้ออย่างรุนแรง หากติดเชื้อไวรัสก็จะช่วยลดความรุนแรงของอาการลง รวมทั้งลดระยะเวลาการป่วยให้สั้นลง ทำให้ร่างกายคุณหายป่วยไวขึ้น ด้วยวิตามินและแร่ธาตุที่เข้มข้นและครอบคลุมกับความต้องการของระบบภูมิคุ้มกัน ช่วยให้ร่างกายคุณสร้างภูมิต้านทานธรรมชาติ อต้านการอักเสบและการติดเชื้ออย่างรวดเร็วและมีประสิทธภาพ 
จะได้ผลดีมากเมื่อคุณได้รับวิตามินดริปสูตร immune booster ในช่วงระยะแรกของการติดเชื้อหรือเป็นหวัด รวมทั้งเหมาะกับการ boost up ก่อนการเดินทางไกลหรือท่องเที่ยวระยะยาว","509","","https://www.thrivewellnessth.com/specialized-iv-drip/immune-booster","https://static.wixstatic.com/media/989780_e17a798c00294b29bf50b9236eb1e08a~mv2.png/v1/fill/w_310,h_400,al_c/Thrive%20Immune%20Booster.png","","1","Immune Booster","ImageObject","3681","17","2","76","1","1"
"https://www.thrivewellnessth.com/specialized-iv-drip/liver-detox","200","","https://www.thrivewellnessth.com/specialized-iv-drip/liver-detox","200","","2739","997","Liver Detox | ไธรฟ์คลินิกสุขภาพ | Thrive Wellness Center","56","ไม่ว่าคุณจะเจอกับมลภาวะ ฝุ่น PM 2.5 ภาวะสารอาหารไม่สมดุล  หรือช่วงที่ใช้ชีวิตแบบเร่งรีบ lifestyle แบบปาร์ตี้หนักหน่วง ลืมวันลืมคืน ร่างกายของคุณถูกทำร้ายด้วยการรับสารพิษจากมลภาวะและสิ่งแวดล้อมต่างๆที่คุณเผชิญอยู่ทุกๆวัน และการรับสารพิษเหล่านี้จะทำให้ภูมิคุ้มกันของร่างกายคุณถูกใช้จนอ่อนแอลงหรือไม่เพียงพอจะต่อสู้กับเชื้อโรคหรือสิ่งแปลกปลอมอื่นๆ ทำให้คุณอาจมีอาการป่วยง่ายขึ้นได้ Liver detox formula คือหนึ่งในสูตร signature ของไธรฟ์ที่เป็นที่ชื่นชอบ ด้วยสารตั้งต้นของกลูต้าไธโอน สารสำคัญที่ช่วยในกระบวนการขจัดของเสียที่ตับ และรู้จักกันดีในด้านของสารต้านอนุมูลอิสระที่สำคัญของร่างกาย รวมทั้งวิตามินซีเข้มข้นที่จะช่วยให้ร่างกายคุณสู้กับมลพิษและไลฟ์ไสตล์ชีวิตชิคๆแบบคนเมือง","670","","https://www.thrivewellnessth.com/specialized-iv-drip/liver-detox","https://static.wixstatic.com/media/989780_a62e5dfe70c34bcca5eec497bf7e748f~mv2.png/v1/fill/w_310,h_400,al_c/Thrive%20Liver%20Detox.png","","1","Liver Detox","ImageObject","3352","17","2","76","1","1"
"https://www.thrivewellnessth.com/specialized-iv-drip/luminous-skin","200","","https://www.thrivewellnessth.com/specialized-iv-drip/luminous-skin","200","","2644","997","Luminous Skin | ไธรฟ์คลินิกสุขภาพ | Thrive Wellness Center","58","สูตร Luminous Skin นี้คือสูตรลับที่ช่วยให้คุณเปล่งประกาย ด้วยสารตั้งต้นของกลูต้าไธโอนเข้มข้น ซึ่งรู้กันดีว่าเป็นเป็นสารมหัศจรรย์อย่างยิ่งที่ร่างกายคนเราสามารถผลิตขึ้นเองโดยธรรมชาติ มีคุณประโยชน์มากมาย เป็นสารต้านอนุมูลอิสระ ที่ถูกสร้างและใช้มากที่สุดในร่างกาย ดังนั้นจึงไม่เพียงช่วยให้ผิวของคุณขาวกระจ่างใส แต่ยังช่วยให้ทั้งผิว ผม เล็บ สุขภาพดีจากภายในอย่างเป็นธรรมชาติ ทั้งยังช่วยเร่งกระบวนการขับหรือกำจัดสารพิษของร่างกาย เลือก Thrive Signature Luminous Skin เป็นการดูแลตนเองเดือนละครั้ง เพื่อให้คุณเผยผิวสวยสุขภาพดีได้อย่างมั่นใจทุกเวลา","538","","https://www.thrivewellnessth.com/specialized-iv-drip/luminous-skin","https://static.wixstatic.com/media/989780_3259424dfddb48548081df21be575d01~mv2.png/v1/fill/w_310,h_400,al_c/Luminous%20Skin.png","","1","Luminous Skin","ImageObject","3166","17","2","76","1","1"
"https://www.thrivewellnessth.com/specialized-iv-drip/mega-dose","200","","https://www.thrivewellnessth.com/specialized-iv-drip/mega-dose","200","","2653","997","Mega Dose | ไธรฟ์คลินิกสุขภาพ | Thrive Wellness Center","54","เรามักลืมความสำคัญของวิตามินซี ซึ่งเป็นวิตามินเบสิกพื้นฐาน การได้รับวิตามินซีอย่างเพียงพอนั้นมีส่วนสำคัญอย่างมากต่อการฟื้นฟูสภาพร่างกายของเราให้กลับสู่สมดุล หลังการติดเชื้อหวัด เป็นไข้ และไวรัสทั้งหลาย ร่างกายเราใช้วิตามินซีจำนวนมหาศาลในการติดเชื้อ เพื่อกู้คืนและฟื้นตัวร่างกายอย่างรวดเร็ว ดังนั้นการให้วิตามินซีเข้มข้นในขนาดสูงจึงมีส่วนจำเป็นอย่างมากเมื่อร่างกายเราต้องต่อสู้กับเชื้อโรคเมื่อเราป่วย โดยสรุป วิตามินซีนั้นมีประโยชน์ต่อทุกๆเซลล์ ช่วยให้ระบบภูมิคุ้มกันทำงานได้ดี ต่อต้านเชื้อไวรัส และเป็นสารต้านอนุมูลอิสระสำคัญที่ช่วยให้ร่างกายทำงานได้ดี","552","","https://www.thrivewellnessth.com/specialized-iv-drip/mega-dose","https://static.wixstatic.com/media/989780_febe716970e34ba48a66f1bc8cf7354f~mv2.png/v1/fill/w_310,h_400,al_c/Thrive%20Mega%20Dose%20Vit%20C.png","","1","Mega Dose","ImageObject","3307","17","2","76","1","1"
"https://www.thrivewellnessth.com/specialized-iv-drip/weight-loss","200","","https://www.thrivewellnessth.com/specialized-iv-drip/weight-loss","200","","2746","998","Weight Loss | ไธรฟ์คลินิกสุขภาพ | Thrive Wellness Center","56","ถ้าคุณมีปัญหาลดน้ำหนักอย่างไรก็ไม่ลง ออกกำลังกายหนักๆแต่น้ำหนักก็เด้งกลับมา ไม่ว่าจะลองเปลี่ยนทานอาหารหลายๆแบบ เจอผลของโยโย่ หรือไม่ได้ผลลัพธ์อย่างที่คุณต้องการ Weight Loss Booster อาจเป็นสูตรที่คุณต้องการ! 

การเลือกทานอาหารสุขภาพดี ไม่ควรเป็นการจำกัดอาหารที่คุณชอบ หรือเป็นเมนูอาหารที่ทำได้ยากจนแทบจะเป็นไปไม่ได้ แต่การลดน้ำหนัก จำกัดอาหารควรทำให้คุณรู้สึกดี สุขภาพโดยรวมแข็งแรงขึ้น สมดุลขึ้น ทำให้คุณรู้สึกมีพลังและอารมณ์มั่นคง เพื่อที่คุณจะสามารถทำงานและบรรลุเป้าหมายได้อย่างรวดเร็วในสภาพร่างกายและจิตใจที่ตื่นตัว พร้อมเต็มที่ หรือสมดุลอย่างที่สุด

สูตร Weight Loss Booster ของไธรฟ์คือตัวช่วย ที่ช่วยคุณเพิ่มระดับการเผลผลาญไขมัน ด้วยกรดอะมิโนที่ช่วยพาเซลล์ไขมันเข้าสู่กระบวนการเผาผลาญ และยังช่วยเพิ่มประสิทธิภาพการทำงานของตับ ขจัดสารพิษและเซลล์ไขมันออกจากร่างกายของคุณ","772","","https://www.thrivewellnessth.com/specialized-iv-drip/weight-loss","https://static.wixstatic.com/media/989780_ee8dbf165e6a46d8be83bab8a04c14b5~mv2.png/v1/fill/w_310,h_400,al_c/Thrive%20Weight%20Loss.png","","1","Weight Loss","ImageObject","3474","17","2","76","1","1"
"https://www.thrivewellnessth.com/thrive-vitamin-pack","200","","https://www.thrivewellnessth.com/thrive-vitamin-pack","200","","231","1149","Daily Vitamin pack สูตรที่คุณหมอออกแบบมาเป็นพิเศษ!","50","วิตามินสูตรพิเศษที่ช่วยคุณดูแลให้ผิวพรรณสดใสอ่อนเยาว์ Gorgeous Skin Pack, ช่วยเสริมสร้างภูมิคุ้มกัน​ Immune Pack และสู้กับอาการภูมิแพ้ Allergy Fighter Pack","155","","https://www.thrivewellnessth.com/thrive-vitamin-pack","https://static.wixstatic.com/media/989780_ccdeb70c084542bfb97b478bc0da8343~mv2.jpeg/v1/fill/w_2500,h_2498,al_c/989780_ccdeb70c084542bfb97b478bc0da8343~mv2.jpeg","","1","Thrive Vitamin Pack","","11278","35","4","75","1","1"
"https://www.thrivewellnessth.com/urine-organic-test","200","","https://www.thrivewellnessth.com/urine-organic-test","200","","929","1088","ร่างกายรวนผิดปกติ ทั้งลำไส้ ผื่นคัน แพ้แปลกๆ อาจมาจากลำไส้แปรปรวน","65","เรื่องของลำไส้ที่ไม่ควรมองข้าม .. ถ้าคุณมีอาการผิดปกติแปลกๆ ระบบร่างกายรวนๆ คำตอบอาจเป็นการตรวจสมดุลลำไส้ที่แสดงถึงการเผาผลาญ การดีท็อกซ์สารพิษ สมดุลจุลินทรีย์ในลำไส้ และแม้แต่สารโลหะหนักตกค้างในร่างกายของคุณ","208","","https://www.thrivewellnessth.com/urine-organic-test","https://static.wixstatic.com/media/8a2520_e602f4d349784f2299e52f4e6c584a8a~mv2_d_4528_3016_s_4_2.jpg/v1/fill/w_2500,h_1665,al_c/8a2520_e602f4d349784f2299e52f4e6c584a8a~mv2_d_4528_3016_s_4_2.jpg","","1","การตรวจเพื่อปรับสมดุลลำไส้และการกำจัดสารพิษ Urine Organic Profile Test","","7147","25","8","85","1","1"
"https://www.thrivewellnessth.com/vitamin-d","200","","https://www.thrivewellnessth.com/vitamin-d","200","","199","1006","วิตามินดีนั้นสำคัญไฉน? ไม่ใช่แค่กระดูกพรุน แต่ส่งผลกับคุณทุกระบบ","64","ภูมิตก ป่วยง่าย ซึมเศร้า อารมณ์แปรปรวน ... คุณอาจวิตามินดี3 ตกโดยไม่รู้ตัว! รู้หรือไม่ว่าคนไทยส่วนใหญ่มีระดับวิตามินดีต่ำกว่าที่ควร และมันไม่ได้ส่งผลแค่เรื่องกระดูกเท่านั้น!","173","","https://www.thrivewellnessth.com/vitamin-d","https://static.wixstatic.com/media/989780_d41e687d87de43d98f0b6c07e12bd364%7Emv2.jpg/v1/fit/w_2500,h_1330,al_c/989780_d41e687d87de43d98f0b6c07e12bd364%7Emv2.jpg","","1","Vitamin D3 Level ตรวจระดับวิตามินดี","","4084","21","2","75","1","1"
"https://www.thrivewellnessth.com/vitamins-and-micronutrients","200","","https://www.thrivewellnessth.com/vitamins-and-micronutrients","200","","424","1056","อยากรู้ระดับวิตามินของตัวคุณเองไหม? กินผักผลไม้พอหรือไม่?","57","ทานผักผลไม้ทุกวัน.. วิตามินเพียงพอหรือไม่? เบื่อไหม ที่ต้องกินวิตามินเสริมเป็นกำๆ? .. ถ้าคุณมีคำถามเหล่านี้ การตรวจวิตามินและสารต้านอนุมูลอิสระอาจเหมาะกับคุณ เพราะร่างกายคุณแตกต่าง คุณจึงอาจต้องการวิตามินที่แตกต่างเช่นกัน","221","","https://www.thrivewellnessth.com/vitamins-and-micronutrients","https://static.wixstatic.com/media/8a2520_e602f4d349784f2299e52f4e6c584a8a~mv2_d_4528_3016_s_4_2.jpg/v1/fill/w_2500,h_1665,al_c/8a2520_e602f4d349784f2299e52f4e6c584a8a~mv2_d_4528_3016_s_4_2.jpg","","1","การตรวจระดับวิตามินและสารอาหาร Vitamins & Micronutrients Test","","5611","25","8","82","1","1"
"https://www.thrivewellnessth.com/young-balance-check-up","200","","https://www.thrivewellnessth.com/young-balance-check-up","200","","3096","987","THRIVE Young Balance | Thrive Wellness Center","45","โปรแกรมตรวจสุขภาพ Thrive Young Balance ที่คลินิกสุขภาพไธรฟ์คือโปรแกรมการตรวจที่ครอบคลุมการตรวจที่ลึกขึ้น มากกว่าการตรวจสุขภาพประจำปีตามโรงพยาบาล เช่น เพิ่มการตรวจฮอร์โมนความเครียด ซึ่งอาจเป็นต้นเหตุของอาการอักเสบและนำไปสู่ความเสื่อมและกาะเจ็บป่วย นอกจากนี้ยังรวมไปถึงการตรวจระดับวิตามินและเกลือแร่ที่สำคัญต่อร่างกายนอกเหนือไปจากรายการตรวจสุขภาพประจำปีขั้นพื้นฐาน","362","","https://www.thrivewellnessth.com/young-balance-check-up","https://static.wixstatic.com/media/989780_d41e687d87de43d98f0b6c07e12bd364%7Emv2.jpg/v1/fit/w_2500,h_1330,al_c/989780_d41e687d87de43d98f0b6c07e12bd364%7Emv2.jpg","","1","THRIVE Young Balance&trade;","","3359","18","3","75","1","1"